temperatura,umidade,velocidade_vento,precipitacao_mm,dias_sem_chuva,brilho,frp,confianca,ndvi,declividade,bioma,estado,estacao_seca,vento_forte,alto_risco
27.9,47.0,8.0,0.0,30,367.0,125.7,95.0,0.7,11.5,Mata Atlantica,TO,0,0,1
27.9,47.0,8.0,0.0,30,352.4,129.7,65.0,0.7,4.8,Mata Atlantica,TO,0,0,1
27.0,56.0,6.1,0.0,30,367.0,125.7,95.0,0.7,13.8,Mata Atlantica,TO,0,0,1
27.0,56.0,6.1,0.0,30,350.2,5.6,65.0,0.7,14.7,Mata Atlantica,TO,0,0,0
27.8,60.0,7.1,0.0,30,330.1,16.4,65.0,0.5,0.2,Cerrado,TO,0,0,0
27.8,60.0,7.1,0.0,30,349.4,23.3,65.0,0.5,3.5,Cerrado,TO,0,0,1
27.8,60.0,7.1,0.0,30,367.0,38.8,95.0,0.5,10.6,Cerrado,TO,0,0,1
27.8,60.0,7.1,0.0,30,367.0,30.1,95.0,0.5,8.4,Cerrado,TO,0,0,1
28.7,46.0,8.8,0.0,30,337.4,4.2,65.0,0.7,9.9,Mata Atlantica,TO,0,0,1
28.7,46.0,8.8,0.0,30,340.1,6.7,65.0,0.7,5.7,Mata Atlantica,TO,0,0,1
28.7,46.0,8.8,0.0,30,367.0,10.7,95.0,0.7,14.4,Mata Atlantica,TO,0,0,1
28.7,46.0,8.8,0.0,30,334.4,10.7,65.0,0.7,13.9,Mata Atlantica,TO,0,0,1
28.7,46.0,8.8,0.0,30,352.1,6.7,65.0,0.7,10.3,Mata Atlantica,TO,0,0,1
28.7,46.0,8.8,0.0,30,367.0,10.7,95.0,0.7,15.6,Mata Atlantica,TO,0,0,1
28.7,46.0,8.8,0.0,30,335.5,1.9,65.0,0.7,12.3,Mata Atlantica,TO,0,0,1
28.7,46.0,8.8,0.0,30,348.4,4.7,65.0,0.7,5.7,Mata Atlantica,TO,0,0,1
28.7,46.0,8.8,0.0,30,367.0,5.0,95.0,0.7,11.8,Mata Atlantica,TO,0,0,1
28.7,46.0,8.8,0.0,30,356.5,4.7,65.0,0.7,5.2,Mata Atlantica,TO,0,0,1
28.7,46.0,8.8,0.0,30,340.6,5.0,65.0,0.7,14.4,Mata Atlantica,TO,0,0,0
26.0,68.0,3.8,0.0,30,343.2,4.0,65.0,0.5,9.8,Cerrado,TO,0,0,0
26.0,68.0,3.8,0.0,30,341.9,5.2,65.0,0.5,9.1,Cerrado,TO,0,0,0
28.6,57.0,4.6,0.0,30,332.4,5.3,65.0,0.5,6.6,Cerrado,TO,0,0,1
28.6,57.0,4.6,0.0,30,336.3,3.3,65.0,0.5,16.1,Cerrado,TO,0,0,1
24.0,74.0,15.0,0.0,30,345.2,10.7,65.0,0.3,9.2,Caatinga,BA,0,0,1
27.6,61.0,10.2,0.0,30,356.0,19.0,65.0,0.5,7.9,Cerrado,TO,0,0,1
27.6,61.0,10.2,0.0,30,351.3,22.9,65.0,0.5,8.2,Cerrado,TO,0,0,1
28.7,37.0,14.0,0.0,30,333.4,6.8,65.0,0.3,12.7,Caatinga,BA,0,0,1
27.6,61.0,10.2,0.0,30,344.0,4.8,65.0,0.5,11.8,Cerrado,TO,0,0,1
27.6,61.0,10.2,0.0,30,345.3,6.2,65.0,0.5,12.1,Cerrado,TO,0,0,1
27.6,61.0,10.2,0.0,30,344.5,6.2,65.0,0.5,12.2,Cerrado,TO,0,0,1
27.6,61.0,10.2,0.0,30,343.7,16.6,65.0,0.5,20.7,Cerrado,TO,0,0,0
27.6,61.0,10.2,0.0,30,330.7,4.8,65.0,0.5,8.0,Cerrado,TO,0,0,1
27.6,61.0,10.2,0.0,30,335.5,6.7,65.0,0.5,7.4,Cerrado,TO,0,0,1
28.1,39.0,10.5,0.0,30,341.5,11.6,65.0,0.7,5.9,Mata Atlantica,TO,0,0,1
29.8,33.0,15.7,0.0,30,338.4,4.6,65.0,0.3,13.1,Caatinga,BA,0,0,1
29.4,46.0,11.9,0.0,30,334.9,5.4,65.0,0.5,15.6,Cerrado,TO,0,0,1
29.4,46.0,11.9,0.0,30,347.1,5.4,65.0,0.5,9.4,Cerrado,TO,0,0,1
29.4,46.0,11.9,0.0,30,334.8,7.2,65.0,0.5,5.8,Cerrado,TO,0,0,1
29.4,46.0,11.9,0.0,30,342.4,7.4,65.0,0.5,5.9,Cerrado,TO,0,0,1
28.9,48.0,11.4,0.0,30,334.9,4.9,65.0,0.5,13.3,Cerrado,TO,0,0,1
27.5,41.0,7.7,0.0,30,341.1,13.2,65.0,0.7,13.7,Mata Atlantica,TO,0,0,1
27.5,41.0,7.7,0.0,30,340.8,13.6,65.0,0.7,12.7,Mata Atlantica,TO,0,0,1
26.1,59.0,4.3,0.0,30,343.6,13.2,65.0,0.7,6.7,Mata Atlantica,TO,0,0,0
27.5,41.0,7.7,0.0,30,339.9,13.6,65.0,0.7,11.2,Mata Atlantica,TO,0,0,1
23.4,72.0,9.5,0.0,30,331.6,2.7,65.0,0.3,10.6,Caatinga,??,0,0,0
25.9,64.0,3.0,0.0,30,367.0,19.2,95.0,0.7,11.1,Mata Atlantica,TO,0,0,0
28.9,40.0,4.4,0.0,30,341.6,17.4,65.0,0.7,14.4,Mata Atlantica,TO,0,0,1
27.5,70.0,1.3,0.0,30,330.6,3.8,65.0,0.5,11.1,Cerrado,MT,0,0,0
22.0,68.0,14.8,0.0,30,332.2,7.6,65.0,0.3,13.4,Caatinga,BA,0,0,1
22.0,68.0,14.8,0.0,30,333.5,7.6,65.0,0.3,10.3,Caatinga,BA,0,0,1
24.5,69.0,12.0,0.0,30,336.5,2.3,65.0,0.3,11.4,Caatinga,??,0,0,1
24.5,69.0,12.0,0.0,30,330.8,2.3,65.0,0.3,13.2,Caatinga,??,0,0,1
28.1,41.0,9.4,0.0,30,330.3,0.3,65.0,0.7,2.7,Mata Atlantica,BA,0,0,1
27.4,65.0,11.0,0.0,30,345.5,8.4,65.0,0.5,8.4,Cerrado,TO,0,0,1
27.4,65.0,11.0,0.0,30,355.3,10.9,65.0,0.8,7.6,Amazonia,PA,0,0,1
27.0,41.0,11.9,0.0,30,344.4,38.3,65.0,0.3,6.8,Caatinga,BA,0,0,1
27.0,41.0,11.9,0.0,30,344.5,38.3,65.0,0.3,8.6,Caatinga,BA,0,0,1
30.5,40.0,11.0,0.0,30,332.7,9.7,65.0,0.8,17.5,Amazonia,PA,0,0,1
30.5,40.0,11.0,0.0,30,367.0,11.0,95.0,0.8,5.7,Amazonia,PA,0,0,1
30.5,40.0,11.0,0.0,30,335.1,11.0,65.0,0.8,14.8,Amazonia,PA,0,0,1
30.5,40.0,11.0,0.0,30,367.0,8.8,95.0,0.8,1.6,Amazonia,PA,0,0,1
24.1,70.0,13.1,0.0,30,331.4,1.6,65.0,0.3,8.3,Caatinga,??,0,0,0
24.9,66.0,13.9,0.0,30,338.2,4.8,65.0,0.3,10.8,Caatinga,??,0,0,1
24.5,67.0,14.1,0.0,30,341.3,4.1,65.0,0.3,12.9,Caatinga,??,0,0,0
24.5,67.0,14.1,0.0,30,341.3,2.3,65.0,0.3,13.6,Caatinga,BA,0,0,0
24.5,67.0,14.1,0.0,30,333.3,2.3,65.0,0.3,14.0,Caatinga,BA,0,0,1
30.5,37.0,9.4,0.0,30,331.0,1.7,65.0,0.8,8.3,Amazonia,PA,0,0,1
25.4,69.0,7.6,0.0,30,335.5,4.6,65.0,0.7,7.7,Mata Atlantica,??,0,0,0
25.4,69.0,7.6,0.0,30,340.0,7.6,65.0,0.8,14.3,Amazonia,PA,0,0,0
25.4,69.0,7.6,0.0,30,345.0,7.5,65.0,0.8,9.0,Amazonia,PA,0,0,1
25.4,69.0,7.6,0.0,30,331.7,2.2,65.0,0.8,3.6,Amazonia,PA,0,0,0
25.4,69.0,7.6,0.0,30,340.0,8.5,65.0,0.8,4.3,Amazonia,PA,0,0,1
25.4,69.0,7.6,0.0,30,348.9,8.5,65.0,0.8,5.4,Amazonia,PA,0,0,0
25.4,69.0,7.6,0.0,30,336.3,7.6,65.0,0.8,12.5,Amazonia,PA,0,0,0
25.4,69.0,7.6,0.0,30,344.4,20.4,65.0,0.8,10.7,Amazonia,PA,0,0,0
25.4,69.0,7.6,0.0,30,367.0,20.4,95.0,0.8,13.5,Amazonia,PA,0,0,0
25.4,69.0,7.6,0.0,30,367.0,16.8,95.0,0.8,7.9,Amazonia,PA,0,0,1
25.4,69.0,7.6,0.0,30,336.8,3.4,65.0,0.8,10.8,Amazonia,PA,0,0,0
25.4,69.0,7.6,0.0,30,352.0,9.9,65.0,0.3,13.1,Caatinga,BA,0,0,1
25.4,69.0,7.6,0.0,30,342.1,4.0,65.0,0.3,8.5,Caatinga,BA,0,0,1
25.4,69.0,7.6,0.0,30,349.7,6.3,65.0,0.3,12.3,Caatinga,??,0,0,1
25.4,69.0,7.6,0.0,30,342.0,3.7,65.0,0.3,6.7,Caatinga,BA,0,0,0
25.4,69.0,7.6,0.0,30,341.0,9.0,65.0,0.3,8.2,Caatinga,BA,0,0,1
25.4,69.0,7.6,0.0,30,333.3,2.2,65.0,0.3,8.1,Caatinga,BA,0,0,0
25.4,69.0,7.6,0.0,30,335.7,6.7,65.0,0.8,4.0,Amazonia,PA,0,0,1
25.4,69.0,7.6,0.0,30,367.0,15.3,95.0,0.8,12.4,Amazonia,PA,0,0,0
25.4,69.0,7.6,0.0,30,328.4,6.0,65.0,0.8,7.7,Amazonia,PA,0,0,0
25.4,69.0,7.6,0.0,30,330.2,2.1,65.0,0.3,10.1,Caatinga,BA,0,0,1
25.4,69.0,7.6,0.0,30,367.0,6.8,95.0,0.8,12.4,Amazonia,PA,0,0,0
25.4,69.0,7.6,0.0,30,356.3,6.8,65.0,0.8,12.2,Amazonia,PA,0,0,1
25.4,69.0,7.6,0.0,30,332.2,7.2,65.0,0.8,13.3,Amazonia,PA,0,0,0
25.4,69.0,7.6,0.0,30,340.2,7.2,65.0,0.8,9.5,Amazonia,PA,0,0,0
25.4,69.0,7.6,0.0,30,344.4,9.2,65.0,0.3,7.9,Caatinga,BA,0,0,0
25.4,69.0,7.6,0.0,30,333.4,2.6,65.0,0.3,9.6,Caatinga,BA,0,0,0
25.4,69.0,7.6,0.0,30,336.8,2.6,65.0,0.8,1.6,Amazonia,PA,0,0,0
25.4,69.0,7.6,0.0,30,337.4,4.0,65.0,0.3,2.8,Caatinga,??,0,0,0
25.4,69.0,7.6,0.0,30,348.4,2.4,65.0,0.8,3.4,Amazonia,PA,0,0,0
25.4,69.0,7.6,0.0,30,331.7,2.4,65.0,0.8,5.0,Amazonia,PA,0,0,1
25.4,69.0,7.6,0.0,30,330.7,4.5,65.0,0.8,12.0,Amazonia,PA,0,0,0
25.4,69.0,7.6,0.0,30,339.1,3.8,65.0,0.8,5.5,Amazonia,PA,0,0,0
25.4,69.0,7.6,0.0,30,331.8,3.8,65.0,0.8,8.1,Amazonia,PA,0,0,1
25.4,69.0,7.6,0.0,30,335.1,3.6,65.0,0.8,16.5,Amazonia,PA,0,0,0
25.4,69.0,7.6,0.0,30,340.7,14.0,65.0,0.8,8.2,Amazonia,PA,0,0,0
25.4,69.0,7.6,0.0,30,356.3,22.3,65.0,0.8,13.7,Amazonia,PA,0,0,1
25.4,69.0,7.6,0.0,30,367.0,14.0,95.0,0.8,5.3,Amazonia,PA,0,0,0
25.4,69.0,7.6,0.0,30,339.4,14.0,65.0,0.8,9.0,Amazonia,PA,0,0,0
25.4,69.0,7.6,0.0,30,353.1,15.4,65.0,0.8,5.2,Amazonia,PA,0,0,1
25.4,69.0,7.6,0.0,30,340.4,6.7,65.0,0.8,8.3,Amazonia,PA,0,0,0
25.4,69.0,7.6,0.0,30,348.8,16.8,65.0,0.8,14.2,Amazonia,PA,0,0,0
25.4,69.0,7.6,0.0,30,343.9,16.8,65.0,0.8,1.4,Amazonia,PA,0,0,0
25.4,69.0,7.6,0.0,30,330.2,5.2,65.0,0.8,12.2,Amazonia,PA,0,0,1
25.4,69.0,7.6,0.0,30,353.2,27.3,65.0,0.8,11.2,Amazonia,PA,0,0,0
25.4,69.0,7.6,0.0,30,341.9,25.3,65.0,0.8,7.0,Amazonia,PA,0,0,0
25.4,69.0,7.6,0.0,30,341.2,16.8,65.0,0.8,2.8,Amazonia,PA,0,0,0
25.4,69.0,7.6,0.0,30,351.8,14.7,65.0,0.8,10.4,Amazonia,PA,0,0,1
25.4,69.0,7.6,0.0,30,341.3,14.7,65.0,0.8,7.4,Amazonia,PA,0,0,1
25.4,69.0,7.6,0.0,30,355.3,14.7,65.0,0.8,11.2,Amazonia,PA,0,0,0
25.4,69.0,7.6,0.0,30,340.5,3.3,65.0,0.3,10.1,Caatinga,??,0,0,1
25.4,69.0,7.6,0.0,30,338.5,3.1,65.0,0.3,18.0,Caatinga,??,0,0,1
25.4,69.0,7.6,0.0,30,342.5,3.3,65.0,0.3,8.8,Caatinga,??,0,0,0
25.4,69.0,7.6,0.0,30,335.8,2.2,65.0,0.3,4.9,Caatinga,CE,0,0,0
25.4,69.0,7.6,0.0,30,334.1,2.4,65.0,0.3,10.9,Caatinga,CE,0,0,0
25.4,69.0,7.6,0.0,30,346.9,8.7,65.0,0.7,11.1,Mata Atlantica,??,0,0,0
25.4,69.0,7.6,0.0,30,332.8,2.4,65.0,0.3,16.8,Caatinga,CE,0,0,0
25.4,69.0,7.6,0.0,30,331.2,4.5,65.0,0.7,14.2,Mata Atlantica,MA,0,0,0
25.4,69.0,7.6,0.0,30,349.8,5.8,65.0,0.3,11.8,Caatinga,MA,0,0,0
25.4,69.0,7.6,0.0,30,333.4,5.8,65.0,0.3,17.3,Caatinga,MA,0,0,0
25.4,69.0,7.6,0.0,30,339.3,5.0,65.0,0.5,4.1,Cerrado,??,0,0,0
25.4,69.0,7.6,0.0,30,330.9,3.1,65.0,0.6,6.8,Pantanal,??,0,0,1
25.4,69.0,7.6,0.0,30,342.7,6.0,65.0,0.6,5.4,Pantanal,??,0,0,0
25.4,69.0,7.6,0.0,30,336.6,6.0,65.0,0.6,8.1,Pantanal,??,0,0,0
25.4,69.0,7.6,0.0,30,330.2,2.7,65.0,0.6,3.1,Pantanal,MS,0,0,0
25.4,69.0,7.6,0.0,30,335.9,6.0,65.0,0.5,13.2,Cerrado,MS,0,0,1
25.4,69.0,7.6,0.0,30,342.0,5.7,65.0,0.5,8.9,Cerrado,MS,0,0,0
25.4,69.0,7.6,0.0,30,338.1,5.7,65.0,0.5,2.6,Cerrado,MS,0,0,1
25.4,69.0,7.6,0.0,30,328.0,0.4,65.0,0.6,4.9,Pantanal,MS,0,0,1
25.4,69.0,7.6,0.0,30,329.5,3.5,65.0,0.6,11.6,Pantanal,??,0,0,0
25.4,69.0,7.6,0.0,30,353.4,11.3,65.0,0.5,14.2,Cerrado,MS,0,0,1
25.4,69.0,7.6,0.0,30,332.4,3.5,65.0,0.7,20.0,Mata Atlantica,MG,0,0,0
25.4,69.0,7.6,0.0,30,329.0,2.9,65.0,0.7,24.6,Mata Atlantica,MG,0,0,1
25.4,69.0,7.6,0.0,30,342.0,6.4,65.0,0.6,12.1,Pantanal,MS,0,0,0
25.4,69.0,7.6,0.0,30,332.4,2.7,65.0,0.5,5.1,Cerrado,MS,0,0,0
25.4,69.0,7.6,0.0,30,332.1,1.4,65.0,0.5,0.0,Cerrado,MS,0,0,1
25.4,69.0,7.6,0.0,30,332.9,1.0,65.0,0.5,11.3,Cerrado,MS,0,0,1
25.4,69.0,7.6,0.0,30,340.4,11.0,65.0,0.5,5.9,Cerrado,MS,0,0,0
25.4,69.0,7.6,0.0,30,343.1,23.4,65.0,0.5,7.9,Cerrado,MS,0,0,1
25.4,69.0,7.6,0.0,30,345.1,11.0,65.0,0.5,6.9,Cerrado,MS,0,0,0
25.4,69.0,7.6,0.0,30,341.1,5.5,65.0,0.5,9.3,Cerrado,??,0,0,0
25.4,69.0,7.6,0.0,30,340.1,5.5,65.0,0.5,15.3,Cerrado,??,0,0,0
25.4,69.0,7.6,0.0,30,331.0,3.5,65.0,0.5,10.8,Cerrado,??,0,0,0
25.4,69.0,7.6,0.0,30,338.0,5.7,65.0,0.5,9.2,Cerrado,??,0,0,0
25.4,69.0,7.6,0.0,30,340.2,29.1,65.0,0.5,4.8,Cerrado,??,0,0,1
25.4,69.0,7.6,0.0,30,333.7,29.1,65.0,0.5,1.6,Cerrado,??,0,0,1
25.4,69.0,7.6,0.0,30,356.7,39.4,65.0,0.5,7.6,Cerrado,??,0,0,0
25.4,69.0,7.6,0.0,30,339.0,4.7,65.0,0.5,9.7,Cerrado,??,0,0,0
25.4,69.0,7.6,0.0,30,334.8,4.8,65.0,0.5,18.8,Cerrado,??,0,0,0
25.4,69.0,7.6,0.0,30,331.7,5.3,65.0,0.6,10.7,Pantanal,MS,0,0,0
25.4,69.0,7.6,0.0,30,341.5,8.0,65.0,0.6,14.9,Pantanal,MS,0,0,1
25.4,69.0,7.6,0.0,30,337.0,8.0,65.0,0.6,7.5,Pantanal,MS,0,0,0
25.4,69.0,7.6,0.0,30,335.1,3.6,65.0,0.5,4.1,Cerrado,MS,0,0,1
25.4,69.0,7.6,0.0,30,330.7,2.1,65.0,0.5,5.2,Cerrado,MS,0,0,0
25.4,69.0,7.6,0.0,30,335.4,2.7,65.0,0.5,6.4,Cerrado,MS,0,0,0
25.4,69.0,7.6,0.0,30,335.2,3.9,65.0,0.5,20.6,Cerrado,??,0,0,0
25.4,69.0,7.6,0.0,30,327.7,2.3,65.0,0.5,5.9,Cerrado,MS,0,0,1
25.4,69.0,7.6,0.0,30,328.5,3.0,65.0,0.5,14.2,Cerrado,??,0,0,0
25.4,69.0,7.6,0.0,30,328.7,0.3,65.0,0.5,5.5,Cerrado,MS,0,0,0
25.4,69.0,7.6,0.0,30,344.1,4.4,65.0,0.5,14.7,Cerrado,MT,0,0,1
25.4,69.0,7.6,0.0,30,333.7,3.2,65.0,0.5,11.9,Desconhecido,??,0,0,1
25.4,69.0,7.6,0.0,30,346.3,9.4,65.0,0.5,9.2,Cerrado,MT,0,0,1
25.4,69.0,7.6,0.0,30,332.7,3.2,65.0,0.5,9.8,Desconhecido,MT,0,0,1
25.4,69.0,7.6,0.0,30,339.5,4.5,65.0,0.5,6.7,Desconhecido,??,0,0,1
25.4,69.0,7.6,0.0,30,355.9,15.0,65.0,0.5,12.2,Cerrado,MT,0,0,0
25.4,69.0,7.6,0.0,30,367.0,16.1,95.0,0.5,7.7,Cerrado,MT,0,0,1
25.4,69.0,7.6,0.0,30,336.2,5.8,65.0,0.5,3.9,Cerrado,MT,0,0,0
25.4,69.0,7.6,0.0,30,333.1,4.5,65.0,0.5,3.6,Cerrado,MT,0,0,0
25.4,69.0,7.6,0.0,30,355.6,15.9,65.0,0.5,10.9,Cerrado,MT,0,0,0
25.4,69.0,7.6,0.0,30,342.6,5.1,65.0,0.5,17.9,Cerrado,MT,0,0,0
25.4,69.0,7.6,0.0,30,336.0,5.7,65.0,0.5,10.8,Cerrado,MT,0,0,0
25.4,69.0,7.6,0.0,30,353.6,15.9,65.0,0.5,9.4,Cerrado,MT,0,0,0
25.4,69.0,7.6,0.0,30,343.0,20.3,65.0,0.5,11.4,Cerrado,MT,0,0,1
25.4,69.0,7.6,0.0,30,333.4,4.7,65.0,0.7,16.5,Mata Atlantica,GO,0,0,0
25.4,69.0,7.6,0.0,30,333.2,3.6,65.0,0.5,11.1,Cerrado,MT,0,0,0
25.4,69.0,7.6,0.0,30,354.7,15.9,65.0,0.5,7.9,Cerrado,MT,0,0,0
25.4,69.0,7.6,0.0,30,338.3,3.6,65.0,0.5,15.5,Cerrado,MT,0,0,0
25.4,69.0,7.6,0.0,30,355.4,15.9,65.0,0.5,12.1,Cerrado,MT,0,0,1
25.4,69.0,7.6,0.0,30,334.3,6.0,65.0,0.5,17.7,Cerrado,MT,0,0,1
25.4,69.0,7.6,0.0,30,346.6,20.3,65.0,0.5,10.9,Cerrado,MT,0,0,1
25.4,69.0,7.6,0.0,30,331.4,3.6,65.0,0.5,3.9,Cerrado,MT,0,0,0
25.4,69.0,7.6,0.0,30,332.3,4.6,65.0,0.5,3.2,Cerrado,MT,0,0,1
25.4,69.0,7.6,0.0,30,350.0,12.8,65.0,0.5,18.3,Cerrado,MT,0,0,0
25.4,69.0,7.6,0.0,30,349.4,3.6,65.0,0.5,18.6,Cerrado,MT,0,0,0
25.4,69.0,7.6,0.0,30,342.9,6.0,65.0,0.5,9.1,Cerrado,MT,0,0,1
25.4,69.0,7.6,0.0,30,355.1,12.8,65.0,0.5,8.1,Cerrado,MT,0,0,1
25.4,69.0,7.6,0.0,30,328.6,2.9,65.0,0.5,17.3,Desconhecido,MT,0,0,1
25.4,69.0,7.6,0.0,30,333.0,12.8,65.0,0.5,4.5,Cerrado,MT,0,0,0
25.4,69.0,7.6,0.0,30,348.4,8.8,65.0,0.5,5.5,Cerrado,MT,0,0,1
25.4,69.0,7.6,0.0,30,354.0,12.8,65.0,0.5,13.2,Cerrado,MT,0,0,0
25.4,69.0,7.6,0.0,30,351.4,44.3,65.0,0.5,8.0,Cerrado,MT,0,0,1
25.4,69.0,7.6,0.0,30,328.6,4.3,65.0,0.5,10.0,Cerrado,MT,0,0,0
25.4,69.0,7.6,0.0,30,337.0,2.7,65.0,0.5,9.2,Cerrado,MT,0,0,0
25.4,69.0,7.6,0.0,30,331.6,4.8,65.0,0.5,11.7,Desconhecido,??,0,0,0
25.4,69.0,7.6,0.0,30,367.0,52.5,95.0,0.5,17.0,Cerrado,MT,0,0,1
25.4,69.0,7.6,0.0,30,334.7,2.4,65.0,0.5,10.5,Desconhecido,??,0,0,0
25.4,69.0,7.6,0.0,30,333.9,3.0,65.0,0.5,13.2,Desconhecido,??,0,0,0
24.0,41.0,15.4,0.0,30,332.9,0.6,65.0,0.5,0.0,Cerrado,MT,0,0,1
24.3,70.0,7.7,0.0,30,326.6,1.7,65.0,0.5,9.8,Desconhecido,MT,0,0,0
24.3,70.0,7.7,0.0,30,326.5,4.1,65.0,0.5,5.8,Desconhecido,MT,0,0,0
24.5,65.0,10.1,0.0,30,331.4,2.4,65.0,0.5,3.9,Cerrado,MT,0,0,0
24.5,65.0,10.1,0.0,30,353.6,7.9,65.0,0.5,5.6,Cerrado,MT,0,0,0
24.5,65.0,10.1,0.0,30,353.6,7.9,65.0,0.5,8.3,Cerrado,MT,0,0,1
24.5,65.0,10.1,0.0,30,331.4,3.3,65.0,0.5,14.6,Cerrado,MT,0,0,1
24.5,65.0,10.1,0.0,30,336.6,4.0,65.0,0.5,3.4,Cerrado,MT,0,0,0
24.5,65.0,10.1,0.0,30,338.1,7.3,65.0,0.5,10.2,Cerrado,MT,0,0,0
24.5,65.0,10.1,0.0,30,327.8,2.3,65.0,0.5,7.6,Cerrado,MT,0,0,0
24.5,65.0,10.1,0.0,30,336.1,4.0,65.0,0.5,8.4,Cerrado,MT,0,0,1
24.5,65.0,10.1,0.0,30,335.9,2.6,65.0,0.5,15.0,Cerrado,MT,0,0,1
24.5,65.0,10.1,0.0,30,334.3,2.6,65.0,0.5,12.7,Cerrado,MT,0,0,1
24.5,65.0,10.1,0.0,30,335.6,4.7,65.0,0.5,16.7,Cerrado,MT,0,0,0
24.2,70.0,7.7,0.0,30,341.1,4.0,65.0,0.5,9.2,Cerrado,MT,0,0,0
24.2,70.0,7.7,0.0,30,332.6,5.7,65.0,0.5,6.5,Cerrado,MT,0,0,0
24.0,70.0,8.0,0.0,30,331.0,3.3,65.0,0.5,8.9,Cerrado,MT,0,0,1
24.0,70.0,8.0,0.0,30,337.6,3.3,65.0,0.5,11.2,Cerrado,MT,0,0,0
24.2,70.0,7.7,0.0,30,333.0,3.0,65.0,0.5,10.9,Cerrado,MT,0,0,0
24.2,70.0,7.7,0.0,30,342.3,3.0,65.0,0.5,4.6,Cerrado,MT,0,0,1
24.2,70.0,7.7,0.0,30,328.6,2.6,65.0,0.5,10.5,Cerrado,MT,0,0,0
24.0,70.0,8.0,0.0,30,335.9,4.1,65.0,0.5,11.1,Cerrado,MT,0,0,1
24.2,70.0,7.7,0.0,30,332.1,4.1,65.0,0.5,22.6,Cerrado,MT,0,0,1
24.2,70.0,7.7,0.0,30,328.5,2.0,65.0,0.5,19.4,Cerrado,MT,0,0,0
24.0,70.0,8.0,0.0,30,333.8,2.2,65.0,0.5,5.7,Cerrado,MT,0,0,0
24.2,70.0,7.7,0.0,30,333.4,3.4,65.0,0.5,8.6,Cerrado,MT,0,0,0
24.2,70.0,7.7,0.0,30,331.8,2.7,65.0,0.5,2.7,Cerrado,MT,0,0,0
24.0,70.0,8.0,0.0,30,327.4,2.4,65.0,0.5,7.0,Cerrado,MT,0,0,0
25.9,33.0,10.4,0.0,30,336.6,3.2,65.0,0.5,11.6,Cerrado,MT,0,0,1
25.9,33.0,10.4,0.0,30,343.3,5.2,65.0,0.5,16.0,Cerrado,MT,0,0,1
24.0,70.0,8.0,0.0,30,325.9,2.3,65.0,0.5,6.4,Cerrado,MT,0,0,1
24.0,70.0,8.0,0.0,30,341.3,5.3,65.0,0.5,6.7,Cerrado,MT,0,0,0
24.0,70.0,8.0,0.0,30,335.9,5.3,65.0,0.5,0.0,Cerrado,MT,0,0,0
24.0,70.0,8.0,0.0,30,336.2,4.4,65.0,0.5,9.2,Cerrado,MT,0,0,1
24.0,70.0,8.0,0.0,30,342.9,5.3,65.0,0.5,4.7,Cerrado,MT,0,0,0
24.0,70.0,8.0,0.0,30,349.5,5.3,65.0,0.5,7.4,Cerrado,MT,0,0,1
24.0,70.0,8.0,0.0,30,335.1,4.4,65.0,0.5,5.6,Cerrado,MT,0,0,0
24.4,70.0,7.2,0.0,30,334.7,4.2,65.0,0.5,9.5,Cerrado,MT,0,0,0
24.4,70.0,7.2,0.0,30,348.1,7.8,65.0,0.5,1.2,Cerrado,MT,0,0,0
24.4,70.0,7.2,0.0,30,332.7,3.6,65.0,0.5,2.7,Cerrado,MT,0,0,0
24.4,70.0,7.2,0.0,30,355.9,9.1,65.0,0.5,20.6,Cerrado,MT,0,0,1
24.5,68.0,7.2,0.0,30,342.2,4.9,65.0,0.5,3.6,Cerrado,MT,0,0,1
24.5,68.0,7.2,0.0,30,332.5,9.0,65.0,0.5,4.5,Cerrado,MT,0,0,0
24.4,70.0,7.2,0.0,30,330.7,2.7,65.0,0.5,19.2,Cerrado,MT,0,0,0
24.4,70.0,7.2,0.0,30,334.9,3.0,65.0,0.5,24.5,Cerrado,MT,0,0,0
24.4,70.0,7.2,0.0,30,330.1,3.0,65.0,0.5,4.1,Cerrado,MT,0,0,0
25.0,66.0,6.7,0.0,30,330.7,2.9,65.0,0.5,8.2,Cerrado,MT,0,0,0
25.0,66.0,6.7,0.0,30,331.9,2.2,65.0,0.5,11.7,Cerrado,MT,0,0,0
25.0,66.0,6.7,0.0,30,339.3,4.1,65.0,0.5,18.6,Cerrado,MT,0,0,1
25.4,69.0,7.6,0.0,30,334.1,8.5,65.0,0.7,5.1,Mata Atlantica,MA,0,0,0
25.4,69.0,7.6,0.0,30,341.9,19.8,65.0,0.3,8.8,Caatinga,MA,0,0,1
25.4,69.0,7.6,0.0,30,340.7,2.9,65.0,0.3,13.9,Caatinga,MA,0,0,0
25.4,69.0,7.6,0.0,30,333.9,4.0,65.0,0.3,12.2,Caatinga,CE,0,0,0
25.4,69.0,7.6,0.0,30,340.4,33.7,65.0,0.7,8.1,Mata Atlantica,MA,0,0,0
25.4,69.0,7.6,0.0,30,347.3,33.7,65.0,0.7,9.3,Mata Atlantica,MA,0,0,0
25.4,69.0,7.6,0.0,30,330.9,1.7,65.0,0.3,3.1,Caatinga,CE,0,0,0
25.4,69.0,7.6,0.0,30,328.8,4.4,65.0,0.7,8.8,Mata Atlantica,TO,0,0,0
25.4,69.0,7.6,0.0,30,328.3,5.1,65.0,0.7,8.7,Mata Atlantica,MA,0,0,0
25.4,69.0,7.6,0.0,30,327.2,12.0,65.0,0.7,11.2,Mata Atlantica,MA,0,0,1
25.4,69.0,7.6,0.0,30,339.5,12.0,65.0,0.7,7.2,Mata Atlantica,MA,0,0,0
25.4,69.0,7.6,0.0,30,353.7,43.8,65.0,0.7,12.4,Mata Atlantica,MA,0,0,1
25.4,69.0,7.6,0.0,30,349.7,6.0,65.0,0.7,15.1,Mata Atlantica,MA,0,0,0
25.4,69.0,7.6,0.0,30,351.1,11.9,65.0,0.7,10.8,Mata Atlantica,MA,0,0,0
25.4,69.0,7.6,0.0,30,333.2,5.8,65.0,0.7,11.8,Mata Atlantica,??,0,0,0
25.4,69.0,7.6,0.0,30,338.4,6.5,65.0,0.7,10.3,Mata Atlantica,??,0,0,1
25.4,69.0,7.6,0.0,30,337.7,5.3,65.0,0.8,10.0,Amazonia,PA,0,0,0
25.4,69.0,7.6,0.0,30,329.4,4.3,65.0,0.7,6.4,Mata Atlantica,TO,0,0,0
25.4,69.0,7.6,0.0,30,346.7,7.0,65.0,0.7,11.6,Mata Atlantica,TO,0,0,1
25.4,69.0,7.6,0.0,30,356.1,10.0,65.0,0.7,9.5,Mata Atlantica,TO,0,0,0
25.4,69.0,7.6,0.0,30,335.7,5.7,65.0,0.7,20.5,Mata Atlantica,TO,0,0,0
25.4,69.0,7.6,0.0,30,332.7,2.4,65.0,0.3,17.9,Caatinga,CE,0,0,1
25.4,69.0,7.6,0.0,30,335.6,3.7,65.0,0.3,11.9,Caatinga,PI,0,0,0
25.4,69.0,7.6,0.0,30,341.7,5.8,65.0,0.3,6.2,Caatinga,CE,0,0,0
25.4,69.0,7.6,0.0,30,334.1,5.7,65.0,0.3,4.4,Caatinga,MA,0,0,0
25.4,69.0,7.6,0.0,30,331.6,2.3,65.0,0.5,16.0,Desconhecido,MA,0,0,0
25.4,69.0,7.6,0.0,30,354.1,16.4,65.0,0.5,11.3,Desconhecido,??,0,0,0
25.4,69.0,7.6,0.0,30,332.1,16.4,65.0,0.5,12.4,Desconhecido,??,0,0,0
25.4,69.0,7.6,0.0,30,336.6,6.4,65.0,0.5,1.3,Desconhecido,??,0,0,0
25.4,69.0,7.6,0.0,30,333.1,4.3,65.0,0.5,14.6,Desconhecido,??,0,0,0
25.4,69.0,7.6,0.0,30,328.7,4.2,65.0,0.5,12.3,Desconhecido,??,0,0,1
25.4,69.0,7.6,0.0,30,332.9,4.4,65.0,0.45,4.4,Pampa,RS,0,0,0
25.4,69.0,7.6,0.0,30,329.1,2.0,65.0,0.5,7.6,Desconhecido,??,0,0,0
25.4,69.0,7.6,0.0,30,329.5,4.3,65.0,0.5,11.3,Desconhecido,??,0,0,0
25.4,69.0,7.6,0.0,30,336.6,2.5,65.0,0.5,10.3,Desconhecido,??,0,0,0
25.4,69.0,7.6,0.0,30,333.8,3.8,65.0,0.5,8.5,Desconhecido,??,0,0,0
25.4,69.0,7.6,0.0,30,340.4,7.2,65.0,0.5,9.5,Desconhecido,??,0,0,0
25.4,69.0,7.6,0.0,30,344.9,10.0,65.0,0.5,8.7,Desconhecido,??,0,0,0
25.4,69.0,7.6,0.0,30,340.7,5.4,65.0,0.5,10.8,Desconhecido,??,0,0,0
25.4,69.0,7.6,0.0,30,337.8,6.9,65.0,0.5,17.4,Desconhecido,??,0,0,1
25.4,69.0,7.6,0.0,30,339.5,5.5,65.0,0.5,0.0,Desconhecido,??,0,0,0
25.4,69.0,7.6,0.0,30,331.9,22.6,65.0,0.5,8.8,Desconhecido,??,0,0,0
25.4,69.0,7.6,0.0,30,336.4,22.6,65.0,0.5,10.9,Desconhecido,??,0,0,0
25.4,69.0,7.6,0.0,30,345.5,8.7,65.0,0.5,11.5,Desconhecido,??,0,0,1
25.4,69.0,7.6,0.0,30,329.9,2.4,65.0,0.5,8.1,Desconhecido,??,0,0,0
25.4,69.0,7.6,0.0,30,325.1,2.0,65.0,0.5,1.2,Desconhecido,??,0,0,0
25.4,69.0,7.6,0.0,30,327.5,2.5,65.0,0.5,11.6,Desconhecido,??,0,0,1
25.4,69.0,7.6,0.0,30,329.0,2.5,65.0,0.5,18.6,Desconhecido,??,0,0,0
25.4,69.0,7.6,0.0,30,336.9,4.4,65.0,0.45,2.3,Pampa,RS,0,0,0
25.4,69.0,7.6,0.0,30,343.8,10.8,65.0,0.45,14.3,Pampa,RS,0,0,0
25.4,69.0,7.6,0.0,30,333.7,2.5,65.0,0.5,8.4,Desconhecido,??,0,0,1
25.4,69.0,7.6,0.0,30,339.0,4.2,65.0,0.45,9.7,Pampa,RS,0,0,0
25.4,69.0,7.6,0.0,30,332.8,4.7,65.0,0.45,4.7,Pampa,RS,0,0,0
25.4,69.0,7.6,0.0,30,344.1,9.0,65.0,0.45,8.3,Pampa,RS,0,0,0
25.4,69.0,7.6,0.0,30,336.1,4.1,65.0,0.45,16.5,Pampa,RS,0,0,0
25.4,69.0,7.6,0.0,30,328.3,3.1,65.0,0.45,12.9,Pampa,RS,0,0,0
25.4,69.0,7.6,0.0,30,339.7,5.1,65.0,0.45,18.7,Pampa,RS,0,0,0
25.4,69.0,7.6,0.0,30,342.2,9.9,65.0,0.45,15.9,Pampa,RS,0,0,0
25.4,69.0,7.6,0.0,30,329.0,3.3,65.0,0.5,12.2,Desconhecido,??,0,0,1
25.4,69.0,7.6,0.0,30,330.8,2.9,65.0,0.5,18.7,Desconhecido,??,0,0,0
25.4,69.0,7.6,0.0,30,347.0,7.2,65.0,0.5,12.2,Desconhecido,??,0,0,0
25.4,69.0,7.6,0.0,30,346.3,5.8,65.0,0.5,14.1,Desconhecido,??,0,0,0
25.4,69.0,7.6,0.0,30,347.5,10.4,65.0,0.5,8.5,Desconhecido,??,0,0,0
25.4,69.0,7.6,0.0,30,350.3,5.8,65.0,0.5,10.3,Desconhecido,??,0,0,0
25.4,69.0,7.6,0.0,30,331.3,4.7,65.0,0.5,6.5,Desconhecido,??,0,0,1
25.4,69.0,7.6,0.0,30,334.0,6.2,65.0,0.5,14.9,Desconhecido,??,0,0,0
25.4,69.0,7.6,0.0,30,330.3,2.2,65.0,0.5,4.1,Desconhecido,??,0,0,1
25.4,69.0,7.6,0.0,30,328.1,1.4,65.0,0.5,13.9,Desconhecido,??,0,0,0
25.4,69.0,7.6,0.0,30,330.6,2.5,65.0,0.45,9.0,Pampa,RS,0,0,1
25.4,69.0,7.6,0.0,30,333.4,2.5,65.0,0.45,15.9,Pampa,RS,0,0,0
25.4,69.0,7.6,0.0,30,326.0,2.4,65.0,0.45,13.8,Pampa,RS,0,0,0
25.4,69.0,7.6,0.0,30,328.3,2.0,65.0,0.45,19.1,Pampa,RS,0,0,0
25.4,69.0,7.6,0.0,30,336.6,4.6,65.0,0.45,13.7,Pampa,RS,0,0,0
25.4,69.0,7.6,0.0,30,325.0,1.9,65.0,0.45,2.1,Pampa,RS,0,0,1
25.4,69.0,7.6,0.0,30,336.4,4.3,65.0,0.45,9.7,Pampa,RS,0,0,0
25.4,69.0,7.6,0.0,30,347.3,5.1,65.0,0.5,4.1,Desconhecido,??,0,0,1
25.4,69.0,7.6,0.0,30,330.7,5.1,65.0,0.5,7.4,Desconhecido,??,0,0,1
25.4,69.0,7.6,0.0,30,333.9,2.8,65.0,0.5,17.6,Desconhecido,??,0,0,0
25.4,69.0,7.6,0.0,30,336.1,10.9,65.0,0.5,13.2,Desconhecido,??,0,0,0
25.4,69.0,7.6,0.0,30,333.3,5.8,65.0,0.45,6.5,Pampa,RS,0,0,1
25.4,69.0,7.6,0.0,30,336.0,10.3,65.0,0.45,4.9,Pampa,RS,0,0,0
25.4,69.0,7.6,0.0,30,336.1,2.7,65.0,0.45,10.2,Pampa,RS,0,0,0
25.4,69.0,7.6,0.0,30,331.2,3.9,65.0,0.45,3.9,Pampa,RS,0,0,1
25.4,69.0,7.6,0.0,30,340.0,3.8,65.0,0.45,6.6,Pampa,RS,0,0,0
25.4,69.0,7.6,0.0,30,339.8,14.3,65.0,0.45,11.6,Pampa,RS,0,0,0
25.4,69.0,7.6,0.0,30,328.9,4.1,65.0,0.5,15.8,Desconhecido,??,0,0,0
25.4,69.0,7.6,0.0,30,325.2,2.4,65.0,0.5,13.0,Desconhecido,??,0,0,0
25.4,69.0,7.6,0.0,30,339.8,6.2,65.0,0.45,0.0,Pampa,RS,0,0,0
25.4,69.0,7.6,0.0,30,330.0,4.3,65.0,0.45,11.5,Pampa,RS,0,0,0
25.4,69.0,7.6,0.0,30,330.7,2.2,65.0,0.5,10.4,Desconhecido,??,0,0,1
25.4,69.0,7.6,0.0,30,348.8,9.4,65.0,0.5,12.1,Desconhecido,??,0,0,1
25.4,69.0,7.6,0.0,30,329.1,3.2,65.0,0.5,18.1,Desconhecido,??,0,0,0
25.4,69.0,7.6,0.0,30,337.8,5.9,65.0,0.5,0.0,Desconhecido,??,0,0,0
25.4,69.0,7.6,0.0,30,346.2,9.0,65.0,0.5,7.0,Desconhecido,??,0,0,0
25.4,69.0,7.6,0.0,30,351.5,9.0,65.0,0.5,13.0,Desconhecido,??,0,0,0
25.4,69.0,7.6,0.0,30,350.7,9.4,65.0,0.5,2.1,Desconhecido,??,0,0,1
25.4,69.0,7.6,0.0,30,344.3,4.4,65.0,0.5,17.4,Desconhecido,??,0,0,1
25.4,69.0,7.6,0.0,30,355.2,9.4,65.0,0.5,11.8,Desconhecido,??,0,0,1
25.4,69.0,7.6,0.0,30,351.3,4.4,65.0,0.5,14.2,Desconhecido,??,0,0,0
25.4,69.0,7.6,0.0,30,344.7,3.2,65.0,0.5,7.1,Desconhecido,??,0,0,0
25.4,69.0,7.6,0.0,30,351.4,5.8,65.0,0.5,14.1,Desconhecido,??,0,0,0
25.4,69.0,7.6,0.0,30,335.8,3.2,65.0,0.5,15.3,Desconhecido,??,0,0,0
25.4,69.0,7.6,0.0,30,338.8,5.8,65.0,0.5,11.2,Desconhecido,??,0,0,0
25.4,69.0,7.6,0.0,30,352.7,9.0,65.0,0.5,11.2,Desconhecido,??,0,0,0
25.4,69.0,7.6,0.0,30,350.9,9.0,65.0,0.5,11.4,Desconhecido,??,0,0,1
25.4,69.0,7.6,0.0,30,332.7,4.4,65.0,0.5,5.7,Desconhecido,??,0,0,0
25.4,69.0,7.6,0.0,30,338.5,4.4,65.0,0.5,9.3,Desconhecido,??,0,0,0
25.4,69.0,7.6,0.0,30,349.7,4.4,65.0,0.5,9.2,Desconhecido,??,0,0,0
25.4,69.0,7.6,0.0,30,341.2,4.4,65.0,0.5,11.9,Desconhecido,??,0,0,0
25.4,69.0,7.6,0.0,30,336.6,3.6,65.0,0.5,15.0,Desconhecido,??,0,0,0
25.4,69.0,7.6,0.0,30,334.7,4.0,65.0,0.5,4.7,Desconhecido,??,0,0,0
25.4,69.0,7.6,0.0,30,329.3,1.9,65.0,0.5,9.4,Desconhecido,??,0,0,0
25.4,69.0,7.6,0.0,30,331.8,2.9,65.0,0.5,17.4,Desconhecido,??,0,0,0
25.4,69.0,7.6,0.0,30,338.8,5.7,65.0,0.5,6.3,Desconhecido,??,0,0,1
25.4,69.0,7.6,0.0,30,332.2,8.6,65.0,0.45,5.9,Pampa,RS,0,0,0
25.4,69.0,7.6,0.0,30,339.1,5.8,65.0,0.45,11.0,Pampa,RS,0,0,1
25.4,69.0,7.6,0.0,30,335.5,5.1,65.0,0.45,14.2,Pampa,RS,0,0,0
25.4,69.0,7.6,0.0,30,344.7,5.0,65.0,0.45,10.1,Pampa,RS,0,0,0
25.4,69.0,7.6,0.0,30,344.0,6.0,65.0,0.45,16.6,Pampa,RS,0,0,0
25.4,69.0,7.6,0.0,30,341.1,5.3,65.0,0.45,14.3,Pampa,RS,0,0,0
25.4,69.0,7.6,0.0,30,329.0,3.6,65.0,0.45,14.2,Pampa,RS,0,0,0
25.4,69.0,7.6,0.0,30,338.5,5.9,65.0,0.45,12.8,Pampa,RS,0,0,0
25.4,69.0,7.6,0.0,30,330.0,4.1,65.0,0.45,21.6,Pampa,RS,0,0,0
25.4,69.0,7.6,0.0,30,325.6,4.2,65.0,0.45,9.0,Pampa,RS,0,0,0
25.4,69.0,7.6,0.0,30,334.7,3.8,65.0,0.45,0.0,Pampa,RS,0,0,0
25.4,69.0,7.6,0.0,30,327.1,3.0,65.0,0.45,18.0,Pampa,RS,0,0,0
25.4,69.0,7.6,0.0,30,332.3,3.5,65.0,0.45,7.7,Pampa,RS,0,0,1
25.4,69.0,7.6,0.0,30,326.4,8.4,65.0,0.5,10.5,Desconhecido,??,0,0,0
25.4,69.0,7.6,0.0,30,340.1,20.1,65.0,0.5,16.5,Desconhecido,??,0,0,1
25.4,69.0,7.6,0.0,30,345.3,21.5,65.0,0.5,2.0,Desconhecido,??,0,0,0
25.4,69.0,7.6,0.0,30,331.7,9.8,65.0,0.5,3.7,Desconhecido,??,0,0,0
25.4,69.0,7.6,0.0,30,329.7,6.2,65.0,0.5,2.0,Desconhecido,??,0,0,0
25.4,69.0,7.6,0.0,30,328.0,4.0,65.0,0.45,6.0,Pampa,RS,0,0,0
25.4,69.0,7.6,0.0,30,327.7,3.2,65.0,0.45,12.2,Pampa,RS,0,0,0
25.4,69.0,7.6,0.0,30,349.5,4.0,65.0,0.45,12.6,Pampa,RS,0,0,0
25.4,69.0,7.6,0.0,30,331.3,3.6,65.0,0.45,11.4,Pampa,RS,0,0,0
25.4,69.0,7.6,0.0,30,354.2,10.9,65.0,0.45,2.9,Pampa,RS,0,0,0
25.4,69.0,7.6,0.0,30,343.9,10.4,65.0,0.45,0.0,Pampa,RS,0,0,0
25.4,69.0,7.6,0.0,30,326.0,2.1,65.0,0.45,10.3,Pampa,RS,0,0,0
25.4,69.0,7.6,0.0,30,344.5,10.9,65.0,0.45,7.6,Pampa,RS,0,0,1
25.4,69.0,7.6,0.0,30,346.7,9.7,65.0,0.45,12.3,Pampa,RS,0,0,0
25.4,69.0,7.6,0.0,30,339.2,9.7,65.0,0.45,13.5,Pampa,RS,0,0,0
25.4,69.0,7.6,0.0,30,352.5,13.8,65.0,0.45,10.7,Pampa,RS,0,0,1
25.4,69.0,7.6,0.0,30,356.1,13.8,65.0,0.45,13.8,Pampa,RS,0,0,0
25.4,69.0,7.6,0.0,30,335.5,13.8,65.0,0.45,11.1,Pampa,RS,0,0,1
25.4,69.0,7.6,0.0,30,330.4,2.3,65.0,0.5,12.7,Desconhecido,??,0,0,0
25.4,69.0,7.6,0.0,30,346.6,15.0,65.0,0.45,6.5,Pampa,RS,0,0,1
25.4,69.0,7.6,0.0,30,334.1,29.0,65.0,0.45,9.1,Pampa,RS,0,0,1
25.4,69.0,7.6,0.0,30,330.5,15.0,65.0,0.45,11.0,Pampa,RS,0,0,0
25.4,69.0,7.6,0.0,30,348.2,29.0,65.0,0.45,14.1,Pampa,RS,0,0,0
25.4,69.0,7.6,0.0,30,346.7,5.9,65.0,0.5,8.0,Desconhecido,??,0,0,1
25.4,69.0,7.6,0.0,30,346.2,38.9,65.0,0.5,12.6,Desconhecido,??,0,0,1
25.4,69.0,7.6,0.0,30,328.5,2.4,65.0,0.5,8.7,Desconhecido,??,0,0,0
25.4,69.0,7.6,0.0,30,332.2,2.0,65.0,0.45,9.4,Pampa,RS,0,0,0
25.4,69.0,7.6,0.0,30,345.8,10.0,65.0,0.45,14.1,Pampa,RS,0,0,0
25.4,69.0,7.6,0.0,30,346.8,8.2,65.0,0.5,0.0,Desconhecido,??,0,0,0
25.4,69.0,7.6,0.0,30,351.0,18.5,65.0,0.45,3.5,Pampa,RS,0,0,0
25.4,69.0,7.6,0.0,30,333.8,7.2,65.0,0.5,2.6,Desconhecido,??,0,0,0
25.4,69.0,7.6,0.0,30,343.7,5.0,65.0,0.5,0.0,Desconhecido,??,0,0,0
25.4,69.0,7.6,0.0,30,331.5,3.0,65.0,0.5,6.6,Desconhecido,??,0,0,0
25.4,69.0,7.6,0.0,30,353.9,11.7,65.0,0.5,13.7,Desconhecido,??,0,0,0
25.4,69.0,7.6,0.0,30,341.2,4.8,65.0,0.5,8.6,Desconhecido,??,0,0,0
25.4,69.0,7.6,0.0,30,326.9,2.6,65.0,0.5,11.0,Desconhecido,RS,0,0,0
25.4,69.0,7.6,0.0,30,330.5,3.9,65.0,0.5,15.4,Desconhecido,??,0,0,0
25.4,69.0,7.6,0.0,30,328.3,2.6,65.0,0.5,16.6,Desconhecido,??,0,0,1
25.4,69.0,7.6,0.0,30,334.4,2.6,65.0,0.5,9.7,Desconhecido,??,0,0,0
25.4,69.0,7.6,0.0,30,335.0,3.9,65.0,0.5,16.8,Desconhecido,??,0,0,1
25.4,69.0,7.6,0.0,30,325.6,2.3,65.0,0.5,10.5,Desconhecido,??,0,0,0
25.4,69.0,7.6,0.0,30,325.6,3.2,65.0,0.5,5.8,Desconhecido,??,0,0,0
25.4,69.0,7.6,0.0,30,348.7,6.1,65.0,0.5,7.0,Desconhecido,??,0,0,0
25.4,69.0,7.6,0.0,30,339.1,6.1,65.0,0.5,2.6,Desconhecido,??,0,0,0
25.4,69.0,7.6,0.0,30,339.4,4.4,65.0,0.5,5.6,Desconhecido,??,0,0,0
25.4,69.0,7.6,0.0,30,342.2,11.0,65.0,0.5,8.2,Desconhecido,RS,0,0,0
25.4,69.0,7.6,0.0,30,330.0,9.6,65.0,0.5,14.0,Desconhecido,RS,0,0,0
25.4,69.0,7.6,0.0,30,327.3,3.5,65.0,0.5,18.6,Desconhecido,RS,0,0,1
25.4,69.0,7.6,0.0,30,350.3,9.0,65.0,0.5,3.1,Desconhecido,RS,0,0,0
25.4,69.0,7.6,0.0,30,328.6,5.1,65.0,0.5,12.0,Desconhecido,RS,0,0,0
25.4,69.0,7.6,0.0,30,345.7,18.7,65.0,0.5,4.8,Desconhecido,RS,0,0,1
25.4,69.0,7.6,0.0,30,354.9,25.4,65.0,0.5,12.4,Desconhecido,RS,0,0,0
25.4,69.0,7.6,0.0,30,328.1,2.4,65.0,0.5,9.3,Desconhecido,RS,0,0,1
25.4,69.0,7.6,0.0,30,325.5,3.2,65.0,0.5,0.8,Desconhecido,RS,0,0,0
25.4,69.0,7.6,0.0,30,328.7,3.6,65.0,0.5,14.6,Desconhecido,SC,0,0,0
25.4,69.0,7.6,0.0,30,332.6,3.3,65.0,0.5,7.0,Desconhecido,SC,0,0,0
25.4,69.0,7.6,0.0,30,338.4,7.1,65.0,0.5,7.3,Desconhecido,??,0,0,0
25.4,69.0,7.6,0.0,30,349.1,9.9,65.0,0.5,4.7,Desconhecido,??,0,0,1
25.4,69.0,7.6,0.0,30,331.0,7.8,65.0,0.5,6.7,Desconhecido,PR,0,0,0
25.4,69.0,7.6,0.0,30,348.8,7.8,65.0,0.5,12.1,Desconhecido,PR,0,0,0
25.4,69.0,7.6,0.0,30,340.6,6.7,65.0,0.5,9.1,Desconhecido,PR,0,0,1
25.4,69.0,7.6,0.0,30,346.9,11.4,65.0,0.5,11.6,Desconhecido,PR,0,0,0
25.4,69.0,7.6,0.0,30,343.4,24.3,65.0,0.5,11.8,Desconhecido,PR,0,0,0
25.4,69.0,7.6,0.0,30,332.6,3.6,65.0,0.5,16.6,Desconhecido,PR,0,0,0
25.4,69.0,7.6,0.0,30,347.2,24.3,65.0,0.5,8.3,Desconhecido,PR,0,0,1
25.4,69.0,7.6,0.0,30,333.1,4.2,65.0,0.5,2.6,Desconhecido,PR,0,0,0
25.4,69.0,7.6,0.0,30,348.0,24.0,65.0,0.5,15.3,Desconhecido,PR,0,0,0
25.4,69.0,7.6,0.0,30,342.3,28.6,65.0,0.5,8.3,Desconhecido,PR,0,0,1
25.4,69.0,7.6,0.0,30,349.0,28.6,65.0,0.5,15.6,Desconhecido,PR,0,0,0
25.4,69.0,7.6,0.0,30,353.2,43.0,65.0,0.5,11.9,Desconhecido,PR,0,0,1
25.4,69.0,7.6,0.0,30,326.6,3.7,65.0,0.5,9.3,Desconhecido,PR,0,0,0
25.4,69.0,7.6,0.0,30,335.6,3.4,65.0,0.5,11.7,Desconhecido,PR,0,0,0
25.4,69.0,7.6,0.0,30,326.8,2.5,65.0,0.5,19.8,Desconhecido,??,0,0,0
25.4,69.0,7.6,0.0,30,346.1,9.4,65.0,0.5,20.4,Desconhecido,PR,0,0,0
25.4,69.0,7.6,0.0,30,338.8,7.8,65.0,0.5,10.3,Desconhecido,PR,0,0,0
25.4,69.0,7.6,0.0,30,337.7,7.8,65.0,0.5,10.8,Desconhecido,PR,0,0,0
25.4,69.0,7.6,0.0,30,344.7,6.4,65.0,0.5,15.4,Desconhecido,??,0,0,1
25.4,69.0,7.6,0.0,30,331.5,3.0,65.0,0.5,5.8,Desconhecido,??,0,0,0
25.4,69.0,7.6,0.0,30,334.1,3.0,65.0,0.5,11.7,Desconhecido,??,0,0,0
25.4,69.0,7.6,0.0,30,335.5,3.0,65.0,0.5,9.9,Desconhecido,??,0,0,0
25.4,69.0,7.6,0.0,30,344.6,3.7,65.0,0.5,11.6,Desconhecido,SP,0,0,1
25.4,69.0,7.6,0.0,30,332.1,1.6,65.0,0.5,5.8,Desconhecido,??,0,0,0
25.4,69.0,7.6,0.0,30,331.0,5.4,65.0,0.5,2.1,Desconhecido,SP,0,0,1
25.4,69.0,7.6,0.0,30,330.0,5.7,65.0,0.5,0.0,Desconhecido,SP,0,0,0
25.4,69.0,7.6,0.0,30,329.8,3.0,65.0,0.5,4.4,Desconhecido,??,0,0,0
25.4,69.0,7.6,0.0,30,325.5,2.2,65.0,0.5,7.7,Cerrado,MS,0,0,1
25.4,69.0,7.6,0.0,30,328.9,5.0,65.0,0.5,8.5,Desconhecido,??,0,0,0
25.4,69.0,7.6,0.0,30,347.1,5.0,65.0,0.5,19.7,Desconhecido,??,0,0,1
25.4,69.0,7.6,0.0,30,347.9,4.1,65.0,0.5,15.5,Desconhecido,??,0,0,0
25.4,69.0,7.6,0.0,30,340.8,4.1,65.0,0.5,5.2,Desconhecido,??,0,0,0
25.4,69.0,7.6,0.0,30,326.8,2.5,65.0,0.5,11.7,Cerrado,??,0,0,0
25.4,69.0,7.6,0.0,30,325.8,0.2,65.0,0.5,8.0,Cerrado,MS,0,0,1
25.4,69.0,7.6,0.0,30,343.9,8.2,65.0,0.5,8.6,Cerrado,MS,0,0,1
25.4,69.0,7.6,0.0,30,325.2,2.7,65.0,0.5,10.9,Cerrado,MS,0,0,0
25.4,69.0,7.6,0.0,30,335.0,4.4,65.0,0.5,13.1,Cerrado,MS,0,0,1
25.4,69.0,7.6,0.0,30,351.7,9.2,65.0,0.5,8.3,Cerrado,MG,0,0,0
25.4,69.0,7.6,0.0,30,336.1,9.2,65.0,0.5,15.3,Cerrado,MG,0,0,1
25.4,69.0,7.6,0.0,30,338.3,0.3,65.0,0.7,4.3,Mata Atlantica,MG,0,0,0
25.4,69.0,7.6,0.0,30,340.9,22.1,65.0,0.5,10.0,Cerrado,MS,0,0,0
25.4,69.0,7.6,0.0,30,344.7,19.5,65.0,0.5,23.0,Cerrado,MS,0,0,1
25.4,69.0,7.6,0.0,30,327.6,3.0,65.0,0.5,11.1,Cerrado,MS,0,0,0
25.4,69.0,7.6,0.0,30,330.0,2.5,65.0,0.5,17.2,Cerrado,MS,0,0,0
25.4,69.0,7.6,0.0,30,331.0,5.8,65.0,0.5,10.5,Cerrado,MS,0,0,1
25.4,69.0,7.6,0.0,30,339.0,5.9,65.0,0.5,12.9,Cerrado,MS,0,0,1
25.4,69.0,7.6,0.0,30,349.6,16.2,65.0,0.5,9.7,Cerrado,MS,0,0,0
25.4,69.0,7.6,0.0,30,335.8,4.8,65.0,0.5,9.1,Cerrado,MS,0,0,0
25.4,69.0,7.6,0.0,30,328.9,4.8,65.0,0.5,6.1,Cerrado,MS,0,0,0
25.4,69.0,7.6,0.0,30,327.6,2.8,65.0,0.5,12.2,Cerrado,MS,0,0,0
25.4,69.0,7.6,0.0,30,340.0,9.8,65.0,0.5,5.7,Cerrado,MS,0,0,1
25.4,69.0,7.6,0.0,30,341.8,9.8,65.0,0.5,13.3,Cerrado,MS,0,0,0
25.4,69.0,7.6,0.0,30,339.2,4.7,65.0,0.5,15.4,Cerrado,MS,0,0,1
25.4,69.0,7.6,0.0,30,336.1,5.7,65.0,0.5,11.8,Cerrado,MS,0,0,0
25.4,69.0,7.6,0.0,30,325.6,1.6,65.0,0.5,8.6,Cerrado,MS,0,0,0
25.4,69.0,7.6,0.0,30,350.9,7.7,65.0,0.7,12.3,Mata Atlantica,MG,0,0,0
25.4,69.0,7.6,0.0,30,343.8,7.2,65.0,0.7,8.5,Mata Atlantica,MG,0,0,1
25.4,69.0,7.6,0.0,30,351.9,5.6,65.0,0.5,14.7,Cerrado,??,0,0,0
25.4,69.0,7.6,0.0,30,331.6,2.7,65.0,0.5,0.8,Cerrado,??,0,0,1
25.4,69.0,7.6,0.0,30,329.0,3.5,65.0,0.5,8.3,Desconhecido,??,0,0,0
25.4,69.0,7.6,0.0,30,330.2,2.3,65.0,0.5,0.0,Cerrado,MS,0,0,1
25.4,69.0,7.6,0.0,30,339.1,5.8,65.0,0.5,2.5,Desconhecido,??,0,0,1
25.4,69.0,7.6,0.0,30,343.6,10.4,65.0,0.5,16.8,Cerrado,MS,0,0,1
25.4,69.0,7.6,0.0,30,327.8,1.9,65.0,0.5,14.5,Cerrado,??,0,0,0
25.4,69.0,7.6,0.0,30,326.7,27.4,65.0,0.5,6.4,Cerrado,??,0,0,1
25.4,69.0,7.6,0.0,30,353.9,27.4,65.0,0.5,2.5,Cerrado,??,0,0,0
16.0,69.0,14.1,0.0,30,326.9,4.8,65.0,0.5,0.0,Cerrado,MG,0,0,0
16.0,69.0,14.1,0.0,30,339.5,7.8,65.0,0.5,7.3,Cerrado,MG,0,0,0
17.0,81.0,12.7,0.0,30,325.0,1.9,65.0,0.7,22.1,Mata Atlantica,MG,0,0,0
17.0,81.0,12.7,0.0,30,327.7,1.9,65.0,0.7,12.2,Mata Atlantica,MG,0,0,0
20.1,65.0,6.3,0.0,30,326.5,2.2,65.0,0.5,7.2,Cerrado,MS,0,0,0
21.8,84.0,15.5,0.0,30,332.4,24.5,65.0,0.7,12.3,Mata Atlantica,MG,0,0,0
21.8,84.0,15.5,0.0,30,340.4,13.7,65.0,0.7,2.2,Mata Atlantica,MG,0,0,0
21.8,84.0,15.5,0.0,30,338.6,33.2,65.0,0.7,8.5,Mata Atlantica,MG,0,0,0
21.8,84.0,15.5,0.0,30,333.7,6.6,65.0,0.7,10.5,Mata Atlantica,MG,0,0,0
21.8,84.0,15.5,0.0,30,345.8,24.5,65.0,0.7,9.6,Mata Atlantica,MG,0,0,1
21.8,84.0,15.5,0.0,30,336.4,33.2,65.0,0.7,14.0,Mata Atlantica,MG,0,0,0
21.8,84.0,15.5,0.0,30,337.6,5.9,65.0,0.7,11.7,Mata Atlantica,MG,0,0,0
21.8,84.0,15.5,0.0,30,333.0,6.3,65.0,0.7,13.3,Mata Atlantica,MG,0,0,1
21.8,84.0,15.5,0.0,30,348.5,9.5,65.0,0.7,6.6,Mata Atlantica,MG,0,0,0
21.8,84.0,15.5,0.0,30,325.7,2.1,65.0,0.7,14.5,Mata Atlantica,MG,0,0,1
19.4,49.0,6.0,0.0,30,367.0,9.8,95.0,0.7,18.1,Mata Atlantica,MG,0,0,0
21.6,85.0,15.6,0.0,30,330.9,9.7,65.0,0.7,5.1,Mata Atlantica,MG,0,0,0
21.6,85.0,15.6,0.0,30,352.2,9.7,65.0,0.7,5.6,Mata Atlantica,MG,0,0,0
14.6,100.0,12.2,0.0,30,331.3,5.0,65.0,0.7,16.7,Mata Atlantica,MG,0,0,0
20.1,87.0,8.1,0.0,30,329.3,2.7,65.0,0.7,9.0,Mata Atlantica,MG,0,0,0
21.1,86.0,14.6,0.0,30,333.9,3.1,65.0,0.7,17.0,Mata Atlantica,MG,0,0,0
21.3,86.0,14.6,0.0,30,336.3,6.7,65.0,0.7,7.8,Mata Atlantica,MG,0,0,0
21.6,86.0,13.1,0.0,30,333.3,3.8,65.0,0.7,17.3,Mata Atlantica,MG,0,0,0
20.1,65.0,6.3,0.0,30,328.7,2.7,65.0,0.5,10.7,Cerrado,MS,0,0,0
17.4,83.0,10.5,0.0,30,367.0,6.4,95.0,0.7,11.3,Mata Atlantica,MG,0,0,0
19.2,46.0,6.8,0.0,30,327.4,3.3,65.0,0.7,17.8,Mata Atlantica,GO,0,0,1
17.0,82.0,11.3,0.0,30,329.6,1.7,65.0,0.7,8.2,Mata Atlantica,GO,0,0,0
18.7,87.0,13.4,0.0,30,337.3,5.4,65.0,0.7,5.3,Mata Atlantica,MG,0,0,0
23.3,73.0,6.1,0.0,30,327.2,3.3,65.0,0.7,7.8,Mata Atlantica,MG,0,0,0
21.0,86.0,12.4,0.0,30,333.2,4.0,65.0,0.7,12.3,Mata Atlantica,MG,0,0,0
21.4,81.0,13.6,0.0,30,333.4,3.8,65.0,0.7,2.2,Mata Atlantica,MG,0,0,0
20.8,98.0,4.4,0.1,30,348.4,6.2,65.0,0.7,13.2,Mata Atlantica,MG,0,0,0
21.9,78.0,13.8,0.0,30,332.5,3.1,65.0,0.7,7.3,Mata Atlantica,MG,0,0,0
22.1,39.0,13.0,0.0,30,328.6,2.7,65.0,0.5,15.7,Cerrado,GO,0,0,1
22.1,39.0,13.0,0.0,30,342.2,4.3,65.0,0.5,0.0,Cerrado,GO,0,0,1
22.1,81.0,12.1,0.0,30,328.1,3.0,65.0,0.7,6.1,Mata Atlantica,MG,0,0,0
22.2,81.0,12.1,0.0,30,330.0,2.4,65.0,0.7,1.6,Mata Atlantica,MG,0,0,0
22.0,81.0,10.9,0.0,30,330.3,2.1,65.0,0.7,5.9,Mata Atlantica,BA,0,0,0
19.9,55.0,11.3,0.0,30,336.5,6.4,65.0,0.5,11.2,Cerrado,GO,0,0,0
19.9,55.0,11.3,0.0,30,332.7,5.8,65.0,0.5,9.1,Cerrado,GO,0,0,1
20.0,53.0,13.7,0.0,30,343.8,9.0,65.0,0.5,8.7,Cerrado,GO,0,0,0
20.0,53.0,13.7,0.0,30,336.6,5.8,65.0,0.5,9.2,Cerrado,GO,0,0,1
20.0,53.0,13.7,0.0,30,329.5,9.0,65.0,0.5,11.0,Cerrado,GO,0,0,1
20.0,53.0,13.7,0.0,30,329.3,5.8,65.0,0.5,5.0,Cerrado,GO,0,0,1
21.1,56.0,2.7,0.0,30,328.0,2.3,65.0,0.5,13.5,Cerrado,GO,0,0,0
21.3,45.0,10.3,0.0,30,337.3,4.1,65.0,0.7,13.3,Mata Atlantica,GO,0,0,1
24.2,52.0,5.2,0.0,30,340.8,6.9,65.0,0.7,11.9,Mata Atlantica,BA,0,0,1
21.9,73.0,5.3,0.0,30,337.8,1.3,65.0,0.7,12.8,Mata Atlantica,GO,0,0,0
23.5,55.0,11.0,0.0,30,329.9,0.8,65.0,0.3,11.5,Caatinga,BA,0,0,1
24.5,48.0,13.4,0.0,30,337.0,5.8,65.0,0.3,20.2,Caatinga,BA,0,0,1
21.0,61.0,12.2,0.0,30,327.9,3.7,65.0,0.3,9.6,Caatinga,BA,0,0,0
26.4,44.0,10.0,0.0,30,350.2,14.0,65.0,0.3,8.5,Caatinga,BA,0,0,1
26.4,44.0,10.0,0.0,30,354.2,19.4,65.0,0.3,6.2,Caatinga,BA,0,0,1
26.4,44.0,10.0,0.0,30,347.9,21.5,65.0,0.3,4.8,Caatinga,BA,0,0,1
26.4,44.0,10.0,0.0,30,348.8,24.4,65.0,0.3,3.8,Caatinga,BA,0,0,1
25.4,49.0,8.7,0.0,30,347.7,8.6,65.0,0.7,5.6,Mata Atlantica,GO,0,0,1
25.4,49.0,8.7,0.0,30,354.1,6.1,65.0,0.7,9.6,Mata Atlantica,GO,0,0,1
25.4,49.0,8.7,0.0,30,342.2,7.1,65.0,0.7,11.7,Mata Atlantica,GO,0,0,1
25.4,49.0,8.7,0.0,30,367.0,11.4,95.0,0.7,10.3,Mata Atlantica,GO,0,0,1
25.4,49.0,8.7,0.0,30,367.0,6.1,95.0,0.7,6.2,Mata Atlantica,GO,0,0,1
25.4,49.0,8.7,0.0,30,350.4,6.1,65.0,0.7,14.5,Mata Atlantica,GO,0,0,1
24.3,50.0,10.4,0.0,30,350.8,33.1,65.0,0.7,13.7,Mata Atlantica,GO,0,0,1
21.5,63.0,7.6,0.0,30,331.0,5.8,65.0,0.7,9.2,Mata Atlantica,GO,0,0,0
22.1,63.0,7.6,0.0,30,367.0,5.8,95.0,0.7,6.7,Mata Atlantica,GO,0,0,1
23.4,61.0,10.4,0.0,30,332.7,4.8,65.0,0.7,12.7,Mata Atlantica,GO,0,0,1
23.4,61.0,10.4,0.0,30,333.1,4.3,65.0,0.7,10.9,Mata Atlantica,GO,0,0,1
23.4,61.0,10.4,0.0,30,345.1,6.8,65.0,0.7,2.8,Mata Atlantica,GO,0,0,0
23.4,61.0,10.4,0.0,30,344.4,6.3,65.0,0.7,9.7,Mata Atlantica,GO,0,0,1
18.8,84.0,9.5,0.0,30,345.0,15.2,65.0,0.3,11.3,Caatinga,BA,0,0,0
19.3,91.0,4.4,0.1,30,335.1,5.6,65.0,0.3,5.5,Caatinga,BA,0,0,0
25.9,60.0,1.5,0.0,30,336.4,3.0,65.0,0.3,10.9,Caatinga,BA,0,0,0
25.8,58.0,2.9,0.0,30,330.7,3.5,65.0,0.3,2.7,Caatinga,BA,0,0,1
25.5,60.0,1.7,0.0,30,341.3,3.5,65.0,0.3,16.7,Caatinga,BA,0,0,1
25.8,58.0,2.9,0.0,30,346.6,10.9,65.0,0.3,16.2,Caatinga,BA,0,0,1
28.2,46.0,10.1,0.0,30,329.5,3.1,65.0,0.7,8.7,Mata Atlantica,GO,0,0,1
25.6,53.0,4.5,0.0,30,345.1,35.9,65.0,0.3,11.8,Caatinga,BA,0,0,0
24.9,53.0,4.5,0.0,30,342.2,53.0,65.0,0.3,0.0,Caatinga,BA,0,0,1
26.1,52.0,5.9,0.0,30,346.8,9.2,65.0,0.3,4.2,Caatinga,BA,0,0,0
26.1,52.0,5.9,0.0,30,367.0,9.2,95.0,0.3,8.5,Caatinga,BA,0,0,1
27.6,46.0,8.7,0.0,30,367.0,7.7,95.0,0.3,4.6,Caatinga,BA,0,0,1
27.6,46.0,8.7,0.0,30,345.2,7.7,65.0,0.3,13.6,Caatinga,BA,0,0,1
22.1,71.0,16.3,0.0,30,330.6,2.2,65.0,0.3,20.0,Caatinga,BA,0,0,1
28.6,44.0,9.1,0.0,30,346.3,7.1,65.0,0.7,4.1,Mata Atlantica,TO,0,0,1
28.6,44.0,9.1,0.0,30,329.4,5.3,65.0,0.7,5.8,Mata Atlantica,TO,0,0,1
28.6,44.0,9.1,0.0,30,355.8,6.7,65.0,0.7,11.2,Mata Atlantica,TO,0,0,1
28.6,44.0,9.1,0.0,30,341.1,6.7,65.0,0.7,18.1,Mata Atlantica,TO,0,0,1
28.6,44.0,9.1,0.0,30,354.6,6.7,65.0,0.7,3.9,Mata Atlantica,TO,0,0,1
24.4,60.0,5.6,0.0,30,355.0,38.3,65.0,0.7,11.2,Mata Atlantica,BA,0,0,1
24.4,60.0,5.6,0.0,30,352.6,38.3,65.0,0.7,19.1,Mata Atlantica,BA,0,0,0
24.4,60.0,5.6,0.0,30,342.6,33.2,65.0,0.7,1.7,Mata Atlantica,BA,0,0,0
26.6,42.0,7.9,0.0,30,338.6,12.2,65.0,0.7,3.6,Mata Atlantica,TO,0,0,1
26.4,42.0,7.3,0.0,30,349.5,29.5,65.0,0.7,7.9,Mata Atlantica,TO,0,0,1
29.1,43.0,9.1,0.0,30,334.5,5.3,65.0,0.7,7.4,Mata Atlantica,TO,0,0,1
29.1,43.0,9.1,0.0,30,345.4,5.3,65.0,0.7,14.1,Mata Atlantica,TO,0,0,1
29.1,43.0,9.1,0.0,30,342.8,7.0,65.0,0.7,11.2,Mata Atlantica,TO,0,0,1
30.6,45.0,8.3,0.0,30,328.4,7.6,65.0,0.5,1.1,Cerrado,MT,0,0,1
30.6,45.0,8.3,0.0,30,354.4,10.7,65.0,0.5,12.6,Cerrado,MT,0,0,1
30.6,45.0,8.3,0.0,30,337.1,7.1,65.0,0.5,7.1,Cerrado,MT,0,0,1
29.0,43.0,8.4,0.0,30,338.3,2.0,65.0,0.7,16.4,Mata Atlantica,TO,0,0,1
28.5,51.0,5.1,0.0,30,353.3,6.5,65.0,0.7,6.9,Mata Atlantica,TO,0,0,0
28.1,52.0,8.9,0.0,30,335.7,3.3,65.0,0.5,6.8,Cerrado,TO,0,0,1
22.6,67.0,13.0,0.0,30,335.2,4.5,65.0,0.3,12.7,Caatinga,BA,0,0,1
29.5,51.0,7.2,0.0,30,340.4,5.7,65.0,0.5,13.8,Cerrado,MT,0,0,0
25.7,58.0,4.9,0.0,30,345.6,6.3,65.0,0.3,12.2,Caatinga,BA,0,0,0
29.4,46.0,7.0,0.0,30,330.5,6.0,65.0,0.7,1.6,Mata Atlantica,TO,0,0,1
27.6,46.0,14.8,0.0,30,355.3,4.0,65.0,0.7,12.7,Mata Atlantica,TO,0,0,1
27.6,46.0,14.8,0.0,30,333.6,4.0,65.0,0.7,4.8,Mata Atlantica,TO,0,0,1
27.6,46.0,14.8,0.0,30,337.0,4.0,65.0,0.7,11.2,Mata Atlantica,TO,0,0,1
27.6,52.0,7.2,0.0,30,335.4,2.5,65.0,0.7,2.9,Mata Atlantica,TO,0,0,1
27.6,52.0,7.2,0.0,30,330.4,2.2,65.0,0.7,12.2,Mata Atlantica,TO,0,0,1
27.6,52.0,7.2,0.0,30,339.9,2.2,65.0,0.7,6.0,Mata Atlantica,TO,0,0,1
29.9,50.0,8.8,0.0,30,329.7,4.3,65.0,0.5,3.6,Cerrado,MT,0,0,1
23.2,68.0,5.0,0.0,30,346.4,7.4,65.0,0.7,13.6,Mata Atlantica,BA,0,0,0
28.5,39.0,6.6,0.0,30,331.3,4.9,65.0,0.7,11.2,Mata Atlantica,TO,0,0,1
27.0,63.0,6.7,0.0,30,334.6,5.2,65.0,0.5,6.9,Cerrado,TO,0,0,1
27.8,60.0,7.1,0.0,30,340.5,6.3,65.0,0.5,17.3,Cerrado,TO,0,0,1
27.8,60.0,7.1,0.0,30,350.5,6.3,65.0,0.5,7.8,Cerrado,TO,0,0,1
27.8,60.0,7.1,0.0,30,338.2,6.3,65.0,0.5,10.2,Cerrado,TO,0,0,1
27.9,47.0,8.0,0.0,30,351.4,9.6,65.0,0.7,11.3,Mata Atlantica,TO,0,0,1
27.9,47.0,8.0,0.0,30,349.9,32.6,65.0,0.7,6.9,Mata Atlantica,TO,0,0,1
27.9,47.0,8.0,0.0,30,367.0,32.6,95.0,0.7,12.4,Mata Atlantica,TO,0,0,1
27.9,47.0,8.0,0.0,30,330.9,9.6,65.0,0.7,7.3,Mata Atlantica,TO,0,0,1
27.9,47.0,8.0,0.0,30,367.0,6.7,95.0,0.7,7.9,Mata Atlantica,TO,0,0,1
27.9,47.0,8.0,0.0,30,351.0,6.7,65.0,0.7,16.8,Mata Atlantica,TO,0,0,1
27.9,47.0,8.0,0.0,30,349.3,7.9,65.0,0.7,4.8,Mata Atlantica,TO,0,0,1
27.9,47.0,8.0,0.0,30,331.3,5.6,65.0,0.7,0.0,Mata Atlantica,TO,0,0,1
27.9,47.0,8.0,0.0,30,330.8,11.9,65.0,0.7,18.1,Mata Atlantica,TO,0,0,1
27.9,47.0,8.0,0.0,30,367.0,11.9,95.0,0.7,22.7,Mata Atlantica,TO,0,0,1
25.4,69.0,7.6,0.0,30,306.6,0.9,65.0,0.5,8.0,Desconhecido,??,0,0,0
25.4,69.0,7.6,0.0,30,310.5,1.2,65.0,0.5,0.3,Cerrado,MT,0,0,1
25.4,69.0,7.6,0.0,30,314.2,5.0,65.0,0.5,8.4,Cerrado,MT,0,0,0
25.4,69.0,7.6,0.0,30,302.3,1.1,65.0,0.5,8.6,Cerrado,MT,0,0,1
25.4,69.0,7.6,0.0,30,367.0,5.0,95.0,0.5,9.1,Cerrado,MT,0,0,1
25.4,69.0,7.6,0.0,30,315.6,1.2,65.0,0.5,4.4,Cerrado,MT,0,0,1
25.4,69.0,7.6,0.0,30,356.3,15.1,65.0,0.5,12.9,Cerrado,MT,0,0,1
25.4,69.0,7.6,0.0,30,310.2,1.2,65.0,0.5,12.6,Cerrado,MT,0,0,1
25.4,69.0,7.6,0.0,30,340.2,15.1,65.0,0.5,2.5,Cerrado,MT,0,0,1
25.4,69.0,7.6,0.0,30,302.4,1.3,65.0,0.5,13.5,Cerrado,MT,0,0,1
25.4,69.0,7.6,0.0,30,305.1,1.3,65.0,0.5,20.3,Cerrado,MT,0,0,0
25.4,69.0,7.6,0.0,30,309.9,8.7,65.0,0.5,10.9,Cerrado,MT,0,0,0
25.4,69.0,7.6,0.0,30,299.1,1.2,65.0,0.5,8.3,Desconhecido,??,0,0,0
25.4,69.0,7.6,0.0,30,367.0,8.7,95.0,0.5,9.3,Cerrado,MT,0,0,0
25.4,69.0,7.6,0.0,30,298.4,0.9,65.0,0.5,13.1,Desconhecido,??,0,0,0
25.4,69.0,7.6,0.0,30,300.9,1.9,65.0,0.5,1.3,Cerrado,MT,0,0,1
25.4,69.0,7.6,0.0,30,367.0,15.8,95.0,0.5,10.8,Cerrado,MT,0,0,1
25.4,69.0,7.6,0.0,30,307.6,15.8,65.0,0.5,8.0,Cerrado,MT,0,0,0
25.4,69.0,7.6,0.0,30,314.6,2.5,65.0,0.5,19.2,Cerrado,MT,0,0,0
25.4,69.0,7.6,0.0,30,304.5,1.1,65.0,0.5,9.1,Cerrado,MT,0,0,1
25.4,69.0,7.6,0.0,30,305.7,1.1,65.0,0.5,18.3,Cerrado,MT,0,0,1
25.4,69.0,7.6,0.0,30,301.7,1.1,65.0,0.5,4.5,Cerrado,MT,0,0,0
25.4,69.0,7.6,0.0,30,303.0,1.2,65.0,0.5,12.9,Cerrado,MT,0,0,0
25.4,69.0,7.6,0.0,30,306.0,5.0,65.0,0.5,11.6,Cerrado,MT,0,0,0
25.4,69.0,7.6,0.0,30,318.8,5.0,65.0,0.5,5.7,Cerrado,MT,0,0,0
25.4,69.0,7.6,0.0,30,330.5,15.1,65.0,0.5,10.9,Cerrado,MT,0,0,0
25.4,69.0,7.6,0.0,30,313.8,2.1,65.0,0.5,16.1,Cerrado,MT,0,0,0
25.4,69.0,7.6,0.0,30,337.1,2.5,65.0,0.5,8.4,Cerrado,MT,0,0,1
25.4,69.0,7.6,0.0,30,300.6,1.0,65.0,0.5,1.5,Cerrado,MT,0,0,0
25.4,69.0,7.6,0.0,30,348.4,5.5,65.0,0.5,9.9,Cerrado,MT,0,0,1
25.4,69.0,7.6,0.0,30,310.9,1.2,65.0,0.5,5.5,Cerrado,MT,0,0,1
25.4,69.0,7.6,0.0,30,305.1,1.4,65.0,0.5,8.3,Cerrado,MT,0,0,1
25.4,69.0,7.6,0.0,30,323.1,2.2,65.0,0.5,9.6,Cerrado,MT,0,0,0
25.4,69.0,7.6,0.0,30,305.0,1.2,65.0,0.5,1.5,Cerrado,MT,0,0,0
25.4,69.0,7.6,0.0,30,300.6,0.5,65.0,0.5,1.9,Desconhecido,??,0,0,0
25.4,69.0,7.6,0.0,30,296.4,0.7,65.0,0.5,12.4,Desconhecido,??,0,0,0
25.4,69.0,7.6,0.0,30,304.1,0.7,65.0,0.5,7.4,Desconhecido,??,0,0,0
25.4,69.0,7.6,0.0,30,321.4,3.5,65.0,0.5,0.0,Desconhecido,??,0,0,0
25.4,69.0,7.6,0.0,30,344.0,9.4,65.0,0.5,13.9,Desconhecido,??,0,0,0
25.4,69.0,7.6,0.0,30,323.1,3.5,65.0,0.5,11.4,Desconhecido,??,0,0,0
25.4,69.0,7.6,0.0,30,297.9,1.1,65.0,0.5,6.4,Desconhecido,??,0,0,0
25.4,69.0,7.6,0.0,30,325.0,2.1,65.0,0.5,3.4,Desconhecido,??,0,0,0
25.4,69.0,7.6,0.0,30,311.9,4.3,65.0,0.5,14.2,Desconhecido,??,0,0,0
25.4,69.0,7.6,0.0,30,345.1,4.3,65.0,0.5,11.7,Desconhecido,??,0,0,0
25.4,69.0,7.6,0.0,30,296.6,1.4,65.0,0.5,21.9,Desconhecido,??,0,0,0
25.4,69.0,7.6,0.0,30,305.7,1.4,65.0,0.5,12.1,Desconhecido,??,0,0,1
25.4,69.0,7.6,0.0,30,314.0,2.8,65.0,0.5,11.9,Desconhecido,??,0,0,0
25.4,69.0,7.6,0.0,30,325.1,0.8,65.0,0.5,9.2,Desconhecido,??,0,0,0
25.4,69.0,7.6,0.0,30,326.8,1.9,65.0,0.5,14.1,Desconhecido,??,0,0,0
25.4,69.0,7.6,0.0,30,309.4,2.7,65.0,0.5,13.1,Desconhecido,??,0,0,0
25.4,69.0,7.6,0.0,30,296.5,0.5,65.0,0.5,16.3,Desconhecido,??,0,0,0
25.4,69.0,7.6,0.0,30,312.3,2.0,65.0,0.5,7.4,Desconhecido,??,0,0,0
25.4,69.0,7.6,0.0,30,311.5,2.0,65.0,0.5,7.8,Desconhecido,??,0,0,1
25.4,69.0,7.6,0.0,30,315.9,2.8,65.0,0.5,7.6,Desconhecido,??,0,0,0
25.4,69.0,7.6,0.0,30,303.7,2.1,65.0,0.5,14.0,Desconhecido,??,0,0,0
25.4,69.0,7.6,0.0,30,312.1,1.4,65.0,0.5,17.5,Desconhecido,??,0,0,0
25.4,69.0,7.6,0.0,30,323.9,2.9,65.0,0.5,7.7,Desconhecido,??,0,0,0
25.4,69.0,7.6,0.0,30,332.4,4.5,65.0,0.3,7.9,Caatinga,CE,0,0,1
25.4,69.0,7.6,0.0,30,345.1,5.2,65.0,0.45,11.6,Pampa,RS,0,0,0
25.4,69.0,7.6,0.0,30,344.6,6.6,65.0,0.45,8.8,Pampa,RS,0,0,0
25.4,69.0,7.6,0.0,30,330.6,3.4,65.0,0.5,14.8,Desconhecido,??,0,0,1
25.4,69.0,7.6,0.0,30,330.0,0.8,65.0,0.5,0.0,Desconhecido,??,0,0,0
25.4,69.0,7.6,0.0,30,337.8,17.2,65.0,0.7,5.9,Mata Atlantica,??,0,0,0
25.4,69.0,7.6,0.0,30,328.4,6.2,65.0,0.5,6.1,Cerrado,MS,0,0,0
25.4,69.0,7.6,0.0,30,335.7,4.0,65.0,0.5,0.0,Cerrado,SP,0,0,0
25.4,69.0,7.6,0.0,30,337.6,5.0,65.0,0.7,5.2,Mata Atlantica,SP,0,0,0
25.4,69.0,7.6,0.0,30,329.4,2.3,65.0,0.7,5.4,Mata Atlantica,??,0,0,0
25.4,69.0,7.6,0.0,30,325.3,2.6,65.0,0.7,9.0,Mata Atlantica,MG,0,0,0
25.4,69.0,7.6,0.0,30,328.1,2.8,65.0,0.7,15.6,Mata Atlantica,MG,0,0,0
25.4,69.0,7.6,0.0,30,336.9,3.7,65.0,0.7,8.8,Mata Atlantica,??,0,0,0
25.4,69.0,7.6,0.0,30,334.1,3.7,65.0,0.7,4.8,Mata Atlantica,??,0,0,1
25.4,69.0,7.6,0.0,30,328.7,1.6,65.0,0.7,9.7,Mata Atlantica,MG,0,0,0
25.4,69.0,7.6,0.0,30,331.7,4.0,65.0,0.5,15.2,Cerrado,MG,0,0,0
25.4,69.0,7.6,0.0,30,331.3,5.6,65.0,0.5,5.1,Cerrado,MG,0,0,0
25.4,69.0,7.6,0.0,30,329.7,4.0,65.0,0.5,5.4,Cerrado,MG,0,0,0
25.4,69.0,7.6,0.0,30,329.6,2.4,65.0,0.7,12.8,Mata Atlantica,MG,0,0,1
25.4,69.0,7.6,0.0,30,344.4,8.8,65.0,0.5,8.9,Cerrado,MG,0,0,0
25.4,69.0,7.6,0.0,30,327.0,0.8,65.0,0.7,13.2,Mata Atlantica,MG,0,0,0
25.4,69.0,7.6,0.0,30,343.9,7.5,65.0,0.7,9.9,Mata Atlantica,MG,0,0,0
25.4,69.0,7.6,0.0,30,341.9,7.9,65.0,0.7,13.5,Mata Atlantica,MG,0,0,0
25.4,69.0,7.6,0.0,30,353.4,9.2,65.0,0.7,4.8,Mata Atlantica,MG,0,0,0
25.4,69.0,7.6,0.0,30,328.9,6.1,65.0,0.7,9.9,Mata Atlantica,MG,0,0,0
25.4,69.0,7.6,0.0,30,333.7,3.8,65.0,0.7,8.9,Mata Atlantica,MG,0,0,0
25.4,69.0,7.6,0.0,30,329.3,3.8,65.0,0.7,3.9,Mata Atlantica,MG,0,0,0
25.4,69.0,7.6,0.0,30,338.8,3.2,65.0,0.7,2.2,Mata Atlantica,MG,0,0,1
25.4,69.0,7.6,0.0,30,338.8,2.4,65.0,0.5,13.4,Cerrado,MG,0,0,1
25.4,69.0,7.6,0.0,30,325.8,1.6,65.0,0.7,8.2,Mata Atlantica,MG,0,0,0
25.4,69.0,7.6,0.0,30,346.2,9.2,65.0,0.5,4.9,Cerrado,MS,0,0,0
25.4,69.0,7.6,0.0,30,337.9,5.4,65.0,0.7,9.5,Mata Atlantica,MG,0,0,0
25.4,69.0,7.6,0.0,30,334.4,5.4,65.0,0.7,15.6,Mata Atlantica,MG,0,0,1
25.4,69.0,7.6,0.0,30,367.0,5.4,95.0,0.7,0.0,Mata Atlantica,MG,0,0,1
25.4,69.0,7.6,0.0,30,328.6,1.1,65.0,0.7,2.5,Mata Atlantica,MG,0,0,0
25.4,69.0,7.6,0.0,30,330.5,0.8,65.0,0.7,5.4,Mata Atlantica,MG,0,0,0
25.4,69.0,7.6,0.0,30,333.2,3.2,65.0,0.7,17.3,Mata Atlantica,MG,0,0,0
25.4,69.0,7.6,0.0,30,344.2,5.1,65.0,0.7,11.4,Mata Atlantica,MG,0,0,0
25.4,69.0,7.6,0.0,30,339.0,7.8,65.0,0.7,13.8,Mata Atlantica,GO,0,0,0
25.4,69.0,7.6,0.0,30,340.8,6.7,65.0,0.7,4.3,Mata Atlantica,MG,0,0,0
25.4,69.0,7.6,0.0,30,333.2,4.7,65.0,0.7,4.4,Mata Atlantica,MG,0,0,0
25.4,69.0,7.6,0.0,30,339.4,2.8,65.0,0.7,12.2,Mata Atlantica,MG,0,0,0
25.4,69.0,7.6,0.0,30,329.5,1.9,65.0,0.7,10.3,Mata Atlantica,GO,0,0,0
25.4,69.0,7.6,0.0,30,335.2,2.8,65.0,0.7,12.7,Mata Atlantica,MG,0,0,0
25.4,69.0,7.6,0.0,30,342.3,85.4,65.0,0.7,9.1,Mata Atlantica,BA,0,0,1
25.4,69.0,7.6,0.0,30,339.2,8.0,65.0,0.7,11.4,Mata Atlantica,BA,0,0,0
25.4,69.0,7.6,0.0,30,332.9,3.4,65.0,0.7,10.8,Mata Atlantica,BA,0,0,0
25.4,69.0,7.6,0.0,30,332.4,4.4,65.0,0.7,13.9,Mata Atlantica,BA,0,0,0
25.4,69.0,7.6,0.0,30,332.2,1.7,65.0,0.5,14.0,Cerrado,GO,0,0,1
25.4,69.0,7.6,0.0,30,338.1,12.5,65.0,0.5,1.9,Cerrado,GO,0,0,0
25.4,69.0,7.6,0.0,30,337.5,7.8,65.0,0.5,0.0,Cerrado,MT,0,0,0
25.4,69.0,7.6,0.0,30,329.5,8.8,65.0,0.5,15.0,Cerrado,MT,0,0,1
25.4,69.0,7.6,0.0,30,356.4,15.0,65.0,0.5,15.9,Cerrado,MT,0,0,1
25.4,69.0,7.6,0.0,30,327.4,14.0,65.0,0.5,4.9,Cerrado,MT,0,0,1
25.4,69.0,7.6,0.0,30,367.0,8.8,95.0,0.5,0.7,Cerrado,MT,0,0,0
25.4,69.0,7.6,0.0,30,327.3,8.8,65.0,0.5,10.5,Cerrado,MT,0,0,1
25.4,69.0,7.6,0.0,30,327.3,10.4,65.0,0.5,14.7,Cerrado,MT,0,0,0
25.4,69.0,7.6,0.0,30,367.0,15.0,95.0,0.5,19.0,Cerrado,MT,0,0,1
25.4,69.0,7.6,0.0,30,333.0,14.0,65.0,0.5,12.6,Cerrado,MT,0,0,1
25.4,69.0,7.6,0.0,30,326.3,6.8,65.0,0.5,8.1,Cerrado,MT,0,0,0
25.4,69.0,7.6,0.0,30,325.3,6.8,65.0,0.5,5.5,Cerrado,MT,0,0,0
25.4,69.0,7.6,0.0,30,356.2,19.0,65.0,0.5,10.1,Cerrado,MT,0,0,0
25.4,69.0,7.6,0.0,30,332.3,2.6,65.0,0.5,8.5,Cerrado,MT,0,0,1
25.4,69.0,7.6,0.0,30,327.5,5.9,65.0,0.5,4.9,Cerrado,MT,0,0,0
25.4,69.0,7.6,0.0,30,346.8,10.0,65.0,0.7,20.2,Mata Atlantica,GO,0,0,0
25.4,69.0,7.6,0.0,30,341.5,7.4,65.0,0.7,18.9,Mata Atlantica,GO,0,0,0
25.4,69.0,7.6,0.0,30,338.7,7.4,65.0,0.7,15.7,Mata Atlantica,GO,0,0,0
25.4,69.0,7.6,0.0,30,335.2,9.4,65.0,0.7,5.4,Mata Atlantica,BA,0,0,0
25.0,66.0,6.7,0.0,30,335.9,2.9,65.0,0.5,14.3,Cerrado,MT,0,0,1
24.9,69.0,7.0,0.0,30,330.3,1.9,65.0,0.5,13.2,Cerrado,MT,0,0,0
25.0,66.0,6.7,0.0,30,338.2,6.8,65.0,0.5,12.2,Cerrado,MT,0,0,1
25.0,66.0,6.7,0.0,30,331.0,2.3,65.0,0.5,16.2,Cerrado,MT,0,0,0
25.0,66.0,6.7,0.0,30,355.7,12.1,65.0,0.5,13.2,Cerrado,MT,0,0,1
24.9,69.0,7.0,0.0,30,342.8,4.6,65.0,0.5,13.7,Cerrado,MT,0,0,0
25.0,66.0,6.7,0.0,30,344.3,4.6,65.0,0.5,13.2,Cerrado,MT,0,0,1
25.0,66.0,6.7,0.0,30,352.1,13.9,65.0,0.5,11.7,Cerrado,MT,0,0,1
25.0,66.0,6.7,0.0,30,330.4,3.3,65.0,0.5,1.1,Cerrado,MT,0,0,0
25.0,66.0,6.7,0.0,30,332.7,3.0,65.0,0.5,10.4,Cerrado,MT,0,0,0
25.0,63.0,6.5,0.0,30,355.6,7.1,65.0,0.5,7.2,Cerrado,MT,0,0,1
25.0,63.0,6.5,0.0,30,329.6,4.2,65.0,0.5,3.6,Cerrado,MT,0,0,1
25.0,63.0,6.5,0.0,30,329.1,4.0,65.0,0.5,18.4,Cerrado,MT,0,0,1
24.9,69.0,7.0,0.0,30,331.4,5.1,65.0,0.5,18.6,Cerrado,MT,0,0,1
25.0,63.0,6.5,0.0,30,329.4,3.6,65.0,0.5,16.8,Cerrado,MT,0,0,1
25.0,66.0,6.7,0.0,30,333.4,3.2,65.0,0.5,11.3,Cerrado,MT,0,0,1
25.0,63.0,6.5,0.0,30,333.0,5.5,65.0,0.5,16.8,Cerrado,MT,0,0,0
25.0,63.0,6.5,0.0,30,341.4,3.5,65.0,0.5,10.1,Cerrado,MT,0,0,0
25.0,63.0,6.5,0.0,30,341.6,4.7,65.0,0.5,11.0,Cerrado,MT,0,0,0
25.0,63.0,6.5,0.0,30,331.0,4.0,65.0,0.5,4.5,Cerrado,MT,0,0,1
25.0,63.0,6.5,0.0,30,332.2,4.7,65.0,0.5,12.0,Cerrado,MT,0,0,1
25.0,63.0,6.5,0.0,30,333.5,3.0,65.0,0.5,10.3,Cerrado,MT,0,0,1
25.0,63.0,6.5,0.0,30,329.3,2.6,65.0,0.5,3.5,Cerrado,MT,0,0,0
25.0,63.0,6.5,0.0,30,328.4,3.5,65.0,0.5,9.7,Cerrado,MT,0,0,0
25.0,63.0,6.5,0.0,30,332.2,3.0,65.0,0.5,9.6,Cerrado,MT,0,0,0
25.0,63.0,6.5,0.0,30,333.5,2.3,65.0,0.5,19.0,Cerrado,MT,0,0,1
25.0,63.0,6.5,0.0,30,338.8,2.6,65.0,0.5,14.5,Cerrado,MT,0,0,1
25.0,67.0,7.6,0.0,30,329.7,3.8,65.0,0.5,10.1,Cerrado,MT,0,0,0
25.0,67.0,7.6,0.0,30,327.7,3.3,65.0,0.5,11.2,Cerrado,MT,0,0,1
25.0,63.0,6.5,0.0,30,334.4,5.2,65.0,0.5,10.2,Cerrado,MT,0,0,0
25.0,63.0,6.5,0.0,30,336.0,5.2,65.0,0.5,9.0,Cerrado,MT,0,0,1
25.0,63.0,6.5,0.0,30,329.4,4.2,65.0,0.5,4.6,Cerrado,MT,0,0,0
25.0,63.0,6.5,0.0,30,332.7,2.6,65.0,0.5,9.2,Cerrado,MT,0,0,1
25.0,67.0,7.6,0.0,30,333.7,6.5,65.0,0.5,6.3,Cerrado,MT,0,0,0
25.0,67.0,7.6,0.0,30,342.0,6.5,65.0,0.5,3.7,Cerrado,MT,0,0,1
25.0,63.0,6.5,0.0,30,331.6,3.2,65.0,0.5,12.6,Cerrado,MT,0,0,1
25.0,67.0,7.6,0.0,30,349.0,7.0,65.0,0.5,12.0,Cerrado,MT,0,0,0
25.0,67.0,7.6,0.0,30,327.4,7.0,65.0,0.5,1.1,Cerrado,MT,0,0,0
25.0,63.0,6.5,0.0,30,339.0,3.3,65.0,0.5,9.4,Cerrado,MT,0,0,0
25.0,63.0,6.5,0.0,30,350.4,10.5,65.0,0.5,15.0,Cerrado,MT,0,0,0
25.0,63.0,6.5,0.0,30,338.3,3.3,65.0,0.5,15.3,Cerrado,MT,0,0,0
19.5,51.0,8.6,0.0,30,329.7,6.3,65.0,0.5,15.1,Cerrado,GO,0,0,1
24.2,82.0,4.1,0.0,30,330.8,3.3,65.0,0.5,10.2,Desconhecido,??,0,0,0
24.1,86.0,4.2,0.0,30,327.7,2.1,65.0,0.5,5.8,Desconhecido,??,0,0,0
11.9,25.0,5.7,0.0,30,343.8,17.2,65.0,0.5,4.6,Desconhecido,??,1,0,1
15.2,74.0,4.4,0.0,30,345.8,16.3,65.0,0.5,11.7,Desconhecido,??,0,0,0
23.5,96.0,3.6,0.0,30,332.7,7.1,65.0,0.5,11.9,Desconhecido,??,0,0,0
23.1,85.0,0.2,0.0,30,328.3,1.8,65.0,0.5,16.4,Desconhecido,??,0,0,0
25.4,81.0,4.1,0.0,30,329.6,2.7,65.0,0.5,15.5,Desconhecido,??,0,0,0
24.1,72.0,4.8,0.0,30,341.2,5.5,65.0,0.5,9.3,Desconhecido,MT,0,0,0
23.5,74.0,6.9,0.0,30,354.8,15.7,65.0,0.5,3.8,Desconhecido,MT,0,0,0
23.5,74.0,6.9,0.0,30,333.6,15.7,65.0,0.5,8.4,Desconhecido,MT,0,0,0
23.9,72.0,7.6,0.0,30,339.3,4.2,65.0,0.5,11.1,Desconhecido,MT,0,0,0
24.4,74.0,6.2,0.0,30,328.4,2.1,65.0,0.5,9.0,Desconhecido,MT,0,0,0
25.0,66.0,7.1,0.0,30,335.2,4.1,65.0,0.5,7.1,Desconhecido,MT,0,0,0
25.4,85.0,3.6,0.0,30,331.1,2.8,65.0,0.5,11.3,Desconhecido,??,0,0,0
24.2,73.0,5.2,0.0,30,347.2,5.0,65.0,0.5,7.5,Desconhecido,MT,0,0,0
24.2,73.0,5.2,0.0,30,342.2,5.0,65.0,0.5,6.9,Desconhecido,MT,0,0,0
24.2,73.0,5.2,0.0,30,351.7,19.4,65.0,0.5,11.6,Desconhecido,MT,0,0,0
24.2,73.0,5.2,0.0,30,367.0,19.4,95.0,0.5,8.0,Desconhecido,MT,0,0,1
24.2,73.0,5.2,0.0,30,352.3,19.4,65.0,0.5,11.2,Desconhecido,MT,0,0,0
24.2,73.0,5.2,0.0,30,355.8,19.4,65.0,0.5,11.4,Desconhecido,MT,0,0,0
24.2,73.0,5.2,0.0,30,349.9,10.9,65.0,0.5,4.3,Desconhecido,MT,0,0,0
24.2,73.0,5.2,0.0,30,332.3,3.5,65.0,0.5,7.6,Desconhecido,MT,0,0,0
24.2,73.0,5.2,0.0,30,348.8,10.9,65.0,0.5,17.2,Desconhecido,MT,0,0,0
25.7,72.0,5.9,0.0,30,328.5,4.0,65.0,0.6,4.2,Pantanal,MT,0,0,0
25.7,72.0,5.9,0.0,30,330.4,2.4,65.0,0.6,0.0,Pantanal,MT,0,0,0
25.6,73.0,5.0,0.0,30,343.2,8.1,65.0,0.6,0.7,Pantanal,MT,0,0,0
25.5,69.0,5.7,0.0,30,335.2,18.1,65.0,0.6,10.1,Pantanal,MT,0,0,1
25.5,69.0,5.7,0.0,30,341.1,11.5,65.0,0.6,10.2,Pantanal,MT,0,0,0
25.5,69.0,5.7,0.0,30,349.3,11.5,65.0,0.6,9.4,Pantanal,MT,0,0,1
24.1,76.0,5.1,0.0,30,350.0,4.0,65.0,0.5,16.1,Desconhecido,MT,0,0,0
25.5,69.0,5.7,0.0,30,350.3,9.4,65.0,0.6,0.0,Pantanal,MT,0,0,1
25.5,69.0,5.7,0.0,30,339.5,7.1,65.0,0.6,12.0,Pantanal,MT,0,0,1
25.2,72.0,5.0,0.0,30,326.9,2.7,65.0,0.5,17.8,Desconhecido,MT,0,0,1
25.5,74.0,5.5,0.0,30,338.6,6.2,65.0,0.5,4.4,Desconhecido,MT,0,0,0
25.5,74.0,5.5,0.0,30,339.0,6.8,65.0,0.5,8.1,Desconhecido,MT,0,0,0
24.0,81.0,4.6,0.0,30,343.6,6.4,65.0,0.5,6.2,Desconhecido,??,0,0,0
24.4,85.0,0.9,0.0,30,347.4,4.7,65.0,0.5,5.5,Desconhecido,??,0,0,0
24.4,85.0,0.9,0.0,30,331.5,3.0,65.0,0.5,8.4,Desconhecido,??,0,0,0
24.4,85.0,0.9,0.0,30,339.3,4.7,65.0,0.5,17.1,Desconhecido,??,0,0,0
24.4,85.0,0.9,0.0,30,341.2,4.7,65.0,0.5,19.2,Desconhecido,??,0,0,0
24.4,85.0,0.9,0.0,30,332.9,3.0,65.0,0.5,8.3,Desconhecido,??,0,0,0
24.4,85.0,0.9,0.0,30,340.6,4.7,65.0,0.5,19.5,Desconhecido,??,0,0,0
26.1,76.0,4.4,0.0,30,331.0,5.4,65.0,0.5,10.2,Desconhecido,??,0,0,0
26.1,76.0,4.4,0.0,30,333.1,5.4,65.0,0.5,18.8,Desconhecido,??,0,0,0
24.2,84.0,1.5,0.0,30,329.3,4.1,65.0,0.5,9.5,Desconhecido,??,0,0,0
24.7,81.0,2.3,0.0,30,331.7,7.1,65.0,0.5,10.7,Desconhecido,??,0,0,0
24.2,84.0,1.5,0.0,30,330.8,4.1,65.0,0.5,11.8,Desconhecido,??,0,0,0
24.7,70.0,6.9,0.0,30,349.7,6.6,65.0,0.5,25.9,Desconhecido,MT,0,0,0
25.0,75.0,3.5,0.0,30,345.3,6.0,65.0,0.5,14.3,Desconhecido,??,0,0,0
25.0,75.0,3.5,0.0,30,345.9,6.0,65.0,0.5,6.5,Desconhecido,??,0,0,0
25.0,75.0,3.5,0.0,30,340.1,8.8,65.0,0.5,14.8,Desconhecido,??,0,0,0
26.2,67.0,6.3,0.0,30,334.8,5.2,65.0,0.5,8.2,Desconhecido,MT,0,0,1
25.4,72.0,6.0,0.0,30,334.9,5.3,65.0,0.5,7.6,Desconhecido,MT,0,0,0
25.4,72.0,6.0,0.0,30,350.3,5.3,65.0,0.5,14.5,Desconhecido,MT,0,0,0
25.8,72.0,4.1,0.0,30,330.8,2.3,65.0,0.5,10.2,Desconhecido,MT,0,0,0
21.6,64.0,5.9,0.0,30,328.3,3.7,65.0,0.5,11.4,Cerrado,MT,0,0,0
25.8,90.0,0.7,0.0,30,329.4,9.4,65.0,0.5,10.1,Desconhecido,??,0,0,0
25.8,90.0,0.7,0.0,30,347.4,9.4,65.0,0.5,11.7,Desconhecido,??,0,0,0
26.2,85.0,4.3,0.0,30,339.8,4.8,65.0,0.5,12.1,Desconhecido,??,0,0,0
26.5,79.0,5.6,0.0,30,327.9,2.9,65.0,0.5,0.3,Desconhecido,??,0,0,0
26.5,79.0,5.6,0.0,30,339.1,5.1,65.0,0.5,13.3,Desconhecido,??,0,0,0
26.3,83.0,5.4,0.0,30,339.5,6.2,65.0,0.5,5.1,Desconhecido,??,0,0,0
25.1,91.0,3.2,0.0,30,332.6,5.3,65.0,0.5,2.8,Desconhecido,MT,0,0,0
25.1,91.0,3.2,0.0,30,331.6,5.3,65.0,0.5,9.7,Desconhecido,MT,0,0,0
26.8,36.0,9.2,0.0,30,332.9,3.8,65.0,0.5,10.4,Cerrado,MT,0,0,1
23.3,72.0,7.9,0.0,30,347.5,9.1,65.0,0.5,6.5,Cerrado,MT,0,0,0
23.3,72.0,7.9,0.0,30,342.3,9.8,65.0,0.5,14.2,Cerrado,MT,0,0,0
23.3,72.0,7.9,0.0,30,349.2,17.4,65.0,0.5,3.3,Cerrado,MT,0,0,0
23.3,72.0,7.9,0.0,30,367.0,17.4,95.0,0.5,8.0,Cerrado,MT,0,0,0
23.3,72.0,7.9,0.0,30,338.7,15.4,65.0,0.5,7.1,Cerrado,MT,0,0,0
23.3,72.0,7.9,0.0,30,345.9,17.4,65.0,0.5,9.8,Cerrado,MT,0,0,0
23.3,72.0,7.9,0.0,30,352.9,15.4,65.0,0.5,11.4,Cerrado,MT,0,0,0
23.3,72.0,7.9,0.0,30,332.0,5.3,65.0,0.5,5.0,Cerrado,MT,0,0,1
23.3,72.0,7.9,0.0,30,342.1,5.3,65.0,0.5,13.6,Cerrado,MT,0,0,0
27.0,78.0,4.7,0.0,30,330.9,2.3,65.0,0.5,10.3,Desconhecido,??,0,0,0
27.6,31.0,10.9,0.0,30,352.2,4.2,65.0,0.5,0.5,Cerrado,MT,0,0,1
27.6,31.0,10.9,0.0,30,339.1,4.2,65.0,0.5,0.2,Cerrado,MT,0,0,1
23.0,71.0,10.4,0.0,30,328.2,3.0,65.0,0.5,9.9,Cerrado,MT,0,0,0
23.0,71.0,10.4,0.0,30,332.5,4.1,65.0,0.5,8.9,Cerrado,MT,0,0,1
27.6,31.0,10.9,0.0,30,344.9,4.2,65.0,0.5,9.5,Cerrado,MT,0,0,1
23.0,71.0,10.4,0.0,30,343.4,6.5,65.0,0.5,9.9,Cerrado,MT,0,0,0
25.4,69.0,7.6,0.0,30,345.2,8.8,65.0,0.5,11.1,Cerrado,MT,0,0,1
25.4,69.0,7.6,0.0,30,330.4,7.6,65.0,0.5,14.7,Cerrado,MT,0,0,0
25.4,69.0,7.6,0.0,30,343.6,6.0,65.0,0.5,4.4,Cerrado,MT,0,0,0
25.4,69.0,7.6,0.0,30,341.3,5.9,65.0,0.5,4.1,Cerrado,MT,0,0,1
25.4,69.0,7.6,0.0,30,331.7,5.5,65.0,0.5,4.5,Desconhecido,??,0,0,0
25.4,69.0,7.6,0.0,30,337.1,2.1,65.0,0.5,11.4,Cerrado,MT,0,0,1
25.4,69.0,7.6,0.0,30,335.3,6.1,65.0,0.5,16.2,Cerrado,MT,0,0,1
25.4,69.0,7.6,0.0,30,355.6,20.9,65.0,0.5,7.8,Cerrado,MT,0,0,1
25.4,69.0,7.6,0.0,30,349.8,172.6,65.0,0.5,0.0,Cerrado,MT,0,0,1
25.4,69.0,7.6,0.0,30,340.1,14.2,65.0,0.5,1.5,Cerrado,MT,0,0,0
25.4,69.0,7.6,0.0,30,342.7,14.2,65.0,0.5,5.8,Cerrado,MT,0,0,0
25.4,69.0,7.6,0.0,30,346.4,55.6,65.0,0.5,7.2,Cerrado,MT,0,0,0
25.4,69.0,7.6,0.0,30,332.2,2.5,65.0,0.5,8.0,Cerrado,MT,0,0,1
25.4,69.0,7.6,0.0,30,349.9,14.8,65.0,0.5,10.2,Desconhecido,??,0,0,0
25.4,69.0,7.6,0.0,30,334.9,10.7,65.0,0.5,8.4,Desconhecido,??,0,0,0
25.4,69.0,7.6,0.0,30,341.8,10.7,65.0,0.5,15.2,Desconhecido,??,0,0,0
25.4,69.0,7.6,0.0,30,356.6,20.2,65.0,0.5,6.6,Cerrado,MT,0,0,0
25.4,69.0,7.6,0.0,30,335.1,6.8,65.0,0.5,5.7,Cerrado,MT,0,0,1
25.4,69.0,7.6,0.0,30,336.3,20.2,65.0,0.5,12.4,Cerrado,MT,0,0,0
25.4,69.0,7.6,0.0,30,335.6,3.9,65.0,0.5,2.3,Desconhecido,??,0,0,1
25.4,69.0,7.6,0.0,30,334.9,3.0,65.0,0.5,11.9,Desconhecido,??,0,0,0
25.4,69.0,7.6,0.0,30,330.8,3.9,65.0,0.5,10.5,Desconhecido,??,0,0,0
25.4,69.0,7.6,0.0,30,338.1,48.4,65.0,0.5,9.3,Desconhecido,??,0,0,1
25.4,69.0,7.6,0.0,30,338.9,12.6,65.0,0.5,17.9,Desconhecido,??,0,0,1
25.4,69.0,7.6,0.0,30,342.9,12.6,65.0,0.5,6.9,Desconhecido,??,0,0,0
25.4,69.0,7.6,0.0,30,336.8,5.4,65.0,0.5,20.3,Desconhecido,??,0,0,0
25.4,69.0,7.6,0.0,30,337.5,37.2,65.0,0.5,8.9,Cerrado,MT,0,0,1
25.4,69.0,7.6,0.0,30,357.5,147.7,65.0,0.5,3.6,Cerrado,MT,0,0,1
25.4,69.0,7.6,0.0,30,351.7,37.6,65.0,0.5,10.3,Cerrado,MT,0,0,1
25.4,69.0,7.6,0.0,30,340.7,37.6,65.0,0.5,4.6,Cerrado,MT,0,0,1
25.4,69.0,7.6,0.0,30,331.4,39.4,65.0,0.5,6.2,Cerrado,MT,0,0,0
25.4,69.0,7.6,0.0,30,341.7,29.8,65.0,0.5,12.0,Cerrado,MT,0,0,0
25.4,69.0,7.6,0.0,30,338.1,29.1,65.0,0.5,12.8,Cerrado,MT,0,0,1
25.4,69.0,7.6,0.0,30,334.0,9.3,65.0,0.5,6.9,Cerrado,MT,0,0,0
25.4,69.0,7.6,0.0,30,337.5,29.1,65.0,0.5,14.9,Cerrado,MT,0,0,1
25.4,69.0,7.6,0.0,30,342.1,39.4,65.0,0.5,15.8,Cerrado,MT,0,0,1
25.4,69.0,7.6,0.0,30,354.2,39.4,65.0,0.5,17.2,Cerrado,MT,0,0,1
25.4,69.0,7.6,0.0,30,347.0,29.8,65.0,0.5,12.6,Cerrado,MT,0,0,1
25.4,69.0,7.6,0.0,30,347.2,29.1,65.0,0.5,16.8,Cerrado,MT,0,0,1
25.4,69.0,7.6,0.0,30,339.7,29.1,65.0,0.5,0.6,Cerrado,MT,0,0,0
25.4,69.0,7.6,0.0,30,335.5,32.0,65.0,0.5,8.4,Cerrado,MT,0,0,1
25.4,69.0,7.6,0.0,30,344.2,32.0,65.0,0.5,5.7,Cerrado,MT,0,0,1
25.4,69.0,7.6,0.0,30,341.9,32.0,65.0,0.5,10.6,Cerrado,MT,0,0,1
25.4,69.0,7.6,0.0,30,330.8,3.7,65.0,0.5,7.1,Desconhecido,??,0,0,0
25.4,69.0,7.6,0.0,30,334.7,5.3,65.0,0.5,9.2,Desconhecido,??,0,0,0
25.4,69.0,7.6,0.0,30,330.8,5.3,65.0,0.5,19.4,Desconhecido,??,0,0,0
25.4,69.0,7.6,0.0,30,333.3,3.1,65.0,0.5,9.2,Cerrado,MT,0,0,1
25.4,69.0,7.6,0.0,30,334.1,3.4,65.0,0.5,12.1,Desconhecido,RO,0,0,1
25.4,69.0,7.6,0.0,30,325.5,4.3,65.0,0.5,8.8,Desconhecido,??,0,0,0
25.4,69.0,7.6,0.0,30,330.6,1.9,65.0,0.5,10.4,Desconhecido,??,0,0,0
25.4,69.0,7.6,0.0,30,353.2,12.1,65.0,0.5,10.0,Desconhecido,RO,0,0,0
25.4,69.0,7.6,0.0,30,337.9,9.8,65.0,0.5,12.2,Desconhecido,RO,0,0,0
25.4,69.0,7.6,0.0,30,336.7,12.1,65.0,0.5,15.8,Desconhecido,RO,0,0,0
25.4,69.0,7.6,0.0,30,342.7,5.6,65.0,0.5,18.2,Desconhecido,RO,0,0,1
25.4,69.0,7.6,0.0,30,337.3,5.6,65.0,0.5,11.5,Desconhecido,RO,0,0,1
25.4,69.0,7.6,0.0,30,341.2,21.9,65.0,0.5,12.9,Desconhecido,RO,0,0,0
25.4,69.0,7.6,0.0,30,329.7,3.8,65.0,0.5,4.2,Desconhecido,RO,0,0,1
25.4,69.0,7.6,0.0,30,338.8,21.9,65.0,0.5,9.6,Desconhecido,RO,0,0,0
25.4,69.0,7.6,0.0,30,332.1,2.9,65.0,0.5,14.7,Desconhecido,RO,0,0,0
25.4,69.0,7.6,0.0,30,337.1,3.5,65.0,0.5,14.3,Desconhecido,RO,0,0,1
25.4,69.0,7.6,0.0,30,346.2,16.6,65.0,0.5,11.1,Desconhecido,RO,0,0,1
25.4,69.0,7.6,0.0,30,339.3,9.0,65.0,0.5,14.4,Desconhecido,RO,0,0,0
25.4,69.0,7.6,0.0,30,332.8,5.9,65.0,0.5,12.5,Desconhecido,RO,0,0,1
25.4,69.0,7.6,0.0,30,332.6,5.9,65.0,0.5,16.0,Desconhecido,RO,0,0,1
25.4,69.0,7.6,0.0,30,335.7,5.9,65.0,0.5,11.4,Desconhecido,RO,0,0,1
25.4,69.0,7.6,0.0,30,334.8,7.2,65.0,0.5,8.2,Desconhecido,??,0,0,1
25.4,69.0,7.6,0.0,30,331.2,2.6,65.0,0.5,11.7,Desconhecido,RO,0,0,0
25.4,69.0,7.6,0.0,30,329.2,15.4,65.0,0.5,0.0,Desconhecido,RO,0,0,1
25.4,69.0,7.6,0.0,30,331.1,1.7,65.0,0.5,11.9,Desconhecido,RO,0,0,1
25.4,69.0,7.6,0.0,30,346.1,15.4,65.0,0.5,0.0,Desconhecido,RO,0,0,0
25.4,69.0,7.6,0.0,30,345.7,15.4,65.0,0.5,1.4,Desconhecido,RO,0,0,0
25.4,69.0,7.6,0.0,30,330.7,2.0,65.0,0.5,12.3,Desconhecido,RO,0,0,0
25.4,69.0,7.6,0.0,30,351.6,8.5,65.0,0.5,12.4,Desconhecido,RO,0,0,0
25.4,69.0,7.6,0.0,30,333.7,4.0,65.0,0.5,4.2,Desconhecido,RO,0,0,0
25.4,69.0,7.6,0.0,30,334.1,2.6,65.0,0.5,6.4,Desconhecido,RO,0,0,1
25.4,69.0,7.6,0.0,30,339.1,5.3,65.0,0.5,16.9,Desconhecido,RO,0,0,0
25.4,69.0,7.6,0.0,30,340.6,6.5,65.0,0.5,7.6,Cerrado,MT,0,0,0
25.4,69.0,7.6,0.0,30,329.0,4.6,65.0,0.5,21.2,Cerrado,MT,0,0,1
25.4,69.0,7.6,0.0,30,334.0,4.6,65.0,0.5,10.0,Cerrado,MT,0,0,0
25.4,69.0,7.6,0.0,30,348.4,5.4,65.0,0.5,12.0,Cerrado,MT,0,0,1
25.4,69.0,7.6,0.0,30,350.3,7.4,65.0,0.5,18.1,Cerrado,MT,0,0,0
25.4,69.0,7.6,0.0,30,353.3,7.4,65.0,0.5,10.7,Cerrado,MT,0,0,0
25.4,69.0,7.6,0.0,30,326.6,4.2,65.0,0.5,5.0,Cerrado,MT,0,0,1
25.4,69.0,7.6,0.0,30,331.3,7.6,65.0,0.5,9.5,Desconhecido,??,0,0,0
25.4,69.0,7.6,0.0,30,339.5,9.0,65.0,0.5,9.8,Desconhecido,??,0,0,0
25.4,69.0,7.6,0.0,30,331.0,4.4,65.0,0.5,3.2,Desconhecido,RO,0,0,0
25.4,69.0,7.6,0.0,30,340.1,4.9,65.0,0.5,8.7,Desconhecido,RO,0,0,0
25.4,69.0,7.6,0.0,30,334.9,3.9,65.0,0.5,6.3,Desconhecido,RO,0,0,0
25.4,69.0,7.6,0.0,30,353.0,16.3,65.0,0.5,14.6,Desconhecido,RO,0,0,0
25.4,69.0,7.6,0.0,30,331.5,5.1,65.0,0.5,10.2,Desconhecido,RO,0,0,0
25.4,69.0,7.6,0.0,30,329.7,5.1,65.0,0.5,8.6,Desconhecido,RO,0,0,0
25.4,69.0,7.6,0.0,30,367.0,16.3,95.0,0.5,9.5,Desconhecido,RO,0,0,1
25.4,69.0,7.6,0.0,30,343.2,5.3,65.0,0.5,11.1,Desconhecido,RO,0,0,0
25.4,69.0,7.6,0.0,30,352.0,59.4,65.0,0.5,13.1,Desconhecido,RO,0,0,0
25.4,69.0,7.6,0.0,30,351.0,7.3,65.0,0.5,5.0,Desconhecido,RO,0,0,0
25.4,69.0,7.6,0.0,30,327.3,2.7,65.0,0.5,4.8,Cerrado,MT,0,0,1
25.4,69.0,7.6,0.0,30,341.5,8.8,65.0,0.5,15.5,Desconhecido,RO,0,0,0
25.4,69.0,7.6,0.0,30,327.0,4.1,65.0,0.5,7.9,Cerrado,MT,0,0,0
25.4,69.0,7.6,0.0,30,332.8,3.2,65.0,0.5,2.9,Cerrado,MT,0,0,0
25.4,69.0,7.6,0.0,30,330.2,3.1,65.0,0.5,12.2,Cerrado,MT,0,0,0
25.4,69.0,7.6,0.0,30,349.7,4.3,65.0,0.5,12.3,Cerrado,MT,0,0,1
25.4,69.0,7.6,0.0,30,353.5,57.3,65.0,0.5,2.3,Cerrado,MT,0,0,1
25.4,69.0,7.6,0.0,30,335.0,6.8,65.0,0.5,11.1,Desconhecido,MT,0,0,0
25.4,69.0,7.6,0.0,30,344.4,9.5,65.0,0.5,13.7,Cerrado,MT,0,0,1
25.4,69.0,7.6,0.0,30,344.3,14.0,65.0,0.5,11.9,Cerrado,MT,0,0,0
25.4,69.0,7.6,0.0,30,341.5,9.9,65.0,0.5,13.2,Cerrado,MT,0,0,0
25.4,69.0,7.6,0.0,30,345.0,7.7,65.0,0.5,3.0,Cerrado,MT,0,0,0
25.4,69.0,7.6,0.0,30,339.1,7.7,65.0,0.5,11.7,Cerrado,MT,0,0,0
25.4,69.0,7.6,0.0,30,350.1,7.2,65.0,0.5,8.5,Cerrado,MT,0,0,1
25.4,69.0,7.6,0.0,30,339.7,7.2,65.0,0.5,7.6,Cerrado,MT,0,0,1
25.4,69.0,7.6,0.0,30,351.2,15.4,65.0,0.5,14.4,Cerrado,MT,0,0,1
25.4,69.0,7.6,0.0,30,367.0,15.4,95.0,0.5,17.4,Cerrado,MT,0,0,1
25.4,69.0,7.6,0.0,30,335.7,6.8,65.0,0.5,19.0,Cerrado,MT,0,0,0
25.4,69.0,7.6,0.0,30,346.4,7.5,65.0,0.5,16.6,Cerrado,MT,0,0,0
25.4,69.0,7.6,0.0,30,339.5,8.3,65.0,0.5,9.5,Cerrado,MT,0,0,1
25.4,69.0,7.6,0.0,30,353.7,8.2,65.0,0.5,11.8,Cerrado,MT,0,0,1
25.4,69.0,7.6,0.0,30,367.0,8.2,95.0,0.5,13.8,Cerrado,MT,0,0,1
25.4,69.0,7.6,0.0,30,349.9,9.8,65.0,0.5,10.6,Cerrado,MT,0,0,1
25.4,69.0,7.6,0.0,30,355.8,11.0,65.0,0.5,10.7,Cerrado,MT,0,0,0
25.4,69.0,7.6,0.0,30,367.0,11.0,95.0,0.5,14.1,Cerrado,MT,0,0,1
25.4,69.0,7.6,0.0,30,342.7,13.7,65.0,0.5,9.7,Cerrado,MT,0,0,0
25.4,69.0,7.6,0.0,30,335.0,9.4,65.0,0.5,6.4,Cerrado,MT,0,0,0
25.4,69.0,7.6,0.0,30,337.2,6.1,65.0,0.5,7.9,Cerrado,MT,0,0,0
25.4,69.0,7.6,0.0,30,330.0,2.1,65.0,0.5,13.2,Cerrado,MT,0,0,0
25.4,69.0,7.6,0.0,30,367.0,7.2,95.0,0.5,10.0,Cerrado,MT,0,0,0
25.4,69.0,7.6,0.0,30,341.8,7.2,65.0,0.5,11.7,Cerrado,MT,0,0,0
25.4,69.0,7.6,0.0,30,331.0,10.4,65.0,0.5,13.4,Cerrado,MT,0,0,0
25.4,69.0,7.6,0.0,30,343.4,7.2,65.0,0.5,8.1,Cerrado,MT,0,0,0
25.4,69.0,7.6,0.0,30,341.4,10.9,65.0,0.5,13.8,Cerrado,MT,0,0,0
25.4,69.0,7.6,0.0,30,329.2,1.9,65.0,0.5,11.9,Desconhecido,RO,0,0,0
25.4,69.0,7.6,0.0,30,337.2,10.6,65.0,0.5,3.8,Cerrado,MT,0,0,0
25.4,69.0,7.6,0.0,30,338.4,6.3,65.0,0.5,17.2,Cerrado,MT,0,0,0
25.4,69.0,7.6,0.0,30,343.5,6.3,65.0,0.5,7.5,Cerrado,MT,0,0,1
25.4,69.0,7.6,0.0,30,337.3,15.2,65.0,0.5,1.7,Cerrado,MT,0,0,0
25.4,69.0,7.6,0.0,30,352.8,15.2,65.0,0.5,4.8,Cerrado,MT,0,0,0
25.4,69.0,7.6,0.0,30,354.3,28.1,65.0,0.5,4.9,Cerrado,MT,0,0,1
25.4,69.0,7.6,0.0,30,347.6,13.6,65.0,0.5,10.3,Cerrado,MT,0,0,1
25.4,69.0,7.6,0.0,30,338.1,4.1,65.0,0.5,8.6,Cerrado,MT,0,0,1
25.4,69.0,7.6,0.0,30,331.1,4.2,65.0,0.5,8.3,Cerrado,MT,0,0,0
25.4,69.0,7.6,0.0,30,349.5,28.0,65.0,0.5,13.1,Desconhecido,RO,0,0,0
25.4,69.0,7.6,0.0,30,330.4,28.0,65.0,0.5,11.7,Desconhecido,RO,0,0,0
25.4,69.0,7.6,0.0,30,346.4,28.0,65.0,0.5,11.6,Desconhecido,RO,0,0,0
25.4,69.0,7.6,0.0,30,350.3,14.7,65.0,0.5,12.0,Cerrado,TO,0,0,1
25.4,69.0,7.6,0.0,30,340.9,6.0,65.0,0.5,13.1,Cerrado,MT,0,0,0
25.4,69.0,7.6,0.0,30,367.0,22.1,95.0,0.5,0.0,Cerrado,MT,0,0,1
25.4,69.0,7.6,0.0,30,344.9,12.3,65.0,0.5,8.2,Cerrado,MT,0,0,1
25.4,69.0,7.6,0.0,30,344.0,9.6,65.0,0.5,0.0,Cerrado,MT,0,0,0
25.4,69.0,7.6,0.0,30,337.9,6.0,65.0,0.5,10.2,Cerrado,MT,0,0,1
25.4,69.0,7.6,0.0,30,343.0,6.3,65.0,0.5,10.0,Cerrado,MT,0,0,1
25.4,69.0,7.6,0.0,30,339.7,6.4,65.0,0.5,15.2,Cerrado,MT,0,0,1
25.4,69.0,7.6,0.0,30,331.8,9.0,65.0,0.5,15.9,Cerrado,TO,0,0,1
25.4,69.0,7.6,0.0,30,340.0,14.8,65.0,0.5,11.0,Cerrado,TO,0,0,1
25.4,69.0,7.6,0.0,30,367.0,8.9,95.0,0.5,7.5,Cerrado,MT,0,0,1
25.4,69.0,7.6,0.0,30,350.8,8.9,65.0,0.5,12.4,Cerrado,MT,0,0,0
25.4,69.0,7.6,0.0,30,345.2,61.0,65.0,0.5,7.4,Cerrado,MT,0,0,1
25.4,69.0,7.6,0.0,30,343.3,13.1,65.0,0.5,10.0,Cerrado,MT,0,0,1
25.4,69.0,7.6,0.0,30,351.0,34.2,65.0,0.5,14.9,Cerrado,MT,0,0,1
25.4,69.0,7.6,0.0,30,351.3,13.1,65.0,0.5,7.2,Cerrado,MT,0,0,1
25.4,69.0,7.6,0.0,30,341.9,34.2,65.0,0.5,14.0,Cerrado,MT,0,0,1
25.4,69.0,7.6,0.0,30,335.7,2.2,65.0,0.5,13.4,Cerrado,MT,0,0,0
25.4,69.0,7.6,0.0,30,335.9,0.1,65.0,0.5,5.2,Cerrado,MT,0,0,0
25.4,69.0,7.6,0.0,30,343.7,7.9,65.0,0.5,14.9,Desconhecido,RO,0,0,1
25.4,69.0,7.6,0.0,30,346.5,5.4,65.0,0.5,13.5,Desconhecido,RO,0,0,1
25.4,69.0,7.6,0.0,30,343.4,22.3,65.0,0.5,10.5,Desconhecido,RO,0,0,0
25.4,69.0,7.6,0.0,30,339.9,5.4,65.0,0.5,6.2,Desconhecido,RO,0,0,0
25.4,69.0,7.6,0.0,30,350.3,10.1,65.0,0.5,5.7,Desconhecido,RO,0,0,1
25.4,69.0,7.6,0.0,30,336.3,6.1,65.0,0.5,7.3,Cerrado,MT,0,0,0
25.4,69.0,7.6,0.0,30,344.8,6.9,65.0,0.5,12.7,Cerrado,MT,0,0,1
25.4,69.0,7.6,0.0,30,337.5,12.0,65.0,0.5,5.2,Cerrado,MT,0,0,1
25.4,69.0,7.6,0.0,30,327.6,2.5,65.0,0.5,12.2,Cerrado,MT,0,0,1
25.4,69.0,7.6,0.0,30,335.4,7.1,65.0,0.5,3.8,Cerrado,MT,0,0,0
25.4,69.0,7.6,0.0,30,333.6,2.6,65.0,0.5,9.0,Desconhecido,RO,0,0,1
25.4,69.0,7.6,0.0,30,333.5,2.3,65.0,0.5,10.5,Desconhecido,RO,0,0,1
25.4,69.0,7.6,0.0,30,334.2,2.7,65.0,0.8,22.2,Amazonia,PA,0,0,0
25.4,69.0,7.6,0.0,30,337.6,7.7,65.0,0.8,3.1,Amazonia,PA,0,0,0
25.4,69.0,7.6,0.0,30,330.9,9.9,65.0,0.8,17.4,Amazonia,PA,0,0,1
25.4,69.0,7.6,0.0,30,337.5,8.1,65.0,0.8,10.7,Amazonia,PA,0,0,0
25.4,69.0,7.6,0.0,30,334.1,4.1,65.0,0.8,12.1,Amazonia,AM,0,0,0
25.4,69.0,7.6,0.0,30,335.3,4.3,65.0,0.8,10.6,Amazonia,AM,0,0,1
25.4,69.0,7.6,0.0,30,336.4,4.6,65.0,0.8,12.2,Amazonia,AM,0,0,1
25.4,69.0,7.6,0.0,30,331.0,2.7,65.0,0.8,9.2,Amazonia,AM,0,0,0
25.4,69.0,7.6,0.0,30,331.4,6.4,65.0,0.8,17.3,Amazonia,AM,0,0,0
25.4,69.0,7.6,0.0,30,328.8,8.2,65.0,0.8,7.7,Amazonia,PA,0,0,0
25.4,69.0,7.6,0.0,30,338.5,6.7,65.0,0.8,15.7,Amazonia,AM,0,0,0
25.4,69.0,7.6,0.0,30,341.7,7.8,65.0,0.8,6.8,Amazonia,AM,0,0,0
25.4,69.0,7.6,0.0,30,334.6,5.5,65.0,0.8,9.7,Amazonia,AM,0,0,0
25.4,69.0,7.6,0.0,30,328.5,2.3,65.0,0.8,4.6,Amazonia,AM,0,0,0
25.4,69.0,7.6,0.0,30,336.8,16.4,65.0,0.8,12.3,Amazonia,AM,0,0,0
25.4,69.0,7.6,0.0,30,334.6,9.7,65.0,0.8,17.2,Amazonia,AM,0,0,0
25.4,69.0,7.6,0.0,30,342.7,17.0,65.0,0.8,9.6,Amazonia,AM,0,0,1
25.4,69.0,7.6,0.0,30,325.6,3.4,65.0,0.8,9.0,Amazonia,AM,0,0,0
25.4,69.0,7.6,0.0,30,336.7,11.2,65.0,0.8,4.4,Amazonia,AM,0,0,0
25.4,69.0,7.6,0.0,30,340.0,11.2,65.0,0.8,8.9,Amazonia,AM,0,0,0
25.4,69.0,7.6,0.0,30,354.6,20.6,65.0,0.8,2.0,Amazonia,AM,0,0,1
25.4,69.0,7.6,0.0,30,336.4,2.8,65.0,0.8,5.4,Amazonia,AM,0,0,0
25.4,69.0,7.6,0.0,30,330.5,2.8,65.0,0.8,11.1,Amazonia,AM,0,0,0
25.4,69.0,7.6,0.0,30,333.8,2.8,65.0,0.8,16.6,Amazonia,AM,0,0,1
25.4,69.0,7.6,0.0,30,341.7,6.2,65.0,0.8,24.0,Amazonia,AM,0,0,1
25.4,69.0,7.6,0.0,30,353.4,8.4,65.0,0.8,7.1,Amazonia,AM,0,0,0
25.4,69.0,7.6,0.0,30,342.3,9.4,65.0,0.8,17.2,Amazonia,AM,0,0,1
25.4,69.0,7.6,0.0,30,333.7,6.4,65.0,0.8,11.2,Amazonia,AM,0,0,0
25.4,69.0,7.6,0.0,30,335.9,4.2,65.0,0.8,9.2,Amazonia,AM,0,0,0
25.4,69.0,7.6,0.0,30,339.7,7.3,65.0,0.8,12.2,Amazonia,AM,0,0,0
25.4,69.0,7.6,0.0,30,341.4,5.9,65.0,0.8,10.3,Amazonia,AM,0,0,1
25.4,69.0,7.6,0.0,30,325.2,4.3,65.0,0.8,10.6,Amazonia,AM,0,0,1
25.4,69.0,7.6,0.0,30,332.0,6.8,65.0,0.8,8.0,Amazonia,AM,0,0,0
25.4,69.0,7.6,0.0,30,334.7,4.3,65.0,0.8,3.0,Amazonia,AM,0,0,1
25.4,69.0,7.6,0.0,30,328.9,5.5,65.0,0.8,2.3,Amazonia,AM,0,0,0
25.4,69.0,7.6,0.0,30,346.7,3.9,65.0,0.8,13.3,Amazonia,AM,0,0,0
25.4,69.0,7.6,0.0,30,329.3,4.1,65.0,0.8,8.6,Amazonia,AM,0,0,0
25.4,69.0,7.6,0.0,30,340.6,10.8,65.0,0.8,7.0,Amazonia,AM,0,0,0
25.4,69.0,7.6,0.0,30,343.2,10.9,65.0,0.8,10.0,Amazonia,PA,0,0,0
25.4,69.0,7.6,0.0,30,367.0,15.9,95.0,0.8,14.0,Amazonia,PA,0,0,0
25.4,69.0,7.6,0.0,30,327.4,15.9,65.0,0.8,10.9,Amazonia,PA,0,0,0
25.4,69.0,7.6,0.0,30,347.2,10.3,65.0,0.8,6.7,Amazonia,PA,0,0,0
25.4,69.0,7.6,0.0,30,367.0,21.0,95.0,0.8,16.1,Amazonia,PA,0,0,1
25.4,69.0,7.6,0.0,30,335.2,2.6,65.0,0.8,17.9,Amazonia,AM,0,0,0
25.4,69.0,7.6,0.0,30,339.9,7.4,65.0,0.8,12.5,Amazonia,AM,0,0,0
25.4,69.0,7.6,0.0,30,325.5,4.8,65.0,0.8,14.9,Amazonia,AM,0,0,1
25.4,69.0,7.6,0.0,30,340.2,7.1,65.0,0.8,16.2,Amazonia,AM,0,0,1
25.4,69.0,7.6,0.0,30,333.9,3.0,65.0,0.8,15.7,Amazonia,AM,0,0,0
25.4,69.0,7.6,0.0,30,330.9,2.6,65.0,0.8,13.1,Amazonia,AM,0,0,0
25.4,69.0,7.6,0.0,30,333.1,5.0,65.0,0.8,13.0,Amazonia,??,0,0,1
25.4,69.0,7.6,0.0,30,330.3,5.3,65.0,0.8,12.6,Amazonia,??,0,0,0
25.4,69.0,7.6,0.0,30,330.1,2.7,65.0,0.8,4.5,Amazonia,??,0,0,1
25.4,69.0,7.6,0.0,30,330.2,3.2,65.0,0.8,13.5,Amazonia,??,0,0,0
25.4,69.0,7.6,0.0,30,336.6,3.5,65.0,0.8,3.2,Amazonia,??,0,0,0
25.4,69.0,7.6,0.0,30,335.4,3.2,65.0,0.8,6.0,Amazonia,??,0,0,0
25.4,69.0,7.6,0.0,30,334.3,2.3,65.0,0.8,16.5,Amazonia,??,0,0,1
25.4,69.0,7.6,0.0,30,341.5,5.4,65.0,0.8,14.2,Amazonia,??,0,0,0
25.4,69.0,7.6,0.0,30,338.0,5.4,65.0,0.8,17.4,Amazonia,??,0,0,0
25.4,69.0,7.6,0.0,30,350.2,9.2,65.0,0.8,8.6,Amazonia,??,0,0,0
25.4,69.0,7.6,0.0,30,337.7,6.1,65.0,0.5,4.2,Desconhecido,??,0,0,0
25.4,69.0,7.6,0.0,30,330.9,2.8,65.0,0.5,8.8,Desconhecido,??,0,0,0
25.4,69.0,7.6,0.0,30,334.2,2.8,65.0,0.5,10.5,Desconhecido,??,0,0,0
25.4,69.0,7.6,0.0,30,348.6,9.2,65.0,0.5,10.4,Desconhecido,??,0,0,0
25.4,69.0,7.6,0.0,30,349.0,9.2,65.0,0.5,15.7,Desconhecido,??,0,0,0
25.4,69.0,7.6,0.0,30,345.5,42.4,65.0,0.5,8.2,Desconhecido,??,0,0,0
25.4,69.0,7.6,0.0,30,344.8,42.4,65.0,0.5,11.8,Desconhecido,??,0,0,1
25.4,69.0,7.6,0.0,30,335.4,3.2,65.0,0.5,5.1,Desconhecido,??,0,0,1
25.4,69.0,7.6,0.0,30,342.1,5.0,65.0,0.5,12.3,Desconhecido,??,0,0,0
25.4,69.0,7.6,0.0,30,351.1,12.3,65.0,0.5,10.0,Desconhecido,??,0,0,1
25.4,69.0,7.6,0.0,30,349.2,12.3,65.0,0.5,6.3,Desconhecido,??,0,0,0
25.4,69.0,7.6,0.0,30,303.3,0.6,65.0,0.3,8.8,Caatinga,BA,0,0,1
25.4,69.0,7.6,0.0,30,339.3,8.6,65.0,0.7,9.1,Mata Atlantica,TO,0,0,0
25.4,69.0,7.6,0.0,30,329.3,8.0,65.0,0.7,8.6,Mata Atlantica,TO,0,0,0
25.4,69.0,7.6,0.0,30,337.9,8.3,65.0,0.7,18.9,Mata Atlantica,TO,0,0,0
25.4,69.0,7.6,0.0,30,317.7,4.1,65.0,0.7,9.5,Mata Atlantica,TO,0,0,1
25.4,69.0,7.6,0.0,30,314.4,4.1,65.0,0.7,8.8,Mata Atlantica,TO,0,0,0
25.4,69.0,7.6,0.0,30,295.6,0.7,65.0,0.7,0.0,Mata Atlantica,TO,0,0,1
25.4,69.0,7.6,0.0,30,312.2,0.7,65.0,0.7,5.5,Mata Atlantica,TO,0,0,0
25.4,69.0,7.6,0.0,30,308.7,0.5,65.0,0.7,8.7,Mata Atlantica,TO,0,0,1
25.4,69.0,7.6,0.0,30,296.0,0.5,65.0,0.7,6.6,Mata Atlantica,TO,0,0,0
25.4,69.0,7.6,0.0,30,308.1,1.6,65.0,0.5,16.9,Cerrado,MT,0,0,1
25.4,69.0,7.6,0.0,30,306.2,1.6,65.0,0.5,9.2,Cerrado,MT,0,0,1
25.4,69.0,7.6,0.0,30,302.7,1.2,65.0,0.5,16.4,Cerrado,MT,0,0,1
25.4,69.0,7.6,0.0,30,303.8,1.5,65.0,0.5,10.3,Cerrado,MT,0,0,1
25.4,69.0,7.6,0.0,30,301.6,1.6,65.0,0.5,10.2,Cerrado,MT,0,0,0
25.4,69.0,7.6,0.0,30,300.2,1.2,65.0,0.5,9.6,Cerrado,MT,0,0,1
25.4,69.0,7.6,0.0,30,301.0,1.6,65.0,0.5,10.0,Cerrado,MT,0,0,1
25.4,69.0,7.6,0.0,30,298.2,1.2,65.0,0.5,18.6,Cerrado,MT,0,0,0
25.4,69.0,7.6,0.0,30,305.1,1.1,65.0,0.5,0.0,Cerrado,TO,0,0,0
25.4,69.0,7.6,0.0,30,306.1,1.9,65.0,0.7,0.0,Mata Atlantica,TO,0,0,0
25.4,69.0,7.6,0.0,30,306.6,1.2,65.0,0.7,7.3,Mata Atlantica,TO,0,0,0
25.4,69.0,7.6,0.0,30,299.9,1.0,65.0,0.7,10.1,Mata Atlantica,TO,0,0,0
25.4,69.0,7.6,0.0,30,304.8,1.0,65.0,0.7,13.5,Mata Atlantica,TO,0,0,0
25.4,69.0,7.6,0.0,30,316.3,1.9,65.0,0.7,12.4,Mata Atlantica,TO,0,0,0
25.4,69.0,7.6,0.0,30,318.6,2.2,65.0,0.7,8.1,Mata Atlantica,TO,0,0,0
25.4,69.0,7.6,0.0,30,326.1,2.3,65.0,0.7,15.1,Mata Atlantica,TO,0,0,0
25.4,69.0,7.6,0.0,30,326.9,3.3,65.0,0.3,15.2,Caatinga,BA,0,0,1
25.4,69.0,7.6,0.0,30,336.2,3.3,65.0,0.3,10.9,Caatinga,BA,0,0,0
25.4,69.0,7.6,0.0,30,307.4,1.2,65.0,0.5,14.8,Cerrado,TO,0,0,0
25.4,69.0,7.6,0.0,30,311.9,1.7,65.0,0.5,11.4,Cerrado,TO,0,0,0
25.4,69.0,7.6,0.0,30,305.2,1.2,65.0,0.5,7.2,Cerrado,TO,0,0,0
25.4,69.0,7.6,0.0,30,302.3,0.9,65.0,0.5,13.5,Cerrado,TO,0,0,0
25.4,69.0,7.6,0.0,30,303.7,1.4,65.0,0.7,10.6,Mata Atlantica,TO,0,0,0
25.4,69.0,7.6,0.0,30,315.5,2.2,65.0,0.7,10.0,Mata Atlantica,TO,0,0,0
25.4,69.0,7.6,0.0,30,318.2,1.4,65.0,0.7,17.4,Mata Atlantica,TO,0,0,1
25.4,69.0,7.6,0.0,30,304.6,0.9,65.0,0.7,0.0,Mata Atlantica,TO,0,0,0
25.4,69.0,7.6,0.0,30,317.9,6.0,65.0,0.5,2.9,Cerrado,MT,0,0,1
25.4,69.0,7.6,0.0,30,321.7,6.0,65.0,0.5,4.1,Cerrado,MT,0,0,1
25.4,69.0,7.6,0.0,30,328.6,8.4,65.0,0.5,8.2,Cerrado,MT,0,0,1
25.4,69.0,7.6,0.0,30,310.2,8.4,65.0,0.5,8.7,Cerrado,MT,0,0,1
25.4,69.0,7.6,0.0,30,353.0,8.1,65.0,0.5,2.5,Cerrado,MT,0,0,0
25.4,69.0,7.6,0.0,30,327.4,8.1,65.0,0.5,5.1,Cerrado,MT,0,0,0
25.4,69.0,7.6,0.0,30,312.0,3.8,65.0,0.5,5.7,Cerrado,MT,0,0,1
25.4,69.0,7.6,0.0,30,344.0,3.8,65.0,0.5,22.3,Cerrado,MT,0,0,0
25.4,69.0,7.6,0.0,30,302.1,4.9,65.0,0.5,19.0,Cerrado,MT,0,0,0
25.4,69.0,7.6,0.0,30,367.0,6.0,95.0,0.5,7.9,Cerrado,MT,0,0,1
25.4,69.0,7.6,0.0,30,367.0,6.0,95.0,0.5,8.2,Cerrado,MT,0,0,0
25.4,69.0,7.6,0.0,30,367.0,8.4,95.0,0.5,4.3,Cerrado,MT,0,0,1
25.4,69.0,7.6,0.0,30,367.0,8.4,95.0,0.5,0.5,Cerrado,MT,0,0,1
25.4,69.0,7.6,0.0,30,367.0,8.1,95.0,0.5,9.4,Cerrado,MT,0,0,0
25.4,69.0,7.6,0.0,30,336.5,8.1,65.0,0.5,5.0,Cerrado,MT,0,0,0
25.4,69.0,7.6,0.0,30,323.6,6.7,65.0,0.5,9.6,Cerrado,MT,0,0,0
25.4,69.0,7.6,0.0,30,339.4,6.2,65.0,0.5,2.0,Cerrado,MT,0,0,0
25.4,69.0,7.6,0.0,30,353.8,6.7,65.0,0.5,6.2,Cerrado,MT,0,0,0
25.4,69.0,7.6,0.0,30,367.0,6.2,95.0,0.5,10.7,Cerrado,MT,0,0,1
25.4,69.0,7.6,0.0,30,347.3,4.9,65.0,0.5,11.8,Cerrado,MT,0,0,1
25.4,69.0,7.6,0.0,30,348.4,6.1,65.0,0.5,12.1,Cerrado,MT,0,0,1
25.4,69.0,7.6,0.0,30,321.7,6.1,65.0,0.5,3.4,Cerrado,MT,0,0,1
25.4,69.0,7.6,0.0,30,330.1,10.1,65.0,0.5,14.3,Cerrado,MT,0,0,0
25.4,69.0,7.6,0.0,30,367.0,10.1,95.0,0.5,6.0,Cerrado,MT,0,0,1
25.4,69.0,7.6,0.0,30,367.0,11.8,95.0,0.5,13.2,Cerrado,MT,0,0,1
25.4,69.0,7.6,0.0,30,367.0,11.8,95.0,0.5,9.9,Cerrado,MT,0,0,0
25.4,69.0,7.6,0.0,30,354.8,8.3,65.0,0.5,3.1,Cerrado,MT,0,0,0
25.4,69.0,7.6,0.0,30,342.0,8.3,65.0,0.5,8.4,Cerrado,MT,0,0,0
25.4,69.0,7.6,0.0,30,299.6,2.7,65.0,0.5,11.8,Cerrado,MT,0,0,1
25.4,69.0,7.6,0.0,30,350.3,11.8,65.0,0.5,13.1,Cerrado,MT,0,0,0
25.4,69.0,7.6,0.0,30,367.0,11.8,95.0,0.5,9.3,Cerrado,MT,0,0,0
25.4,69.0,7.6,0.0,30,339.5,8.3,65.0,0.5,17.7,Cerrado,MT,0,0,0
25.4,69.0,7.6,0.0,30,310.7,1.8,65.0,0.5,15.0,Cerrado,TO,0,0,0
25.4,69.0,7.6,0.0,30,308.4,1.0,65.0,0.8,8.7,Amazonia,PA,0,0,1
25.4,69.0,7.6,0.0,30,320.1,1.8,65.0,0.8,13.8,Amazonia,PA,0,0,1
25.4,69.0,7.6,0.0,30,310.4,1.6,65.0,0.8,19.7,Amazonia,PA,0,0,1
25.4,69.0,7.6,0.0,30,301.2,0.6,65.0,0.8,19.8,Amazonia,PA,0,0,0
25.4,69.0,7.6,0.0,30,310.2,1.5,65.0,0.8,3.9,Amazonia,PA,0,0,1
25.4,69.0,7.6,0.0,30,333.1,2.4,65.0,0.8,5.4,Amazonia,PA,0,0,0
25.4,69.0,7.6,0.0,30,303.1,1.5,65.0,0.8,17.4,Amazonia,PA,0,0,0
25.4,69.0,7.6,0.0,30,304.7,2.4,65.0,0.8,4.7,Amazonia,PA,0,0,0
25.4,69.0,7.6,0.0,30,309.5,1.3,65.0,0.8,3.4,Amazonia,PA,0,0,0
25.4,69.0,7.6,0.0,30,327.5,4.4,65.0,0.3,7.6,Caatinga,MA,0,0,1
25.4,69.0,7.6,0.0,30,338.3,4.4,65.0,0.3,12.1,Caatinga,MA,0,0,0
25.4,69.0,7.6,0.0,30,303.4,4.4,65.0,0.3,9.5,Caatinga,MA,0,0,0
25.4,69.0,7.6,0.0,30,305.4,1.1,65.0,0.8,6.7,Amazonia,PA,0,0,0
25.4,69.0,7.6,0.0,30,305.3,1.1,65.0,0.8,6.6,Amazonia,PA,0,0,1
25.4,69.0,7.6,0.0,30,306.9,1.1,65.0,0.8,6.4,Amazonia,PA,0,0,0
25.4,69.0,7.6,0.0,30,308.2,1.1,65.0,0.8,5.6,Amazonia,PA,0,0,0
25.4,69.0,7.6,0.0,30,302.7,1.1,65.0,0.8,21.4,Amazonia,PA,0,0,0
25.4,69.0,7.6,0.0,30,297.7,0.8,65.0,0.8,11.5,Amazonia,PA,0,0,0
25.4,69.0,7.6,0.0,30,313.4,0.8,65.0,0.8,14.4,Amazonia,PA,0,0,1
25.4,69.0,7.6,0.0,30,319.4,2.9,65.0,0.7,7.6,Mata Atlantica,MA,0,0,0
25.4,69.0,7.6,0.0,30,338.3,6.1,65.0,0.7,9.1,Mata Atlantica,MA,0,0,0
25.4,69.0,7.6,0.0,30,328.9,3.2,65.0,0.3,6.4,Caatinga,CE,0,0,1
25.4,69.0,7.6,0.0,30,308.2,0.7,65.0,0.3,0.0,Caatinga,CE,0,0,0
25.4,69.0,7.6,0.0,30,306.7,0.8,65.0,0.3,3.1,Caatinga,CE,0,0,1
25.4,69.0,7.6,0.0,30,328.1,2.7,65.0,0.7,0.9,Mata Atlantica,??,0,0,1
25.4,69.0,7.6,0.0,30,312.0,3.0,65.0,0.7,0.0,Mata Atlantica,??,0,0,0
25.4,69.0,7.6,0.0,30,296.7,0.5,65.0,0.7,4.0,Mata Atlantica,MG,0,0,0
25.4,69.0,7.6,0.0,30,309.2,1.0,65.0,0.7,16.6,Mata Atlantica,MG,0,0,1
25.4,69.0,7.6,0.0,30,303.5,0.3,65.0,0.7,9.8,Mata Atlantica,MG,0,0,0
25.4,69.0,7.6,0.0,30,306.8,0.8,65.0,0.7,16.5,Mata Atlantica,MG,0,0,0
25.4,69.0,7.6,0.0,30,295.9,0.7,65.0,0.7,12.1,Mata Atlantica,MG,0,0,1
25.4,69.0,7.6,0.0,30,301.7,1.1,65.0,0.7,13.9,Mata Atlantica,MG,0,0,1
25.4,69.0,7.6,0.0,30,299.3,0.5,65.0,0.7,5.5,Mata Atlantica,MG,0,0,1
25.4,69.0,7.6,0.0,30,296.6,0.5,65.0,0.7,12.6,Mata Atlantica,MG,0,0,0
25.4,69.0,7.6,0.0,30,309.5,1.5,65.0,0.7,13.6,Mata Atlantica,MG,0,0,0
25.4,69.0,7.6,0.0,30,300.7,1.3,65.0,0.7,7.1,Mata Atlantica,MG,0,0,0
25.4,69.0,7.6,0.0,30,317.1,1.5,65.0,0.7,12.8,Mata Atlantica,MG,0,0,0
25.4,69.0,7.6,0.0,30,311.3,1.3,65.0,0.7,12.8,Mata Atlantica,MG,0,0,0
25.4,69.0,7.6,0.0,30,304.5,0.6,65.0,0.7,7.3,Mata Atlantica,MG,0,0,0
25.4,69.0,7.6,0.0,30,295.9,0.6,65.0,0.7,4.4,Mata Atlantica,MG,0,0,0
25.4,69.0,7.6,0.0,30,302.3,0.8,65.0,0.7,4.1,Mata Atlantica,MG,0,0,0
25.4,69.0,7.6,0.0,30,303.1,0.8,65.0,0.7,10.4,Mata Atlantica,MG,0,0,0
25.4,69.0,7.6,0.0,30,295.7,1.7,65.0,0.7,11.6,Mata Atlantica,MG,0,0,1
25.4,69.0,7.6,0.0,30,296.7,1.5,65.0,0.7,6.0,Mata Atlantica,MG,0,0,1
25.4,69.0,7.6,0.0,30,312.2,2.1,65.0,0.7,10.1,Mata Atlantica,MG,0,0,0
25.4,69.0,7.6,0.0,30,323.5,2.8,65.0,0.7,12.9,Mata Atlantica,MG,0,0,0
25.4,69.0,7.6,0.0,30,313.6,2.7,65.0,0.7,13.1,Mata Atlantica,MG,0,0,0
25.4,69.0,7.6,0.0,30,309.0,2.8,65.0,0.7,17.8,Mata Atlantica,MG,0,0,0
25.4,69.0,7.6,0.0,30,301.3,2.1,65.0,0.7,16.4,Mata Atlantica,MG,0,0,0
25.4,69.0,7.6,0.0,30,322.0,4.4,65.0,0.7,5.0,Mata Atlantica,MG,0,0,0
25.4,69.0,7.6,0.0,30,326.2,2.7,65.0,0.7,18.4,Mata Atlantica,MG,0,0,0
25.4,69.0,7.6,0.0,30,305.1,2.7,65.0,0.7,7.3,Mata Atlantica,MG,0,0,0
25.4,69.0,7.6,0.0,30,332.1,4.4,65.0,0.7,15.2,Mata Atlantica,MG,0,0,1
25.4,69.0,7.6,0.0,30,333.7,4.9,65.0,0.7,10.3,Mata Atlantica,MG,0,0,0
25.4,69.0,7.6,0.0,30,324.8,4.4,65.0,0.7,7.9,Mata Atlantica,MG,0,0,0
25.4,69.0,7.6,0.0,30,304.8,1.6,65.0,0.7,1.0,Mata Atlantica,MG,0,0,0
25.4,69.0,7.6,0.0,30,334.3,4.9,65.0,0.7,9.1,Mata Atlantica,MG,0,0,0
25.4,69.0,7.6,0.0,30,302.6,0.9,65.0,0.7,2.2,Mata Atlantica,MG,0,0,0
25.4,69.0,7.6,0.0,30,303.7,1.8,65.0,0.7,14.8,Mata Atlantica,MG,0,0,1
25.4,69.0,7.6,0.0,30,335.3,5.5,65.0,0.7,17.6,Mata Atlantica,MG,0,0,0
25.4,69.0,7.6,0.0,30,300.9,0.7,65.0,0.7,6.0,Mata Atlantica,MG,0,0,1
25.4,69.0,7.6,0.0,30,301.1,1.1,65.0,0.7,11.5,Mata Atlantica,MG,0,0,0
25.4,69.0,7.6,0.0,30,298.9,0.7,65.0,0.7,6.4,Mata Atlantica,MG,0,0,0
25.4,69.0,7.6,0.0,30,331.6,2.8,65.0,0.7,6.9,Mata Atlantica,MG,0,0,1
25.4,69.0,7.6,0.0,30,308.0,2.8,65.0,0.7,13.9,Mata Atlantica,MG,0,0,0
25.4,69.0,7.6,0.0,30,301.8,0.7,65.0,0.7,9.8,Mata Atlantica,MG,0,0,0
25.4,69.0,7.6,0.0,30,307.3,0.7,65.0,0.7,18.7,Mata Atlantica,MG,0,0,1
25.4,69.0,7.6,0.0,30,305.9,0.9,65.0,0.7,7.6,Mata Atlantica,MG,0,0,0
25.4,69.0,7.6,0.0,30,303.8,0.9,65.0,0.7,15.0,Mata Atlantica,MG,0,0,1
25.4,69.0,7.6,0.0,30,307.9,0.7,65.0,0.7,10.5,Mata Atlantica,MG,0,0,0
25.4,69.0,7.6,0.0,30,315.0,1.1,65.0,0.7,14.0,Mata Atlantica,GO,0,0,1
25.4,69.0,7.6,0.0,30,303.4,1.1,65.0,0.7,7.8,Mata Atlantica,GO,0,0,0
25.4,69.0,7.6,0.0,30,314.7,3.5,65.0,0.5,9.8,Cerrado,??,0,0,1
25.4,69.0,7.6,0.0,30,321.9,6.2,65.0,0.5,9.4,Cerrado,??,0,0,1
25.4,69.0,7.6,0.0,30,296.3,0.6,65.0,0.7,5.8,Mata Atlantica,GO,0,0,0
25.4,69.0,7.6,0.0,30,305.3,1.0,65.0,0.7,13.3,Mata Atlantica,GO,0,0,0
25.4,69.0,7.6,0.0,30,300.4,0.6,65.0,0.7,13.3,Mata Atlantica,BA,0,0,0
25.4,69.0,7.6,0.0,30,304.4,1.0,65.0,0.5,13.0,Cerrado,GO,0,0,1
25.4,69.0,7.6,0.0,30,296.1,1.2,65.0,0.7,17.7,Mata Atlantica,BA,0,0,0
25.4,69.0,7.6,0.0,30,302.6,1.1,65.0,0.5,17.2,Cerrado,MT,0,0,0
25.4,69.0,7.6,0.0,30,314.7,1.6,65.0,0.5,8.1,Cerrado,MT,0,0,0
25.4,69.0,7.6,0.0,30,301.6,1.6,65.0,0.5,11.9,Cerrado,MT,0,0,0
25.4,69.0,7.6,0.0,30,302.9,1.1,65.0,0.5,6.9,Cerrado,MT,0,0,1
25.4,69.0,7.6,0.0,30,312.2,1.1,65.0,0.5,10.1,Cerrado,MT,0,0,0
25.4,69.0,7.6,0.0,30,324.3,2.1,65.0,0.5,7.0,Cerrado,MT,0,0,1
25.4,69.0,7.6,0.0,30,298.9,0.4,65.0,0.5,18.1,Cerrado,MT,0,0,0
25.4,69.0,7.6,0.0,30,300.4,1.6,65.0,0.5,11.8,Cerrado,MT,0,0,0
25.4,69.0,7.6,0.0,30,323.9,1.6,65.0,0.5,8.9,Cerrado,MT,0,0,1
25.4,69.0,7.6,0.0,30,331.6,4.3,65.0,0.5,16.0,Cerrado,MT,0,0,1
25.4,69.0,7.6,0.0,30,306.7,1.6,65.0,0.5,0.0,Cerrado,MT,0,0,0
25.4,69.0,7.6,0.0,30,308.7,0.7,65.0,0.3,0.0,Caatinga,BA,0,0,0
25.4,69.0,7.6,0.0,30,304.9,1.0,65.0,0.8,14.0,Amazonia,PA,0,0,1
25.4,69.0,7.6,0.0,30,302.6,0.5,65.0,0.8,10.3,Amazonia,PA,0,0,1
25.4,69.0,7.6,0.0,30,303.5,0.4,65.0,0.8,11.3,Amazonia,PA,0,0,1
25.4,69.0,7.6,0.0,30,306.4,1.0,65.0,0.8,3.4,Amazonia,PA,0,0,0
25.4,69.0,7.6,0.0,30,300.3,0.4,65.0,0.8,9.9,Amazonia,PA,0,0,0
25.4,69.0,7.6,0.0,30,312.1,1.3,65.0,0.8,20.0,Amazonia,PA,0,0,0
25.4,69.0,7.6,0.0,30,299.1,3.0,65.0,0.8,14.1,Amazonia,PA,0,0,1
25.4,69.0,7.6,0.0,30,344.0,3.0,65.0,0.8,10.8,Amazonia,PA,0,0,1
25.4,69.0,7.6,0.0,30,305.8,1.4,65.0,0.3,7.8,Caatinga,MA,0,0,0
25.4,69.0,7.6,0.0,30,311.7,2.2,65.0,0.8,8.0,Amazonia,PA,0,0,0
25.4,69.0,7.6,0.0,30,304.8,1.0,65.0,0.8,0.0,Amazonia,PA,0,0,1
25.4,69.0,7.6,0.0,30,301.7,1.0,65.0,0.8,11.3,Amazonia,PA,0,0,1
25.4,69.0,7.6,0.0,30,314.2,1.8,65.0,0.8,14.2,Amazonia,PA,0,0,1
25.4,69.0,7.6,0.0,30,311.6,1.3,65.0,0.8,2.1,Amazonia,PA,0,0,1
25.4,69.0,7.6,0.0,30,309.4,1.8,65.0,0.8,6.7,Amazonia,PA,0,0,0
25.4,69.0,7.6,0.0,30,302.2,1.3,65.0,0.8,4.2,Amazonia,PA,0,0,1
25.4,69.0,7.6,0.0,30,302.8,1.0,65.0,0.8,5.2,Amazonia,PA,0,0,1
25.4,69.0,7.6,0.0,30,326.4,2.9,65.0,0.8,10.3,Amazonia,PA,0,0,0
25.4,69.0,7.6,0.0,30,304.2,2.9,65.0,0.8,0.0,Amazonia,PA,0,0,0
25.4,69.0,7.6,0.0,30,325.9,3.3,65.0,0.8,13.1,Amazonia,PA,0,0,1
25.4,69.0,7.6,0.0,30,301.6,1.1,65.0,0.8,13.8,Amazonia,PA,0,0,1
25.4,69.0,7.6,0.0,30,304.3,0.9,65.0,0.8,8.7,Amazonia,PA,0,0,0
25.4,69.0,7.6,0.0,30,304.0,1.4,65.0,0.8,0.0,Amazonia,PA,0,0,0
25.4,69.0,7.6,0.0,30,312.8,1.4,65.0,0.8,5.0,Amazonia,PA,0,0,1
25.4,69.0,7.6,0.0,30,306.8,0.9,65.0,0.8,16.2,Amazonia,PA,0,0,1
25.4,69.0,7.6,0.0,30,312.9,1.9,65.0,0.8,0.0,Amazonia,PA,0,0,0
25.4,69.0,7.6,0.0,30,302.2,3.1,65.0,0.8,8.3,Amazonia,PA,0,0,1
25.4,69.0,7.6,0.0,30,317.8,4.1,65.0,0.8,4.1,Amazonia,PA,0,0,1
25.4,69.0,7.6,0.0,30,319.0,3.0,65.0,0.8,14.0,Amazonia,PA,0,0,1
25.4,69.0,7.6,0.0,30,319.3,3.1,65.0,0.8,6.6,Amazonia,PA,0,0,1
25.4,69.0,7.6,0.0,30,316.6,3.0,65.0,0.8,12.0,Amazonia,PA,0,0,0
25.4,69.0,7.6,0.0,30,302.1,0.9,65.0,0.8,12.8,Amazonia,PA,0,0,0
25.4,69.0,7.6,0.0,30,316.5,2.5,65.0,0.8,19.2,Amazonia,PA,0,0,0
25.4,69.0,7.6,0.0,30,307.1,3.8,65.0,0.8,9.0,Amazonia,PA,0,0,0
25.4,69.0,7.6,0.0,30,367.0,8.9,95.0,0.8,11.9,Amazonia,PA,0,0,0
25.4,69.0,7.6,0.0,30,303.6,3.8,65.0,0.8,2.6,Amazonia,PA,0,0,1
25.4,69.0,7.6,0.0,30,321.3,8.9,65.0,0.8,16.0,Amazonia,PA,0,0,1
25.4,69.0,7.6,0.0,30,301.5,0.5,65.0,0.5,6.2,Desconhecido,SC,0,0,0
25.4,69.0,7.6,0.0,30,302.2,1.8,65.0,0.5,7.2,Desconhecido,PR,0,0,0
25.4,69.0,7.6,0.0,30,305.3,2.1,65.0,0.7,9.9,Mata Atlantica,??,0,0,1
25.4,69.0,7.6,0.0,30,299.8,0.7,65.0,0.5,2.2,Desconhecido,SP,0,0,0
25.4,69.0,7.6,0.0,30,296.5,0.7,65.0,0.5,11.1,Desconhecido,SP,0,0,0
25.4,69.0,7.6,0.0,30,301.6,1.8,65.0,0.5,14.8,Desconhecido,SP,0,0,0
25.4,69.0,7.6,0.0,30,310.5,1.1,65.0,0.5,11.5,Cerrado,MS,0,0,0
25.4,69.0,7.6,0.0,30,310.9,1.3,65.0,0.5,2.1,Cerrado,MS,0,0,1
25.4,69.0,7.6,0.0,30,302.3,0.6,65.0,0.7,9.4,Mata Atlantica,MG,0,0,0
25.4,69.0,7.6,0.0,30,299.2,0.6,65.0,0.7,13.7,Mata Atlantica,MG,0,0,0
25.4,69.0,7.6,0.0,30,302.9,0.6,65.0,0.7,0.6,Mata Atlantica,MG,0,0,0
25.4,69.0,7.6,0.0,30,308.1,1.5,65.0,0.5,4.6,Cerrado,MS,0,0,1
25.4,69.0,7.6,0.0,30,312.2,1.5,65.0,0.5,14.4,Cerrado,MS,0,0,0
25.4,69.0,7.6,0.0,30,300.9,1.9,65.0,0.5,11.4,Cerrado,MG,0,0,0
25.4,69.0,7.6,0.0,30,304.6,0.8,65.0,0.7,12.1,Mata Atlantica,MG,0,0,0
25.4,69.0,7.6,0.0,30,304.3,1.0,65.0,0.7,19.3,Mata Atlantica,MG,0,0,0
25.4,69.0,7.6,0.0,30,299.5,1.0,65.0,0.7,12.3,Mata Atlantica,MG,0,0,0
25.4,69.0,7.6,0.0,30,313.2,1.1,65.0,0.7,13.3,Mata Atlantica,MG,0,0,0
25.4,69.0,7.6,0.0,30,300.6,1.1,65.0,0.7,23.6,Mata Atlantica,MG,0,0,0
25.4,69.0,7.6,0.0,30,320.9,1.1,65.0,0.7,8.9,Mata Atlantica,MG,0,0,0
25.4,69.0,7.6,0.0,30,299.7,0.8,65.0,0.7,6.0,Mata Atlantica,MG,0,0,0
25.4,69.0,7.6,0.0,30,308.4,1.0,65.0,0.5,12.1,Cerrado,MG,0,0,1
25.4,69.0,7.6,0.0,30,312.6,1.6,65.0,0.5,12.2,Cerrado,MG,0,0,1
25.4,69.0,7.6,0.0,30,300.7,0.6,65.0,0.7,7.4,Mata Atlantica,MG,0,0,1
25.4,69.0,7.6,0.0,30,311.1,1.2,65.0,0.7,4.8,Mata Atlantica,MG,0,0,0
25.4,69.0,7.6,0.0,30,322.2,2.2,65.0,0.7,21.5,Mata Atlantica,MG,0,0,0
25.4,69.0,7.6,0.0,30,334.4,4.4,65.0,0.5,11.6,Cerrado,MG,0,0,1
25.4,69.0,7.6,0.0,30,301.2,0.7,65.0,0.5,6.3,Desconhecido,??,0,0,1
25.4,69.0,7.6,0.0,30,303.9,1.0,65.0,0.5,14.6,Desconhecido,??,0,0,1
25.4,69.0,7.6,0.0,30,295.4,1.3,65.0,0.5,9.5,Desconhecido,??,0,0,0
25.4,69.0,7.6,0.0,30,318.7,1.3,65.0,0.5,8.7,Desconhecido,??,0,0,0
25.4,69.0,7.6,0.0,30,312.5,1.0,65.0,0.5,12.8,Desconhecido,??,0,0,0
25.4,69.0,7.6,0.0,30,301.2,1.9,65.0,0.5,3.5,Desconhecido,??,0,0,1
25.4,69.0,7.6,0.0,30,314.9,2.6,65.0,0.5,11.8,Cerrado,MT,0,0,0
25.4,69.0,7.6,0.0,30,308.2,1.1,65.0,0.5,19.6,Desconhecido,RO,0,0,0
25.4,69.0,7.6,0.0,30,304.0,0.9,65.0,0.8,12.3,Amazonia,AM,0,0,1
25.4,69.0,7.6,0.0,30,306.1,1.4,65.0,0.8,8.1,Amazonia,PA,0,0,0
25.4,69.0,7.6,0.0,30,319.7,3.2,65.0,0.8,7.5,Amazonia,PA,0,0,0
25.4,69.0,7.6,0.0,30,319.1,3.2,65.0,0.8,7.9,Amazonia,PA,0,0,1
25.4,69.0,7.6,0.0,30,305.7,1.2,65.0,0.8,8.7,Amazonia,AM,0,0,1
25.4,69.0,7.6,0.0,30,338.2,7.4,65.0,0.8,8.1,Amazonia,AM,0,0,0
25.4,69.0,7.6,0.0,30,334.2,5.5,65.0,0.8,14.6,Amazonia,AM,0,0,0
25.4,69.0,7.6,0.0,30,352.5,8.7,65.0,0.5,1.3,Cerrado,MT,0,0,1
25.4,69.0,7.6,0.0,30,367.0,8.7,95.0,0.5,14.3,Cerrado,MT,0,0,0
25.4,69.0,7.6,0.0,30,342.7,6.8,65.0,0.5,8.1,Cerrado,MT,0,0,1
25.4,69.0,7.6,0.0,30,331.7,6.8,65.0,0.5,11.9,Cerrado,MT,0,0,1
25.4,69.0,7.6,0.0,30,306.5,1.4,65.0,0.5,4.4,Cerrado,MT,0,0,0
25.4,69.0,7.6,0.0,30,306.1,1.0,65.0,0.5,16.6,Cerrado,MT,0,0,0
25.4,69.0,7.6,0.0,30,328.8,1.7,65.0,0.5,16.2,Cerrado,MT,0,0,1
25.4,69.0,7.6,0.0,30,315.1,1.7,65.0,0.5,14.8,Cerrado,MT,0,0,1
25.4,69.0,7.6,0.0,30,308.4,1.0,65.0,0.5,2.4,Cerrado,MT,0,0,0
25.4,69.0,7.6,0.0,30,307.3,1.0,65.0,0.5,14.1,Cerrado,MT,0,0,1
25.4,69.0,7.6,0.0,30,307.0,1.4,65.0,0.5,12.0,Cerrado,MT,0,0,0
25.4,69.0,7.6,0.0,30,305.8,1.7,65.0,0.5,2.0,Cerrado,MT,0,0,0
25.4,69.0,7.6,0.0,30,303.3,2.6,65.0,0.5,9.9,Cerrado,MT,0,0,1
25.4,69.0,7.6,0.0,30,301.5,1.6,65.0,0.5,11.8,Cerrado,MT,0,0,0
25.4,69.0,7.6,0.0,30,309.3,1.8,65.0,0.5,12.8,Cerrado,MT,0,0,0
25.4,69.0,7.6,0.0,30,326.6,3.0,65.0,0.5,10.9,Cerrado,MT,0,0,0
25.4,69.0,7.6,0.0,30,307.9,2.7,65.0,0.5,11.5,Cerrado,MT,0,0,0
25.4,69.0,7.6,0.0,30,308.1,1.6,65.0,0.5,17.4,Cerrado,MT,0,0,0
25.4,69.0,7.6,0.0,30,320.9,1.6,65.0,0.5,16.1,Cerrado,MT,0,0,0
25.4,69.0,7.6,0.0,30,330.5,2.7,65.0,0.5,0.0,Cerrado,MT,0,0,1
25.4,69.0,7.6,0.0,30,323.8,3.1,65.0,0.5,8.4,Cerrado,MT,0,0,1
25.4,69.0,7.6,0.0,30,329.0,4.4,65.0,0.5,9.2,Cerrado,MT,0,0,1
25.4,69.0,7.6,0.0,30,328.7,2.7,65.0,0.5,1.2,Cerrado,MT,0,0,0
25.4,69.0,7.6,0.0,30,338.3,4.4,65.0,0.5,10.5,Cerrado,MT,0,0,0
25.4,69.0,7.6,0.0,30,329.0,1.8,65.0,0.5,16.2,Cerrado,MT,0,0,1
25.4,69.0,7.6,0.0,30,305.6,1.4,65.0,0.5,4.6,Cerrado,MT,0,0,0
25.4,69.0,7.6,0.0,30,331.2,2.6,65.0,0.5,11.7,Cerrado,MT,0,0,0
25.4,69.0,7.6,0.0,30,318.7,1.8,65.0,0.5,5.4,Cerrado,MT,0,0,1
25.4,69.0,7.6,0.0,30,303.7,0.5,65.0,0.5,6.6,Cerrado,MT,0,0,0
25.4,69.0,7.6,0.0,30,309.8,2.6,65.0,0.5,17.4,Cerrado,MT,0,0,1
25.4,69.0,7.6,0.0,30,320.7,2.9,65.0,0.5,7.3,Cerrado,MT,0,0,1
25.4,69.0,7.6,0.0,30,329.2,4.4,65.0,0.5,12.3,Cerrado,MT,0,0,1
25.4,69.0,7.6,0.0,30,304.5,0.5,65.0,0.5,0.6,Cerrado,MT,0,0,1
25.4,69.0,7.6,0.0,30,325.9,1.8,65.0,0.5,19.3,Cerrado,MT,0,0,1
25.4,69.0,7.6,0.0,30,305.8,1.8,65.0,0.5,13.0,Cerrado,MT,0,0,0
25.4,69.0,7.6,0.0,30,305.4,0.9,65.0,0.5,9.1,Cerrado,MT,0,0,0
25.4,69.0,7.6,0.0,30,303.4,0.8,65.0,0.5,12.9,Cerrado,MT,0,0,1
25.4,69.0,7.6,0.0,30,302.5,0.9,65.0,0.5,3.0,Cerrado,MT,0,0,0
25.4,69.0,7.6,0.0,30,305.4,1.5,65.0,0.5,15.9,Cerrado,MT,0,0,0
25.4,69.0,7.6,0.0,30,305.2,0.8,65.0,0.5,8.4,Cerrado,MT,0,0,1
25.4,69.0,7.6,0.0,30,329.6,3.2,65.0,0.5,9.0,Cerrado,MT,0,0,1
25.4,69.0,7.6,0.0,30,325.2,3.2,65.0,0.5,7.5,Cerrado,MT,0,0,1
25.4,69.0,7.6,0.0,30,323.7,2.1,65.0,0.5,7.1,Cerrado,MT,0,0,1
25.4,69.0,7.6,0.0,30,309.3,1.6,65.0,0.5,13.5,Cerrado,MT,0,0,0
25.4,69.0,7.6,0.0,30,309.1,2.1,65.0,0.5,11.3,Cerrado,MT,0,0,0
25.4,69.0,7.6,0.0,30,329.8,1.6,65.0,0.5,13.3,Cerrado,MT,0,0,0
25.4,69.0,7.6,0.0,30,318.4,2.7,65.0,0.5,10.0,Cerrado,MT,0,0,1
25.4,69.0,7.6,0.0,30,325.3,2.4,65.0,0.5,12.6,Cerrado,MT,0,0,0
25.4,69.0,7.6,0.0,30,325.3,2.4,65.0,0.5,7.9,Cerrado,MT,0,0,0
25.4,69.0,7.6,0.0,30,319.5,2.6,65.0,0.5,21.1,Cerrado,MT,0,0,1
25.4,69.0,7.6,0.0,30,312.2,1.4,65.0,0.5,2.2,Cerrado,MT,0,0,1
25.4,69.0,7.6,0.0,30,312.2,2.7,65.0,0.5,16.3,Cerrado,MT,0,0,0
25.4,69.0,7.6,0.0,30,302.0,2.0,65.0,0.5,16.8,Cerrado,MT,0,0,1
25.4,69.0,7.6,0.0,30,310.8,1.4,65.0,0.5,5.7,Cerrado,MT,0,0,1
25.4,69.0,7.6,0.0,30,303.2,1.4,65.0,0.5,21.1,Cerrado,MT,0,0,0
25.4,69.0,7.6,0.0,30,302.9,1.8,65.0,0.5,15.0,Cerrado,MT,0,0,0
25.4,69.0,7.6,0.0,30,301.4,0.4,65.0,0.5,14.9,Cerrado,MT,0,0,1
25.4,69.0,7.6,0.0,30,305.6,1.8,65.0,0.5,10.1,Cerrado,MT,0,0,1
25.4,69.0,7.6,0.0,30,302.8,1.1,65.0,0.5,8.9,Cerrado,MT,0,0,1
25.4,69.0,7.6,0.0,30,303.7,1.0,65.0,0.5,9.0,Cerrado,MT,0,0,1
25.4,69.0,7.6,0.0,30,303.6,2.1,65.0,0.5,12.0,Cerrado,MT,0,0,0
25.4,69.0,7.6,0.0,30,302.2,0.8,65.0,0.5,17.0,Cerrado,MT,0,0,1
25.4,69.0,7.6,0.0,30,303.0,0.9,65.0,0.5,10.9,Cerrado,MT,0,0,0
25.4,69.0,7.6,0.0,30,305.6,1.5,65.0,0.5,5.4,Cerrado,MT,0,0,0
25.4,69.0,7.6,0.0,30,303.4,0.9,65.0,0.5,14.1,Cerrado,MT,0,0,0
25.4,69.0,7.6,0.0,30,303.6,0.8,65.0,0.5,14.6,Cerrado,MT,0,0,0
25.4,69.0,7.6,0.0,30,309.5,0.9,65.0,0.5,13.3,Cerrado,MT,0,0,1
25.4,69.0,7.6,0.0,30,311.0,1.2,65.0,0.5,13.7,Cerrado,MT,0,0,0
25.4,69.0,7.6,0.0,30,306.6,2.0,65.0,0.5,8.6,Cerrado,MT,0,0,0
25.4,69.0,7.6,0.0,30,315.8,1.4,65.0,0.5,5.4,Cerrado,MT,0,0,0
25.4,69.0,7.6,0.0,30,307.3,0.9,65.0,0.5,5.7,Cerrado,MT,0,0,1
25.4,69.0,7.6,0.0,30,303.4,1.3,65.0,0.5,1.8,Cerrado,MT,0,0,1
25.4,69.0,7.6,0.0,30,307.1,0.8,65.0,0.5,11.2,Cerrado,MT,0,0,0
25.4,69.0,7.6,0.0,30,302.0,0.8,65.0,0.5,9.6,Cerrado,MT,0,0,1
25.4,69.0,7.6,0.0,30,301.2,0.9,65.0,0.5,7.8,Cerrado,MT,0,0,1
25.4,69.0,7.6,0.0,30,306.1,0.8,65.0,0.5,0.0,Cerrado,MT,0,0,0
25.4,69.0,7.6,0.0,30,309.7,0.9,65.0,0.5,3.8,Cerrado,MT,0,0,0
25.4,69.0,7.6,0.0,30,302.3,1.2,65.0,0.5,15.6,Cerrado,MT,0,0,0
25.4,69.0,7.6,0.0,30,324.2,2.5,65.0,0.5,6.7,Cerrado,MT,0,0,1
25.4,69.0,7.6,0.0,30,313.7,2.9,65.0,0.5,11.8,Cerrado,MT,0,0,1
25.4,69.0,7.6,0.0,30,300.5,1.4,65.0,0.5,3.0,Cerrado,MT,0,0,0
25.4,69.0,7.6,0.0,30,322.6,1.6,65.0,0.5,17.2,Cerrado,MT,0,0,1
25.4,69.0,7.6,0.0,30,303.7,2.2,65.0,0.5,9.3,Cerrado,MT,0,0,0
25.4,69.0,7.6,0.0,30,303.8,2.6,65.0,0.5,11.5,Cerrado,MT,0,0,0
25.4,69.0,7.6,0.0,30,322.3,2.2,65.0,0.5,21.6,Cerrado,MT,0,0,0
25.4,69.0,7.6,0.0,30,342.4,2.6,65.0,0.5,17.6,Cerrado,MT,0,0,1
25.4,69.0,7.6,0.0,30,306.8,2.6,65.0,0.5,8.5,Cerrado,MT,0,0,1
25.4,69.0,7.6,0.0,30,313.4,1.2,65.0,0.5,7.0,Cerrado,MT,0,0,1
25.4,69.0,7.6,0.0,30,304.9,1.3,65.0,0.5,8.4,Cerrado,MT,0,0,0
25.4,69.0,7.6,0.0,30,311.7,1.7,65.0,0.5,12.5,Cerrado,MT,0,0,1
25.4,69.0,7.6,0.0,30,303.3,0.5,65.0,0.5,9.5,Cerrado,MT,0,0,1
25.4,69.0,7.6,0.0,30,302.2,0.5,65.0,0.5,8.0,Cerrado,MT,0,0,0
25.4,69.0,7.6,0.0,30,309.7,1.6,65.0,0.5,17.3,Cerrado,MT,0,0,0
25.4,69.0,7.6,0.0,30,306.2,0.7,65.0,0.5,9.4,Cerrado,MT,0,0,1
25.4,69.0,7.6,0.0,30,304.6,0.7,65.0,0.5,21.5,Cerrado,MT,0,0,0
25.4,69.0,7.6,0.0,30,305.5,1.9,65.0,0.5,10.5,Cerrado,MT,0,0,0
25.4,69.0,7.6,0.0,30,303.1,0.5,65.0,0.5,18.9,Cerrado,MT,0,0,0
25.4,69.0,7.6,0.0,30,302.6,1.5,65.0,0.5,11.8,Cerrado,MT,0,0,1
25.4,69.0,7.6,0.0,30,319.2,1.8,65.0,0.5,14.8,Cerrado,MT,0,0,0
25.4,69.0,7.6,0.0,30,306.9,0.9,65.0,0.5,6.4,Cerrado,MT,0,0,0
25.4,69.0,7.6,0.0,30,303.1,0.9,65.0,0.5,5.7,Cerrado,MT,0,0,1
25.4,69.0,7.6,0.0,30,316.6,1.3,65.0,0.5,12.3,Cerrado,MT,0,0,1
25.4,69.0,7.6,0.0,30,318.1,1.3,65.0,0.5,14.9,Cerrado,MT,0,0,0
25.4,69.0,7.6,0.0,30,301.4,2.2,65.0,0.5,10.2,Cerrado,MT,0,0,0
25.4,69.0,7.6,0.0,30,304.6,0.9,65.0,0.5,3.6,Cerrado,MT,0,0,1
25.4,69.0,7.6,0.0,30,309.7,0.9,65.0,0.5,3.2,Cerrado,MT,0,0,0
25.4,69.0,7.6,0.0,30,301.9,0.8,65.0,0.5,2.9,Cerrado,MT,0,0,1
25.4,69.0,7.6,0.0,30,311.0,0.8,65.0,0.5,1.2,Cerrado,MT,0,0,0
25.4,69.0,7.6,0.0,30,305.0,0.8,65.0,0.5,10.5,Cerrado,MT,0,0,0
25.4,69.0,7.6,0.0,30,300.8,0.8,65.0,0.5,15.6,Cerrado,MT,0,0,0
25.4,69.0,7.6,0.0,30,307.6,1.3,65.0,0.5,9.9,Cerrado,MT,0,0,0
25.4,69.0,7.6,0.0,30,303.8,1.3,65.0,0.5,0.0,Cerrado,MT,0,0,1
25.4,69.0,7.6,0.0,30,312.1,1.5,65.0,0.5,9.0,Cerrado,MT,0,0,0
25.4,69.0,7.6,0.0,30,323.1,2.2,65.0,0.5,9.2,Cerrado,MT,0,0,1
25.4,69.0,7.6,0.0,30,305.2,1.2,65.0,0.5,20.5,Cerrado,MT,0,0,0
25.4,69.0,7.6,0.0,30,304.4,0.9,65.0,0.5,2.7,Cerrado,MT,0,0,0
25.4,69.0,7.6,0.0,30,305.8,0.8,65.0,0.5,8.0,Cerrado,MT,0,0,1
25.4,69.0,7.6,0.0,30,301.6,0.8,65.0,0.5,18.5,Cerrado,MT,0,0,0
25.4,69.0,7.6,0.0,30,303.9,0.8,65.0,0.5,12.2,Cerrado,MT,0,0,0
25.4,69.0,7.6,0.0,30,301.6,0.4,65.0,0.5,12.8,Cerrado,MT,0,0,1
25.4,69.0,7.6,0.0,30,301.6,2.0,65.0,0.5,10.6,Cerrado,MT,0,0,1
25.4,69.0,7.6,0.0,30,304.8,0.8,65.0,0.5,11.6,Cerrado,MT,0,0,1
25.4,69.0,7.6,0.0,30,306.4,0.8,65.0,0.5,13.9,Cerrado,MT,0,0,0
25.4,69.0,7.6,0.0,30,306.5,1.0,65.0,0.5,6.0,Cerrado,MT,0,0,0
25.4,69.0,7.6,0.0,30,316.8,2.6,65.0,0.5,14.4,Cerrado,MT,0,0,0
25.4,69.0,7.6,0.0,30,299.6,1.0,65.0,0.5,3.1,Cerrado,MT,0,0,0
25.4,69.0,7.6,0.0,30,310.7,1.2,65.0,0.5,11.6,Cerrado,MT,0,0,1
25.4,69.0,7.6,0.0,30,301.1,1.2,65.0,0.5,10.9,Cerrado,MT,0,0,0
25.4,69.0,7.6,0.0,30,305.8,0.8,65.0,0.5,6.9,Cerrado,MT,0,0,0
25.4,69.0,7.6,0.0,30,304.4,1.7,65.0,0.5,9.9,Cerrado,MT,0,0,1
25.4,69.0,7.6,0.0,30,318.6,1.0,65.0,0.5,6.9,Cerrado,MT,0,0,0
25.4,69.0,7.6,0.0,30,303.5,1.5,65.0,0.5,4.6,Cerrado,MT,0,0,1
25.4,69.0,7.6,0.0,30,302.5,0.9,65.0,0.5,8.2,Cerrado,MT,0,0,0
25.4,69.0,7.6,0.0,30,310.0,0.9,65.0,0.5,4.5,Cerrado,MT,0,0,0
25.4,69.0,7.6,0.0,30,309.6,1.5,65.0,0.5,11.6,Cerrado,MT,0,0,1
25.4,69.0,7.6,0.0,30,306.1,0.6,65.0,0.5,4.2,Cerrado,MT,0,0,0
25.4,69.0,7.6,0.0,30,298.2,0.6,65.0,0.5,13.6,Cerrado,MT,0,0,0
25.4,69.0,7.6,0.0,30,300.4,0.9,65.0,0.5,4.1,Cerrado,MT,0,0,0
25.4,69.0,7.6,0.0,30,306.5,1.3,65.0,0.5,7.2,Cerrado,MT,0,0,0
25.4,69.0,7.6,0.0,30,301.9,0.9,65.0,0.5,6.9,Cerrado,MT,0,0,0
25.4,69.0,7.6,0.0,30,325.0,1.6,65.0,0.5,16.6,Cerrado,MT,0,0,1
25.4,69.0,7.6,0.0,30,307.9,1.6,65.0,0.5,11.7,Cerrado,MT,0,0,1
25.4,69.0,7.6,0.0,30,308.9,1.3,65.0,0.5,8.9,Cerrado,MT,0,0,1
25.4,69.0,7.6,0.0,30,305.3,1.0,65.0,0.5,12.5,Cerrado,MT,0,0,0
25.4,69.0,7.6,0.0,30,309.9,1.1,65.0,0.5,0.0,Cerrado,MT,0,0,0
25.4,69.0,7.6,0.0,30,311.1,1.0,65.0,0.5,9.8,Cerrado,MT,0,0,0
25.4,69.0,7.6,0.0,30,300.8,1.0,65.0,0.5,20.0,Cerrado,MT,0,0,1
25.4,69.0,7.6,0.0,30,304.4,1.0,65.0,0.5,10.7,Cerrado,MT,0,0,0
25.4,69.0,7.6,0.0,30,309.8,1.3,65.0,0.5,10.3,Cerrado,MT,0,0,0
25.4,69.0,7.6,0.0,30,311.5,2.1,65.0,0.5,12.7,Cerrado,MT,0,0,1
25.4,69.0,7.6,0.0,30,305.1,1.1,65.0,0.5,14.5,Cerrado,MT,0,0,1
25.4,69.0,7.6,0.0,30,302.8,1.0,65.0,0.5,0.0,Cerrado,MT,0,0,0
25.4,69.0,7.6,0.0,30,307.9,0.8,65.0,0.5,1.6,Cerrado,MT,0,0,0
25.4,69.0,7.6,0.0,30,309.8,0.8,65.0,0.5,11.1,Cerrado,MT,0,0,0
25.4,69.0,7.6,0.0,30,304.1,0.9,65.0,0.5,6.4,Cerrado,MT,0,0,0
25.4,69.0,7.6,0.0,30,302.8,1.2,65.0,0.5,16.6,Cerrado,MT,0,0,0
25.4,69.0,7.6,0.0,30,301.5,0.5,65.0,0.5,8.4,Cerrado,MT,0,0,1
25.4,69.0,7.6,0.0,30,303.1,0.5,65.0,0.5,0.3,Cerrado,MT,0,0,0
25.4,69.0,7.6,0.0,30,300.2,0.7,65.0,0.5,3.7,Cerrado,MT,0,0,1
25.4,69.0,7.6,0.0,30,306.0,0.8,65.0,0.5,0.0,Cerrado,MT,0,0,1
25.4,69.0,7.6,0.0,30,306.2,1.0,65.0,0.5,8.8,Cerrado,MT,0,0,1
25.4,69.0,7.6,0.0,30,304.2,1.2,65.0,0.5,9.1,Cerrado,MT,0,0,0
25.4,69.0,7.6,0.0,30,307.3,1.8,65.0,0.5,7.9,Cerrado,MT,0,0,1
25.4,69.0,7.6,0.0,30,304.4,1.2,65.0,0.5,15.4,Cerrado,MT,0,0,0
25.4,69.0,7.6,0.0,30,304.7,1.4,65.0,0.5,16.0,Cerrado,MT,0,0,1
25.4,69.0,7.6,0.0,30,307.4,1.0,65.0,0.5,9.1,Cerrado,MT,0,0,1
25.4,69.0,7.6,0.0,30,317.5,1.8,65.0,0.5,0.0,Cerrado,MT,0,0,0
25.4,69.0,7.6,0.0,30,320.6,1.3,65.0,0.5,13.1,Cerrado,MT,0,0,1
25.4,69.0,7.6,0.0,30,315.5,1.3,65.0,0.5,12.8,Cerrado,MT,0,0,1
25.4,69.0,7.6,0.0,30,304.2,2.0,65.0,0.5,11.5,Cerrado,MT,0,0,1
25.4,69.0,7.6,0.0,30,307.7,1.1,65.0,0.5,14.9,Cerrado,MT,0,0,1
25.4,69.0,7.6,0.0,30,303.9,1.1,65.0,0.5,4.2,Cerrado,MT,0,0,1
25.4,69.0,7.6,0.0,30,300.9,0.6,65.0,0.5,20.0,Cerrado,MT,0,0,0
25.4,69.0,7.6,0.0,30,316.6,1.3,65.0,0.5,5.2,Cerrado,MT,0,0,1
25.4,69.0,7.6,0.0,30,306.1,1.3,65.0,0.5,13.7,Cerrado,MT,0,0,0
25.4,69.0,7.6,0.0,30,312.6,1.5,65.0,0.5,1.6,Cerrado,MT,0,0,0
25.4,69.0,7.6,0.0,30,303.0,0.8,65.0,0.5,5.3,Cerrado,MT,0,0,1
25.4,69.0,7.6,0.0,30,308.0,0.8,65.0,0.5,17.6,Cerrado,MT,0,0,1
25.4,69.0,7.6,0.0,30,302.6,0.6,65.0,0.5,8.7,Cerrado,MT,0,0,0
25.4,69.0,7.6,0.0,30,303.8,0.6,65.0,0.5,14.2,Cerrado,MT,0,0,0
25.4,69.0,7.6,0.0,30,311.9,1.4,65.0,0.5,11.2,Cerrado,MT,0,0,0
25.4,69.0,7.6,0.0,30,307.2,0.9,65.0,0.5,9.5,Cerrado,MT,0,0,0
25.4,69.0,7.6,0.0,30,304.5,1.1,65.0,0.5,16.8,Cerrado,MT,0,0,1
25.4,69.0,7.6,0.0,30,301.7,0.5,65.0,0.5,8.8,Cerrado,MT,0,0,1
25.4,69.0,7.6,0.0,30,302.3,0.8,65.0,0.5,1.1,Cerrado,MT,0,0,1
25.4,69.0,7.6,0.0,30,306.6,0.5,65.0,0.5,6.0,Cerrado,MT,0,0,0
25.4,69.0,7.6,0.0,30,303.0,0.5,65.0,0.5,12.8,Cerrado,MT,0,0,0
25.4,69.0,7.6,0.0,30,300.1,0.3,65.0,0.5,12.0,Cerrado,MT,0,0,0
25.4,69.0,7.6,0.0,30,301.2,0.3,65.0,0.5,2.2,Cerrado,MT,0,0,0
25.4,69.0,7.6,0.0,30,301.7,0.7,65.0,0.5,6.4,Cerrado,MT,0,0,1
25.4,69.0,7.6,0.0,30,301.3,0.7,65.0,0.5,7.1,Cerrado,MT,0,0,1
25.4,69.0,7.6,0.0,30,311.4,1.5,65.0,0.5,8.2,Cerrado,MT,0,0,0
25.4,69.0,7.6,0.0,30,301.0,1.8,65.0,0.5,3.1,Cerrado,MT,0,0,1
25.4,69.0,7.6,0.0,30,308.2,1.0,65.0,0.5,6.9,Cerrado,MT,0,0,0
25.4,69.0,7.6,0.0,30,308.5,1.0,65.0,0.5,6.4,Cerrado,MT,0,0,0
25.4,69.0,7.6,0.0,30,299.4,1.0,65.0,0.5,13.9,Cerrado,MT,0,0,1
25.4,69.0,7.6,0.0,30,315.1,1.8,65.0,0.5,14.0,Cerrado,MT,0,0,1
25.4,69.0,7.6,0.0,30,301.4,1.5,65.0,0.5,9.3,Cerrado,MT,0,0,1
25.4,69.0,7.6,0.0,30,301.8,0.8,65.0,0.5,8.0,Cerrado,MT,0,0,1
25.4,69.0,7.6,0.0,30,307.6,0.8,65.0,0.5,10.7,Cerrado,MT,0,0,1
25.4,69.0,7.6,0.0,30,302.6,1.2,65.0,0.5,5.9,Desconhecido,MT,0,0,0
25.4,69.0,7.6,0.0,30,305.8,1.5,65.0,0.5,4.3,Desconhecido,MT,0,0,1
25.4,69.0,7.6,0.0,30,328.4,2.3,65.0,0.5,5.3,Desconhecido,MT,0,0,1
25.4,69.0,7.6,0.0,30,324.3,2.3,65.0,0.5,6.8,Desconhecido,MT,0,0,1
25.4,69.0,7.6,0.0,30,301.8,1.4,65.0,0.5,4.2,Desconhecido,MT,0,0,0
25.4,69.0,7.6,0.0,30,330.4,2.3,65.0,0.5,10.8,Desconhecido,MT,0,0,0
25.4,69.0,7.6,0.0,30,309.3,2.1,65.0,0.5,13.6,Desconhecido,MT,0,0,1
25.4,69.0,7.6,0.0,30,327.5,2.3,65.0,0.5,2.1,Desconhecido,MT,0,0,0
25.4,69.0,7.6,0.0,30,310.7,2.3,65.0,0.5,10.1,Desconhecido,MT,0,0,0
25.4,69.0,7.6,0.0,30,336.7,3.1,65.0,0.5,8.9,Desconhecido,MT,0,0,1
25.4,69.0,7.6,0.0,30,326.2,3.8,65.0,0.5,11.7,Desconhecido,MT,0,0,0
25.4,69.0,7.6,0.0,30,311.6,1.2,65.0,0.5,9.9,Desconhecido,??,0,0,0
25.4,69.0,7.6,0.0,30,314.9,1.3,65.0,0.5,2.7,Desconhecido,??,0,0,0
25.4,69.0,7.6,0.0,30,298.7,0.9,65.0,0.5,3.7,Desconhecido,??,0,0,0
25.4,69.0,7.6,0.0,30,300.5,0.9,65.0,0.5,10.1,Desconhecido,??,0,0,0
25.4,69.0,7.6,0.0,30,303.1,1.5,65.0,0.5,15.1,Desconhecido,??,0,0,0
25.4,69.0,7.6,0.0,30,311.5,1.5,65.0,0.5,0.0,Desconhecido,??,0,0,0
25.4,69.0,7.6,0.0,30,300.2,1.0,65.0,0.5,11.7,Cerrado,MT,0,0,0
25.4,69.0,7.6,0.0,30,312.0,2.1,65.0,0.5,15.9,Cerrado,MT,0,0,0
25.4,69.0,7.6,0.0,30,300.8,1.3,65.0,0.5,9.2,Cerrado,MT,0,0,1
25.4,69.0,7.6,0.0,30,315.7,1.3,65.0,0.5,12.8,Cerrado,MT,0,0,0
25.4,69.0,7.6,0.0,30,318.3,2.1,65.0,0.5,6.5,Desconhecido,MT,0,0,0
25.4,69.0,7.6,0.0,30,334.9,3.8,65.0,0.5,9.4,Desconhecido,MT,0,0,0
25.4,69.0,7.6,0.0,30,314.3,2.1,65.0,0.5,1.9,Desconhecido,MT,0,0,0
25.4,69.0,7.6,0.0,30,336.9,3.8,65.0,0.5,0.0,Desconhecido,MT,0,0,0
25.4,69.0,7.6,0.0,30,303.7,1.1,65.0,0.5,14.7,Desconhecido,??,0,0,0
25.4,69.0,7.6,0.0,30,307.2,1.1,65.0,0.5,5.1,Desconhecido,??,0,0,0
25.4,69.0,7.6,0.0,30,304.5,0.6,65.0,0.5,7.7,Desconhecido,??,0,0,0
25.4,69.0,7.6,0.0,30,300.1,1.1,65.0,0.5,3.1,Cerrado,MT,0,0,1
25.4,69.0,7.6,0.0,30,301.7,1.0,65.0,0.5,3.0,Cerrado,MT,0,0,0
25.4,69.0,7.6,0.0,30,325.0,4.0,65.0,0.5,9.1,Desconhecido,??,0,0,0
25.4,69.0,7.6,0.0,30,327.9,5.3,65.0,0.5,6.4,Desconhecido,??,0,0,0
25.4,69.0,7.6,0.0,30,299.2,1.4,65.0,0.5,11.9,Desconhecido,??,0,0,0
25.4,69.0,7.6,0.0,30,300.5,1.4,65.0,0.5,12.3,Desconhecido,??,0,0,1
25.4,69.0,7.6,0.0,30,301.0,1.6,65.0,0.5,11.6,Desconhecido,??,0,0,0
25.4,69.0,7.6,0.0,30,296.5,0.9,65.0,0.5,11.2,Desconhecido,??,0,0,0
25.4,69.0,7.6,0.0,30,305.0,0.7,65.0,0.5,17.9,Desconhecido,RO,0,0,1
25.4,69.0,7.6,0.0,30,327.7,3.6,65.0,0.5,4.7,Desconhecido,??,0,0,0
25.4,69.0,7.6,0.0,30,303.7,1.4,65.0,0.5,9.7,Cerrado,??,0,0,0
25.4,69.0,7.6,0.0,30,299.2,2.7,65.0,0.5,15.7,Cerrado,??,0,0,0
25.4,69.0,7.6,0.0,30,334.3,2.7,65.0,0.5,16.3,Cerrado,??,0,0,0
25.4,69.0,7.6,0.0,30,319.3,5.2,65.0,0.5,2.9,Cerrado,??,0,0,1
25.4,69.0,7.6,0.0,30,308.1,2.6,65.0,0.5,8.4,Cerrado,??,0,0,1
25.4,69.0,7.6,0.0,30,328.5,2.6,65.0,0.5,16.8,Cerrado,??,0,0,0
25.4,69.0,7.6,0.0,30,310.8,3.4,65.0,0.5,12.5,Cerrado,??,0,0,1
25.4,69.0,7.6,0.0,30,308.1,1.5,65.0,0.5,11.0,Cerrado,??,0,0,0
25.4,69.0,7.6,0.0,30,311.6,1.5,65.0,0.5,8.9,Cerrado,??,0,0,1
25.4,69.0,7.6,0.0,30,298.9,1.5,65.0,0.5,8.1,Cerrado,??,0,0,1
25.4,69.0,7.6,0.0,30,319.2,2.4,65.0,0.5,11.4,Cerrado,??,0,0,1
25.4,69.0,7.6,0.0,30,306.2,2.8,65.0,0.5,8.7,Cerrado,??,0,0,0
25.4,69.0,7.6,0.0,30,299.0,0.6,65.0,0.5,9.8,Cerrado,??,0,0,1
25.4,69.0,7.6,0.0,30,304.2,1.2,65.0,0.5,10.4,Desconhecido,??,0,0,0
25.4,69.0,7.6,0.0,30,305.9,1.4,65.0,0.5,6.6,Desconhecido,??,0,0,0
25.4,69.0,7.6,0.0,30,312.9,2.2,65.0,0.5,12.7,Desconhecido,??,0,0,0
25.4,69.0,7.6,0.0,30,320.8,3.1,65.0,0.5,24.6,Desconhecido,??,0,0,0
25.4,69.0,7.6,0.0,30,306.4,10.5,65.0,0.5,1.1,Cerrado,MT,0,0,0
25.4,69.0,7.6,0.0,30,302.8,1.9,65.0,0.5,11.6,Cerrado,MT,0,0,1
25.4,69.0,7.6,0.0,30,326.7,10.0,65.0,0.5,6.2,Cerrado,MT,0,0,0
25.4,69.0,7.6,0.0,30,367.0,10.0,95.0,0.5,12.9,Cerrado,MT,0,0,0
25.4,69.0,7.6,0.0,30,367.0,10.5,95.0,0.5,10.2,Cerrado,MT,0,0,1
25.4,69.0,7.6,0.0,30,300.9,10.5,65.0,0.5,13.8,Cerrado,MT,0,0,0
25.4,69.0,7.6,0.0,30,311.6,1.2,65.0,0.5,15.9,Cerrado,MT,0,0,1
25.4,69.0,7.6,0.0,30,306.7,1.2,65.0,0.5,11.0,Cerrado,MT,0,0,0
25.4,69.0,7.6,0.0,30,298.8,0.8,65.0,0.5,15.7,Desconhecido,??,0,0,0
25.4,69.0,7.6,0.0,30,306.9,1.3,65.0,0.5,0.0,Cerrado,MT,0,0,1
25.4,69.0,7.6,0.0,30,323.8,8.7,65.0,0.5,18.0,Cerrado,MT,0,0,1
25.4,69.0,7.6,0.0,30,367.0,8.7,95.0,0.5,11.9,Cerrado,MT,0,0,0
25.4,69.0,7.6,0.0,30,367.0,15.8,95.0,0.5,15.4,Cerrado,MT,0,0,0
25.4,69.0,7.6,0.0,30,315.4,15.8,65.0,0.5,3.9,Cerrado,MT,0,0,0
25.4,69.0,7.6,0.0,30,317.0,1.1,65.0,0.5,5.8,Cerrado,MT,0,0,1
25.4,69.0,7.6,0.0,30,312.7,1.1,65.0,0.5,10.7,Cerrado,MT,0,0,0
25.4,69.0,7.6,0.0,30,317.6,1.2,65.0,0.5,9.9,Desconhecido,??,0,0,0
25.4,69.0,7.6,0.0,30,303.9,1.7,65.0,0.5,11.4,Cerrado,MT,0,0,0
25.4,69.0,7.6,0.0,30,302.4,1.6,65.0,0.5,15.4,Cerrado,MT,0,0,0
25.4,69.0,7.6,0.0,30,307.3,1.7,65.0,0.5,1.2,Cerrado,MT,0,0,0
25.4,69.0,7.6,0.0,30,330.6,3.2,65.0,0.5,14.9,Desconhecido,??,0,0,0
25.4,69.0,7.6,0.0,30,340.3,10.4,65.0,0.5,10.0,Desconhecido,??,0,0,0
25.4,69.0,7.6,0.0,30,354.2,13.1,65.0,0.5,9.0,Desconhecido,??,0,0,1
25.4,69.0,7.6,0.0,30,335.6,8.3,65.0,0.5,2.6,Desconhecido,??,0,0,0
25.4,69.0,7.6,0.0,30,327.2,3.0,65.0,0.5,12.5,Desconhecido,??,0,0,0
25.4,69.0,7.6,0.0,30,367.0,6.9,95.0,0.5,0.0,Desconhecido,??,0,0,1
25.4,69.0,7.6,0.0,30,325.2,2.6,65.0,0.5,13.2,Desconhecido,??,0,0,0
25.4,69.0,7.6,0.0,30,327.8,3.4,65.0,0.5,2.5,Desconhecido,??,0,0,0
25.4,69.0,7.6,0.0,30,326.4,3.3,65.0,0.5,10.3,Desconhecido,??,0,0,0
25.4,69.0,7.6,0.0,30,327.7,6.4,65.0,0.5,9.4,Desconhecido,??,0,0,0
25.4,69.0,7.6,0.0,30,351.9,0.6,65.0,0.45,15.8,Pampa,RS,0,0,0
25.4,69.0,7.6,0.0,30,331.4,3.1,65.0,0.45,9.1,Pampa,RS,0,0,0
25.4,69.0,7.6,0.0,30,340.4,3.2,65.0,0.5,6.5,Desconhecido,??,0,0,0
25.4,69.0,7.6,0.0,30,334.2,3.7,65.0,0.5,7.5,Desconhecido,??,0,0,0
25.4,69.0,7.6,0.0,30,347.2,6.1,65.0,0.5,16.4,Desconhecido,??,0,0,0
25.4,69.0,7.6,0.0,30,338.6,4.6,65.0,0.45,12.7,Pampa,RS,0,0,0
25.4,69.0,7.6,0.0,30,330.3,4.6,65.0,0.45,8.1,Pampa,RS,0,0,0
25.4,69.0,7.6,0.0,30,342.7,4.9,65.0,0.5,8.8,Desconhecido,??,0,0,0
25.4,69.0,7.6,0.0,30,334.2,4.9,65.0,0.5,2.2,Desconhecido,??,0,0,1
25.4,69.0,7.6,0.0,30,328.3,0.2,65.0,0.45,11.9,Pampa,RS,0,0,0
25.4,69.0,7.6,0.0,30,329.5,2.0,65.0,0.5,1.2,Desconhecido,??,0,0,1
25.4,69.0,7.6,0.0,30,335.4,5.1,65.0,0.5,13.8,Desconhecido,??,0,0,0
25.4,69.0,7.6,0.0,30,326.4,2.9,65.0,0.5,10.6,Cerrado,??,0,0,1
25.4,69.0,7.6,0.0,30,339.5,3.7,65.0,0.5,21.9,Cerrado,??,0,0,1
25.4,69.0,7.6,0.0,30,344.1,2.9,65.0,0.5,4.5,Cerrado,??,0,0,0
25.4,69.0,7.6,0.0,30,332.6,3.7,65.0,0.5,9.5,Cerrado,??,0,0,1
25.4,69.0,7.6,0.0,30,330.6,4.2,65.0,0.5,19.0,Desconhecido,??,0,0,0
25.4,69.0,7.6,0.0,30,332.6,4.5,65.0,0.5,16.0,Desconhecido,??,0,0,0
25.4,69.0,7.6,0.0,30,346.4,8.8,65.0,0.5,6.5,Desconhecido,??,0,0,0
25.4,69.0,7.6,0.0,30,333.3,7.0,65.0,0.5,11.1,Desconhecido,??,0,0,1
25.4,69.0,7.6,0.0,30,352.6,6.2,65.0,0.5,10.0,Desconhecido,??,0,0,1
25.4,69.0,7.6,0.0,30,343.0,6.1,65.0,0.5,11.4,Desconhecido,??,0,0,0
25.4,69.0,7.6,0.0,30,335.8,6.2,65.0,0.5,6.5,Desconhecido,??,0,0,0
25.4,69.0,7.6,0.0,30,331.2,6.1,65.0,0.5,9.6,Desconhecido,??,0,0,0
25.4,69.0,7.6,0.0,30,326.0,2.2,65.0,0.5,2.0,Cerrado,??,0,0,0
25.4,69.0,7.6,0.0,30,340.1,3.5,65.0,0.5,10.7,Desconhecido,??,0,0,1
25.4,69.0,7.6,0.0,30,333.7,3.1,65.0,0.5,12.3,Desconhecido,??,0,0,0
25.4,69.0,7.6,0.0,30,335.4,2.2,65.0,0.5,8.9,Desconhecido,??,0,0,0
25.4,69.0,7.6,0.0,30,334.2,7.8,65.0,0.5,1.9,Desconhecido,??,0,0,1
25.4,69.0,7.6,0.0,30,334.6,5.3,65.0,0.5,14.9,Desconhecido,??,0,0,0
25.4,69.0,7.6,0.0,30,340.1,6.3,65.0,0.5,11.8,Desconhecido,??,0,0,1
25.4,69.0,7.6,0.0,30,329.8,3.6,65.0,0.5,6.4,Desconhecido,??,0,0,0
25.4,69.0,7.6,0.0,30,334.9,3.4,65.0,0.5,8.6,Desconhecido,??,0,0,0
25.4,69.0,7.6,0.0,30,327.5,2.8,65.0,0.5,2.5,Desconhecido,??,0,0,1
25.4,69.0,7.6,0.0,30,328.2,3.8,65.0,0.5,4.9,Desconhecido,??,0,0,1
25.4,69.0,7.6,0.0,30,341.0,7.3,65.0,0.5,7.3,Desconhecido,??,0,0,0
25.4,69.0,7.6,0.0,30,328.4,7.5,65.0,0.5,16.1,Desconhecido,??,0,0,0
25.4,69.0,7.6,0.0,30,325.1,5.9,65.0,0.5,6.8,Desconhecido,MT,0,0,0
25.4,69.0,7.6,0.0,30,354.5,17.9,65.0,0.5,13.2,Cerrado,MT,0,0,0
25.4,69.0,7.6,0.0,30,334.6,6.3,65.0,0.5,7.3,Cerrado,MT,0,0,0
25.4,69.0,7.6,0.0,30,341.7,7.3,65.0,0.5,11.2,Cerrado,MT,0,0,1
25.4,69.0,7.6,0.0,30,339.0,7.3,65.0,0.5,9.3,Cerrado,MT,0,0,0
25.4,69.0,7.6,0.0,30,336.3,6.3,65.0,0.5,14.4,Cerrado,MT,0,0,0
25.4,69.0,7.6,0.0,30,331.4,15.4,65.0,0.5,7.3,Cerrado,MT,0,0,0
25.4,69.0,7.6,0.0,30,334.0,3.3,65.0,0.5,2.1,Desconhecido,??,0,0,0
25.4,69.0,7.6,0.0,30,327.3,3.2,65.0,0.5,3.1,Desconhecido,??,0,0,0
25.4,69.0,7.6,0.0,30,331.2,1.7,65.0,0.5,7.3,Desconhecido,??,0,0,0
25.4,69.0,7.6,0.0,30,330.3,2.8,65.0,0.5,3.8,Desconhecido,??,0,0,0
25.4,69.0,7.6,0.0,30,327.5,5.1,65.0,0.5,12.1,Desconhecido,??,0,0,1
25.4,69.0,7.6,0.0,30,329.4,2.2,65.0,0.5,7.7,Desconhecido,??,0,0,1
25.4,69.0,7.6,0.0,30,335.5,5.9,65.0,0.5,21.9,Desconhecido,??,0,0,0
25.4,69.0,7.6,0.0,30,343.0,9.0,65.0,0.5,1.3,Desconhecido,RO,0,0,0
25.4,69.0,7.6,0.0,30,340.6,13.4,65.0,0.5,11.0,Desconhecido,RO,0,0,0
25.4,69.0,7.6,0.0,30,330.1,6.6,65.0,0.5,4.4,Desconhecido,RO,0,0,0
25.4,69.0,7.6,0.0,30,330.3,8.7,65.0,0.5,7.5,Desconhecido,RO,0,0,1
25.4,69.0,7.6,0.0,30,335.6,8.2,65.0,0.5,10.7,Desconhecido,RO,0,0,0
25.4,69.0,7.6,0.0,30,342.7,6.9,65.0,0.5,0.0,Desconhecido,RO,0,0,0
25.4,69.0,7.6,0.0,30,345.1,7.1,65.0,0.5,11.2,Desconhecido,RO,0,0,0
25.4,69.0,7.6,0.0,30,341.0,10.0,65.0,0.5,19.5,Desconhecido,RO,0,0,1
25.4,69.0,7.6,0.0,30,344.7,10.0,65.0,0.5,7.7,Desconhecido,RO,0,0,0
25.4,69.0,7.6,0.0,30,350.1,19.2,65.0,0.5,11.3,Desconhecido,RO,0,0,0
25.4,69.0,7.6,0.0,30,340.3,5.8,65.0,0.5,15.1,Desconhecido,RO,0,0,0
25.4,69.0,7.6,0.0,30,332.3,4.7,65.0,0.5,9.2,Desconhecido,RO,0,0,0
25.4,69.0,7.6,0.0,30,367.0,14.9,95.0,0.5,7.1,Desconhecido,RO,0,0,1
25.4,69.0,7.6,0.0,30,332.8,6.2,65.0,0.5,0.0,Desconhecido,RO,0,0,1
25.4,69.0,7.6,0.0,30,327.5,2.4,65.0,0.5,13.2,Desconhecido,??,0,0,0
25.4,69.0,7.6,0.0,30,331.5,3.1,65.0,0.5,9.4,Desconhecido,??,0,0,1
25.4,69.0,7.6,0.0,30,331.0,3.8,65.0,0.5,4.9,Desconhecido,??,0,0,0
25.4,69.0,7.6,0.0,30,328.3,3.8,65.0,0.5,10.6,Desconhecido,??,0,0,1
25.4,69.0,7.6,0.0,30,344.2,15.4,65.0,0.5,7.1,Desconhecido,??,0,0,0
25.4,69.0,7.6,0.0,30,331.0,3.8,65.0,0.5,7.4,Desconhecido,??,0,0,0
25.4,69.0,7.6,0.0,30,328.6,3.8,65.0,0.5,13.0,Desconhecido,??,0,0,0
25.4,69.0,7.6,0.0,30,335.9,4.5,65.0,0.5,3.3,Desconhecido,??,0,0,0
25.4,69.0,7.6,0.0,30,339.7,3.8,65.0,0.5,15.2,Desconhecido,??,0,0,0
25.4,69.0,7.6,0.0,30,335.5,11.9,65.0,0.5,3.0,Desconhecido,??,0,0,0
25.4,69.0,7.6,0.0,30,331.7,3.2,65.0,0.5,6.7,Desconhecido,RO,0,0,0
25.4,69.0,7.6,0.0,30,328.7,4.2,65.0,0.5,19.6,Desconhecido,RO,0,0,0
25.4,69.0,7.6,0.0,30,336.4,5.8,65.0,0.5,15.6,Desconhecido,AC,0,0,0
25.4,69.0,7.6,0.0,30,326.9,2.4,65.0,0.5,10.5,Desconhecido,??,0,0,0
25.4,69.0,7.6,0.0,30,329.3,2.7,65.0,0.5,5.3,Desconhecido,AC,0,0,0
25.4,69.0,7.6,0.0,30,332.9,42.9,65.0,0.5,7.4,Desconhecido,AC,0,0,0
25.4,69.0,7.6,0.0,30,339.3,36.0,65.0,0.5,10.4,Desconhecido,AC,0,0,1
25.4,69.0,7.6,0.0,30,332.1,2.4,65.0,0.5,10.2,Desconhecido,??,0,0,0
25.4,69.0,7.6,0.0,30,345.4,10.1,65.0,0.8,9.5,Amazonia,AM,0,0,1
25.4,69.0,7.6,0.0,30,344.8,12.8,65.0,0.8,9.8,Amazonia,AM,0,0,0
25.4,69.0,7.6,0.0,30,337.8,19.3,65.0,0.8,8.9,Amazonia,AM,0,0,1
25.4,69.0,7.6,0.0,30,345.7,19.3,65.0,0.8,2.8,Amazonia,AM,0,0,0
25.4,69.0,7.6,0.0,30,345.6,4.9,65.0,0.8,7.4,Amazonia,AM,0,0,1
25.4,69.0,7.6,0.0,30,329.2,2.8,65.0,0.8,14.6,Amazonia,AM,0,0,1
25.4,69.0,7.6,0.0,30,336.6,9.2,65.0,0.8,3.2,Amazonia,AM,0,0,0
25.4,69.0,7.6,0.0,30,332.3,3.2,65.0,0.8,9.1,Amazonia,AM,0,0,0
25.4,69.0,7.6,0.0,30,327.0,3.2,65.0,0.8,5.9,Amazonia,AM,0,0,0
25.4,69.0,7.6,0.0,30,332.9,6.9,65.0,0.8,10.6,Amazonia,AM,0,0,1
25.4,69.0,7.6,0.0,30,338.6,4.7,65.0,0.8,8.1,Amazonia,AM,0,0,0
25.4,69.0,7.6,0.0,30,335.3,6.9,65.0,0.8,17.4,Amazonia,AM,0,0,1
25.4,69.0,7.6,0.0,30,334.5,6.5,65.0,0.8,12.5,Amazonia,AM,0,0,0
25.4,69.0,7.6,0.0,30,330.2,6.5,65.0,0.8,3.4,Amazonia,AM,0,0,0
25.4,69.0,7.6,0.0,30,342.8,7.5,65.0,0.8,13.4,Amazonia,AM,0,0,0
25.4,69.0,7.6,0.0,30,340.4,4.7,65.0,0.8,6.1,Amazonia,AM,0,0,0
25.4,69.0,7.6,0.0,30,347.0,5.8,65.0,0.8,7.1,Amazonia,AM,0,0,1
25.4,69.0,7.6,0.0,30,342.7,13.6,65.0,0.8,11.6,Amazonia,AM,0,0,1
25.4,69.0,7.6,0.0,30,331.8,4.8,65.0,0.8,7.5,Amazonia,AM,0,0,1
25.4,69.0,7.6,0.0,30,328.2,2.6,65.0,0.8,14.5,Amazonia,AM,0,0,0
25.4,69.0,7.6,0.0,30,345.6,13.1,65.0,0.8,6.1,Amazonia,AM,0,0,1
25.4,69.0,7.6,0.0,30,337.3,6.4,65.0,0.8,6.9,Amazonia,AM,0,0,1
25.4,69.0,7.6,0.0,30,338.7,29.8,65.0,0.8,6.7,Amazonia,AM,0,0,0
25.4,69.0,7.6,0.0,30,329.5,2.1,65.0,0.8,7.2,Amazonia,AM,0,0,0
25.4,69.0,7.6,0.0,30,336.5,2.9,65.0,0.8,15.5,Amazonia,AM,0,0,0
25.4,69.0,7.6,0.0,30,335.9,15.0,65.0,0.8,13.1,Amazonia,AM,0,0,1
25.4,69.0,7.6,0.0,30,331.8,15.0,65.0,0.8,18.5,Amazonia,AM,0,0,0
25.4,69.0,7.6,0.0,30,332.5,3.6,65.0,0.8,21.3,Amazonia,AM,0,0,0
25.4,69.0,7.6,0.0,30,338.7,25.2,65.0,0.8,4.8,Amazonia,AM,0,0,1
25.4,69.0,7.6,0.0,30,344.3,6.3,65.0,0.8,10.4,Amazonia,AM,0,0,0
25.4,69.0,7.6,0.0,30,328.9,2.4,65.0,0.8,4.1,Amazonia,AM,0,0,1
25.4,69.0,7.6,0.0,30,317.1,7.0,65.0,0.7,6.1,Mata Atlantica,??,0,0,0
25.4,69.0,7.6,0.0,30,318.3,2.4,65.0,0.5,6.8,Cerrado,MA,0,0,1
25.4,69.0,7.6,0.0,30,300.1,0.7,65.0,0.7,4.7,Mata Atlantica,BA,0,0,0
25.4,69.0,7.6,0.0,30,301.4,0.7,65.0,0.7,4.7,Mata Atlantica,BA,0,0,0
25.4,69.0,7.6,0.0,30,306.2,0.8,65.0,0.7,9.3,Mata Atlantica,TO,0,0,0
25.4,69.0,7.6,0.0,30,311.5,0.8,65.0,0.7,3.9,Mata Atlantica,TO,0,0,0
25.4,69.0,7.6,0.0,30,322.3,1.7,65.0,0.7,14.2,Mata Atlantica,TO,0,0,0
25.4,69.0,7.6,0.0,30,307.5,1.5,65.0,0.7,5.4,Mata Atlantica,TO,0,0,0
25.4,69.0,7.6,0.0,30,308.5,0.7,65.0,0.7,24.0,Mata Atlantica,TO,0,0,0
25.4,69.0,7.6,0.0,30,305.1,0.7,65.0,0.7,7.7,Mata Atlantica,TO,0,0,0
25.4,69.0,7.6,0.0,30,310.6,1.1,65.0,0.7,10.4,Mata Atlantica,TO,0,0,0
25.4,69.0,7.6,0.0,30,323.8,1.8,65.0,0.7,3.5,Mata Atlantica,TO,0,0,0
25.4,69.0,7.6,0.0,30,317.2,1.8,65.0,0.7,18.5,Mata Atlantica,TO,0,0,1
25.4,69.0,7.6,0.0,30,326.7,2.5,65.0,0.7,15.6,Mata Atlantica,TO,0,0,0
25.4,69.0,7.6,0.0,30,310.8,1.2,65.0,0.7,11.5,Mata Atlantica,TO,0,0,0
25.4,69.0,7.6,0.0,30,344.5,2.5,65.0,0.7,3.3,Mata Atlantica,TO,0,0,0
25.4,69.0,7.6,0.0,30,317.1,1.2,65.0,0.7,11.1,Mata Atlantica,TO,0,0,0
25.4,69.0,7.6,0.0,30,304.4,2.8,65.0,0.7,4.4,Mata Atlantica,TO,0,0,0
25.4,69.0,7.6,0.0,30,338.0,7.4,65.0,0.7,17.3,Mata Atlantica,TO,0,0,0
25.4,69.0,7.6,0.0,30,305.8,1.1,65.0,0.7,14.0,Mata Atlantica,TO,0,0,0
25.4,69.0,7.6,0.0,30,317.9,2.8,65.0,0.7,10.5,Mata Atlantica,TO,0,0,0
25.4,69.0,7.6,0.0,30,349.3,7.4,65.0,0.7,0.0,Mata Atlantica,TO,0,0,1
25.4,69.0,7.6,0.0,30,320.3,1.5,65.0,0.7,5.1,Mata Atlantica,TO,0,0,0
25.4,69.0,7.6,0.0,30,355.6,15.6,65.0,0.7,13.4,Mata Atlantica,TO,0,0,0
25.4,69.0,7.6,0.0,30,310.7,1.5,65.0,0.7,16.1,Mata Atlantica,TO,0,0,0
25.4,69.0,7.6,0.0,30,318.9,15.6,65.0,0.7,15.5,Mata Atlantica,TO,0,0,1
25.4,69.0,7.6,0.0,30,308.9,0.8,65.0,0.7,2.0,Mata Atlantica,TO,0,0,0
25.4,69.0,7.6,0.0,30,324.3,2.3,65.0,0.7,11.5,Mata Atlantica,TO,0,0,0
25.4,69.0,7.6,0.0,30,308.7,2.5,65.0,0.7,15.1,Mata Atlantica,TO,0,0,0
25.4,69.0,7.6,0.0,30,336.8,2.3,65.0,0.7,1.7,Mata Atlantica,TO,0,0,0
25.4,69.0,7.6,0.0,30,345.8,7.4,65.0,0.7,10.0,Mata Atlantica,TO,0,0,0
25.4,69.0,7.6,0.0,30,328.9,1.6,65.0,0.7,11.4,Mata Atlantica,TO,0,0,0
25.4,69.0,7.6,0.0,30,367.0,7.4,95.0,0.7,8.5,Mata Atlantica,TO,0,0,0
25.4,69.0,7.6,0.0,30,312.6,1.6,65.0,0.7,0.7,Mata Atlantica,TO,0,0,0
25.4,69.0,7.6,0.0,30,347.2,15.6,65.0,0.7,8.4,Mata Atlantica,TO,0,0,1
25.4,69.0,7.6,0.0,30,333.7,15.6,65.0,0.7,8.4,Mata Atlantica,TO,0,0,0
25.4,69.0,7.6,0.0,30,307.4,1.2,65.0,0.7,9.3,Mata Atlantica,TO,0,0,0
25.4,69.0,7.6,0.0,30,304.3,0.7,65.0,0.7,7.2,Mata Atlantica,TO,0,0,0
25.4,69.0,7.6,0.0,30,305.6,0.5,65.0,0.7,7.8,Mata Atlantica,TO,0,0,0
25.4,69.0,7.6,0.0,30,304.9,0.5,65.0,0.7,9.8,Mata Atlantica,TO,0,0,0
25.4,69.0,7.6,0.0,30,308.7,1.2,65.0,0.7,12.2,Mata Atlantica,TO,0,0,0
25.4,69.0,7.6,0.0,30,307.3,1.0,65.0,0.5,8.5,Cerrado,TO,0,0,0
25.4,69.0,7.6,0.0,30,322.7,1.6,65.0,0.7,8.0,Mata Atlantica,TO,0,0,0
25.4,69.0,7.6,0.0,30,304.8,1.1,65.0,0.5,10.5,Cerrado,TO,0,0,0
25.4,69.0,7.6,0.0,30,314.5,1.1,65.0,0.5,0.4,Cerrado,TO,0,0,0
25.4,69.0,7.6,0.0,30,306.2,3.2,65.0,0.5,12.4,Cerrado,TO,0,0,0
25.4,69.0,7.6,0.0,30,321.4,3.2,65.0,0.5,10.0,Cerrado,TO,0,0,0
25.4,69.0,7.6,0.0,30,332.6,3.2,65.0,0.5,10.2,Cerrado,TO,0,0,0
25.4,69.0,7.6,0.0,30,342.4,3.2,65.0,0.5,14.8,Cerrado,TO,0,0,0
25.4,69.0,7.6,0.0,30,306.0,0.5,65.0,0.7,0.2,Mata Atlantica,TO,0,0,0
25.4,69.0,7.6,0.0,30,301.8,0.6,65.0,0.7,0.1,Mata Atlantica,TO,0,0,0
25.4,69.0,7.6,0.0,30,306.3,0.6,65.0,0.7,11.4,Mata Atlantica,TO,0,0,1
25.4,69.0,7.6,0.0,30,304.7,1.1,65.0,0.3,10.0,Caatinga,BA,0,0,0
25.4,69.0,7.6,0.0,30,331.7,4.7,65.0,0.5,10.9,Cerrado,TO,0,0,0
25.4,69.0,7.6,0.0,30,307.7,1.0,65.0,0.8,7.7,Amazonia,PA,0,0,0
25.4,69.0,7.6,0.0,30,315.1,8.4,65.0,0.8,13.3,Amazonia,PA,0,0,1
25.4,69.0,7.6,0.0,30,345.7,8.4,65.0,0.8,14.7,Amazonia,PA,0,0,0
25.4,69.0,7.6,0.0,30,309.1,1.6,65.0,0.8,12.4,Amazonia,PA,0,0,1
25.4,69.0,7.6,0.0,30,309.1,0.9,65.0,0.8,8.7,Amazonia,PA,0,0,0
25.4,69.0,7.6,0.0,30,300.4,0.9,65.0,0.8,0.0,Amazonia,PA,0,0,0
25.4,69.0,7.6,0.0,30,315.2,1.4,65.0,0.8,13.8,Amazonia,PA,0,0,0
25.4,69.0,7.6,0.0,30,319.6,1.4,65.0,0.8,16.1,Amazonia,PA,0,0,1
25.4,69.0,7.6,0.0,30,319.0,1.5,65.0,0.8,13.2,Amazonia,PA,0,0,1
25.4,69.0,7.6,0.0,30,301.9,1.5,65.0,0.8,5.6,Amazonia,PA,0,0,1
25.4,69.0,7.6,0.0,30,313.4,0.8,65.0,0.8,13.4,Amazonia,PA,0,0,1
25.4,69.0,7.6,0.0,30,303.0,0.8,65.0,0.8,14.3,Amazonia,PA,0,0,0
25.4,69.0,7.6,0.0,30,314.5,1.5,65.0,0.8,17.8,Amazonia,PA,0,0,0
25.4,69.0,7.6,0.0,30,303.4,1.0,65.0,0.8,5.6,Amazonia,PA,0,0,0
25.4,69.0,7.6,0.0,30,301.9,0.6,65.0,0.8,8.9,Amazonia,PA,0,0,0
25.4,69.0,7.6,0.0,30,300.7,0.7,65.0,0.8,13.7,Amazonia,PA,0,0,0
25.4,69.0,7.6,0.0,30,305.0,0.7,65.0,0.8,10.3,Amazonia,PA,0,0,0
25.4,69.0,7.6,0.0,30,301.1,0.7,65.0,0.8,4.4,Amazonia,PA,0,0,1
25.4,69.0,7.6,0.0,30,302.9,0.7,65.0,0.8,12.1,Amazonia,PA,0,0,0
25.4,69.0,7.6,0.0,30,304.1,0.6,65.0,0.8,12.9,Amazonia,PA,0,0,0
25.4,69.0,7.6,0.0,30,301.4,0.6,65.0,0.8,10.4,Amazonia,PA,0,0,0
25.4,69.0,7.6,0.0,30,311.3,0.8,65.0,0.8,11.1,Amazonia,PA,0,0,0
25.4,69.0,7.6,0.0,30,303.5,0.8,65.0,0.8,8.7,Amazonia,PA,0,0,0
25.4,69.0,7.6,0.0,30,302.8,0.7,65.0,0.8,17.4,Amazonia,PA,0,0,0
25.4,69.0,7.6,0.0,30,305.9,0.7,65.0,0.8,5.5,Amazonia,PA,0,0,0
25.4,69.0,7.6,0.0,30,309.5,0.8,65.0,0.8,7.1,Amazonia,PA,0,0,0
25.4,69.0,7.6,0.0,30,304.6,0.7,65.0,0.8,10.1,Amazonia,PA,0,0,0
25.4,69.0,7.6,0.0,30,317.0,1.1,65.0,0.8,14.4,Amazonia,PA,0,0,0
25.4,69.0,7.6,0.0,30,306.8,1.1,65.0,0.8,2.5,Amazonia,PA,0,0,0
25.4,69.0,7.6,0.0,30,306.7,1.1,65.0,0.8,3.4,Amazonia,PA,0,0,0
25.4,69.0,7.6,0.0,30,305.4,0.7,65.0,0.8,0.0,Amazonia,PA,0,0,0
25.4,69.0,7.6,0.0,30,307.8,0.7,65.0,0.8,10.2,Amazonia,PA,0,0,0
25.4,69.0,7.6,0.0,30,299.0,0.6,65.0,0.8,4.4,Amazonia,PA,0,0,0
25.4,69.0,7.6,0.0,30,299.2,0.5,65.0,0.8,8.1,Amazonia,PA,0,0,1
25.4,69.0,7.6,0.0,30,301.4,0.5,65.0,0.8,13.3,Amazonia,PA,0,0,1
25.4,69.0,7.6,0.0,30,302.9,0.8,65.0,0.8,6.8,Amazonia,PA,0,0,0
25.4,69.0,7.6,0.0,30,305.2,0.6,65.0,0.8,11.2,Amazonia,PA,0,0,0
25.4,69.0,7.6,0.0,30,298.5,0.5,65.0,0.8,8.5,Amazonia,PA,0,0,0
25.4,69.0,7.6,0.0,30,302.9,1.2,65.0,0.8,13.4,Amazonia,PA,0,0,0
25.4,69.0,7.6,0.0,30,302.1,1.2,65.0,0.8,12.4,Amazonia,PA,0,0,0
25.4,69.0,7.6,0.0,30,306.8,0.5,65.0,0.8,6.5,Amazonia,PA,0,0,0
25.4,69.0,7.6,0.0,30,323.1,1.2,65.0,0.8,9.2,Amazonia,PA,0,0,1
25.4,69.0,7.6,0.0,30,311.7,1.2,65.0,0.8,15.2,Amazonia,PA,0,0,0
25.4,69.0,7.6,0.0,30,312.9,0.8,65.0,0.8,12.0,Amazonia,PA,0,0,0
25.4,69.0,7.6,0.0,30,302.4,0.8,65.0,0.8,3.0,Amazonia,PA,0,0,0
25.4,69.0,7.6,0.0,30,309.2,1.5,65.0,0.7,13.3,Mata Atlantica,MA,0,0,1
25.4,69.0,7.6,0.0,30,321.8,5.7,65.0,0.8,4.6,Amazonia,PA,0,0,0
25.4,69.0,7.6,0.0,30,309.0,3.8,65.0,0.8,17.1,Amazonia,PA,0,0,0
25.4,69.0,7.6,0.0,30,303.9,1.0,65.0,0.3,15.1,Caatinga,MA,0,0,0
25.4,69.0,7.6,0.0,30,320.3,2.2,65.0,0.8,11.4,Amazonia,PA,0,0,1
25.4,69.0,7.6,0.0,30,315.9,2.2,65.0,0.8,10.8,Amazonia,PA,0,0,1
25.4,69.0,7.6,0.0,30,313.6,1.5,65.0,0.8,9.0,Amazonia,PA,0,0,0
25.4,69.0,7.6,0.0,30,321.5,2.1,65.0,0.8,13.4,Amazonia,PA,0,0,1
25.4,69.0,7.6,0.0,30,311.9,2.1,65.0,0.8,8.1,Amazonia,PA,0,0,1
25.4,69.0,7.6,0.0,30,330.5,3.5,65.0,0.3,11.2,Caatinga,MA,0,0,0
25.4,69.0,7.6,0.0,30,315.9,2.9,65.0,0.3,14.4,Caatinga,MA,0,0,0
25.4,69.0,7.6,0.0,30,337.5,6.6,65.0,0.3,7.2,Caatinga,MA,0,0,0
25.4,69.0,7.6,0.0,30,327.7,1.1,65.0,0.7,6.9,Mata Atlantica,MA,0,0,1
25.4,69.0,7.6,0.0,30,303.5,1.1,65.0,0.7,4.0,Mata Atlantica,MA,0,0,0
25.4,69.0,7.6,0.0,30,301.5,1.1,65.0,0.7,4.7,Mata Atlantica,MA,0,0,0
25.4,69.0,7.6,0.0,30,330.8,8.6,65.0,0.8,0.9,Amazonia,PA,0,0,0
25.4,69.0,7.6,0.0,30,306.0,5.8,65.0,0.8,13.6,Amazonia,PA,0,0,1
25.4,69.0,7.6,0.0,30,330.1,18.0,65.0,0.8,19.0,Amazonia,PA,0,0,1
25.4,69.0,7.6,0.0,30,317.7,11.8,65.0,0.8,17.1,Amazonia,PA,0,0,1
25.4,69.0,7.6,0.0,30,307.0,0.9,65.0,0.3,1.9,Caatinga,MA,0,0,1
25.4,69.0,7.6,0.0,30,306.5,1.5,65.0,0.8,13.6,Amazonia,PA,0,0,0
25.4,69.0,7.6,0.0,30,329.7,3.3,65.0,0.3,17.1,Caatinga,MA,0,0,0
25.4,69.0,7.6,0.0,30,302.2,2.1,65.0,0.3,7.7,Caatinga,MA,0,0,1
25.4,69.0,7.6,0.0,30,313.7,1.6,65.0,0.3,10.5,Caatinga,MA,0,0,1
25.4,69.0,7.6,0.0,30,296.5,1.1,65.0,0.7,0.0,Mata Atlantica,MA,0,0,0
25.4,69.0,7.6,0.0,30,331.5,3.5,65.0,0.3,11.3,Caatinga,MA,0,0,0
25.4,69.0,7.6,0.0,30,329.2,4.5,65.0,0.3,4.7,Caatinga,MA,0,0,1
25.4,69.0,7.6,0.0,30,296.8,0.4,65.0,0.7,11.0,Mata Atlantica,MG,0,0,0
25.4,69.0,7.6,0.0,30,298.5,1.0,65.0,0.7,2.2,Mata Atlantica,BA,0,0,0
25.4,69.0,7.6,0.0,30,297.3,0.7,65.0,0.7,12.7,Mata Atlantica,BA,0,0,1
25.4,69.0,7.6,0.0,30,301.7,0.6,65.0,0.5,15.1,Cerrado,GO,0,0,0
25.4,69.0,7.6,0.0,30,298.6,1.0,65.0,0.7,6.1,Mata Atlantica,GO,0,0,1
25.4,69.0,7.6,0.0,30,313.4,1.4,65.0,0.6,4.3,Pantanal,MT,0,0,0
25.4,69.0,7.6,0.0,30,308.9,1.2,65.0,0.6,0.0,Pantanal,MT,0,0,0
25.4,69.0,7.6,0.0,30,318.5,2.1,65.0,0.6,8.7,Pantanal,MT,0,0,1
25.4,69.0,7.6,0.0,30,313.3,1.6,65.0,0.6,7.1,Pantanal,MT,0,0,0
25.4,69.0,7.6,0.0,30,304.9,1.4,65.0,0.6,2.2,Pantanal,MT,0,0,0
25.4,69.0,7.6,0.0,30,304.1,0.6,65.0,0.6,12.3,Pantanal,MT,0,0,0
25.4,69.0,7.6,0.0,30,307.6,1.7,65.0,0.6,7.8,Pantanal,MT,0,0,0
25.4,69.0,7.6,0.0,30,307.0,1.9,65.0,0.6,4.6,Pantanal,MT,0,0,1
25.4,69.0,7.6,0.0,30,309.4,1.1,65.0,0.5,7.2,Cerrado,MT,0,0,0
25.4,69.0,7.6,0.0,30,311.5,1.4,65.0,0.5,15.4,Cerrado,MT,0,0,1
25.4,69.0,7.6,0.0,30,309.0,1.4,65.0,0.5,13.0,Cerrado,MT,0,0,0
25.4,69.0,7.6,0.0,30,307.9,1.1,65.0,0.5,9.3,Cerrado,MT,0,0,0
25.4,69.0,7.6,0.0,30,306.1,1.4,65.0,0.5,13.1,Cerrado,MT,0,0,0
25.4,69.0,7.6,0.0,30,306.1,1.1,65.0,0.5,4.2,Cerrado,MT,0,0,0
25.4,69.0,7.6,0.0,30,303.8,1.1,65.0,0.5,10.2,Cerrado,MT,0,0,1
25.4,69.0,7.6,0.0,30,303.8,0.6,65.0,0.5,10.7,Cerrado,MT,0,0,0
25.4,69.0,7.6,0.0,30,302.5,0.6,65.0,0.5,7.7,Cerrado,MT,0,0,0
25.4,69.0,7.6,0.0,30,303.8,0.8,65.0,0.5,12.2,Cerrado,MT,0,0,1
25.4,69.0,7.6,0.0,30,300.9,0.6,65.0,0.5,6.1,Cerrado,MT,0,0,0
25.4,69.0,7.6,0.0,30,301.8,0.8,65.0,0.5,12.5,Cerrado,MT,0,0,0
25.4,69.0,7.6,0.0,30,304.0,1.0,65.0,0.5,12.8,Cerrado,MT,0,0,1
25.4,69.0,7.6,0.0,30,301.6,0.7,65.0,0.5,0.0,Cerrado,MT,0,0,0
25.4,69.0,7.6,0.0,30,304.6,0.7,65.0,0.5,16.0,Cerrado,MT,0,0,0
25.4,69.0,7.6,0.0,30,296.6,0.5,65.0,0.7,0.0,Mata Atlantica,GO,0,0,0
25.4,69.0,7.6,0.0,30,303.0,3.6,65.0,0.5,6.9,Desconhecido,MT,0,0,1
25.4,69.0,7.6,0.0,30,306.4,2.9,65.0,0.5,15.1,Desconhecido,MT,0,0,0
25.4,69.0,7.6,0.0,30,334.2,3.6,65.0,0.5,8.4,Desconhecido,MT,0,0,0
25.4,69.0,7.6,0.0,30,308.2,1.0,65.0,0.5,2.7,Desconhecido,MT,0,0,0
25.4,69.0,7.6,0.0,30,304.0,0.8,65.0,0.5,4.5,Cerrado,MT,0,0,0
25.4,69.0,7.6,0.0,30,295.8,0.7,65.0,0.7,15.1,Mata Atlantica,GO,0,0,1
25.4,69.0,7.6,0.0,30,312.4,1.8,65.0,0.3,0.4,Caatinga,BA,0,0,0
25.4,69.0,7.6,0.0,30,307.1,1.3,65.0,0.7,15.6,Mata Atlantica,GO,0,0,1
25.4,69.0,7.6,0.0,30,298.5,1.2,65.0,0.7,9.7,Mata Atlantica,GO,0,0,0
25.4,69.0,7.6,0.0,30,298.5,0.9,65.0,0.5,4.0,Cerrado,MT,0,0,0
25.4,69.0,7.6,0.0,30,299.5,1.1,65.0,0.5,7.1,Cerrado,MT,0,0,0
25.4,69.0,7.6,0.0,30,310.2,1.0,65.0,0.5,4.9,Cerrado,MT,0,0,0
25.4,69.0,7.6,0.0,30,310.1,1.1,65.0,0.5,14.3,Cerrado,MT,0,0,0
25.4,69.0,7.6,0.0,30,299.3,1.0,65.0,0.5,13.7,Cerrado,MT,0,0,0
25.4,69.0,7.6,0.0,30,297.3,1.1,65.0,0.5,1.4,Cerrado,MT,0,0,0
25.4,69.0,7.6,0.0,30,299.6,1.2,65.0,0.5,8.0,Cerrado,MT,0,0,0
25.4,69.0,7.6,0.0,30,319.2,1.3,65.0,0.5,5.7,Cerrado,MT,0,0,1
25.4,69.0,7.6,0.0,30,298.8,1.3,65.0,0.5,16.5,Cerrado,MT,0,0,0
25.4,69.0,7.6,0.0,30,301.3,0.8,65.0,0.3,3.2,Caatinga,BA,0,0,0
25.4,69.0,7.6,0.0,30,312.0,1.2,65.0,0.7,18.0,Mata Atlantica,GO,0,0,0
25.4,69.0,7.6,0.0,30,312.6,1.3,65.0,0.7,9.8,Mata Atlantica,BA,0,0,1
25.4,69.0,7.6,0.0,30,307.9,1.7,65.0,0.5,4.2,Cerrado,MT,0,0,1
25.4,69.0,7.6,0.0,30,302.5,1.4,65.0,0.7,6.6,Mata Atlantica,BA,0,0,0
25.4,69.0,7.6,0.0,30,303.9,1.1,65.0,0.7,6.0,Mata Atlantica,BA,0,0,0
25.4,69.0,7.6,0.0,30,311.2,1.3,65.0,0.7,3.6,Mata Atlantica,GO,0,0,0
25.4,69.0,7.6,0.0,30,316.1,1.3,65.0,0.7,10.5,Mata Atlantica,TO,0,0,0
25.4,69.0,7.6,0.0,30,338.8,2.1,65.0,0.7,3.9,Mata Atlantica,TO,0,0,1
25.4,69.0,7.6,0.0,30,302.1,2.1,65.0,0.7,0.0,Mata Atlantica,TO,0,0,0
25.4,69.0,7.6,0.0,30,340.8,2.1,65.0,0.7,8.1,Mata Atlantica,TO,0,0,0
25.4,69.0,7.6,0.0,30,322.3,2.1,65.0,0.7,1.0,Mata Atlantica,TO,0,0,0
25.4,69.0,7.6,0.0,30,301.5,2.1,65.0,0.7,6.2,Mata Atlantica,TO,0,0,0
25.4,69.0,7.6,0.0,30,296.8,1.3,65.0,0.7,5.5,Mata Atlantica,BA,0,0,0
25.4,69.0,7.6,0.0,30,324.1,2.8,65.0,0.7,5.6,Mata Atlantica,BA,0,0,0
25.4,69.0,7.6,0.0,30,298.8,0.6,65.0,0.7,20.0,Mata Atlantica,BA,0,0,0
25.4,69.0,7.6,0.0,30,299.1,0.8,65.0,0.7,10.3,Mata Atlantica,TO,0,0,1
25.4,69.0,7.6,0.0,30,323.7,2.4,65.0,0.7,11.2,Mata Atlantica,TO,0,0,1
25.4,69.0,7.6,0.0,30,329.3,2.4,65.0,0.7,1.1,Mata Atlantica,TO,0,0,1
25.4,69.0,7.6,0.0,30,320.5,2.2,65.0,0.7,6.7,Mata Atlantica,TO,0,0,1
25.4,69.0,7.6,0.0,30,304.4,0.7,65.0,0.7,11.1,Mata Atlantica,TO,0,0,0
25.4,69.0,7.6,0.0,30,312.0,1.2,65.0,0.7,4.9,Mata Atlantica,BA,0,0,0
25.4,69.0,7.6,0.0,30,321.8,2.6,65.0,0.3,14.5,Caatinga,BA,0,0,0
25.4,69.0,7.6,0.0,30,317.7,2.9,65.0,0.3,4.0,Caatinga,BA,0,0,1
25.4,69.0,7.6,0.0,30,312.6,1.4,65.0,0.3,8.6,Caatinga,BA,0,0,0
25.4,69.0,7.6,0.0,30,307.1,1.4,65.0,0.3,7.1,Caatinga,BA,0,0,0
25.4,69.0,7.6,0.0,30,316.6,2.4,65.0,0.5,10.8,Cerrado,MT,0,0,0
25.4,69.0,7.6,0.0,30,316.2,2.4,65.0,0.5,6.8,Cerrado,MT,0,0,1
25.4,69.0,7.6,0.0,30,309.4,3.0,65.0,0.5,8.6,Cerrado,MT,0,0,0
25.4,69.0,7.6,0.0,30,299.6,0.7,65.0,0.7,8.8,Mata Atlantica,TO,0,0,1
25.4,69.0,7.6,0.0,30,306.6,2.3,65.0,0.7,6.3,Mata Atlantica,TO,0,0,0
25.4,69.0,7.6,0.0,30,334.9,2.3,65.0,0.7,12.4,Mata Atlantica,TO,0,0,0
25.4,69.0,7.6,0.0,30,316.0,1.8,65.0,0.7,11.2,Mata Atlantica,TO,0,0,0
25.4,69.0,7.6,0.0,30,324.1,1.8,65.0,0.7,9.6,Mata Atlantica,TO,0,0,0
25.4,69.0,7.6,0.0,30,333.0,3.9,65.0,0.7,7.8,Mata Atlantica,BA,0,0,1
25.4,69.0,7.6,0.0,30,297.3,0.9,65.0,0.5,14.0,Cerrado,MT,0,0,0
25.4,69.0,7.6,0.0,30,299.5,1.8,65.0,0.5,8.8,Cerrado,MT,0,0,0
25.4,69.0,7.6,0.0,30,312.6,1.1,65.0,0.5,8.5,Cerrado,MT,0,0,1
25.4,69.0,7.6,0.0,30,329.8,1.8,65.0,0.5,10.5,Cerrado,MT,0,0,0
25.4,69.0,7.6,0.0,30,301.4,1.1,65.0,0.5,18.5,Cerrado,MT,0,0,0
25.4,69.0,7.6,0.0,30,331.1,2.5,65.0,0.5,3.3,Cerrado,MT,0,0,0
25.4,69.0,7.6,0.0,30,316.5,2.5,65.0,0.5,13.8,Cerrado,MT,0,0,0
25.4,69.0,7.6,0.0,30,315.3,2.2,65.0,0.5,0.5,Cerrado,MT,0,0,1
25.4,69.0,7.6,0.0,30,310.1,1.6,65.0,0.5,11.1,Cerrado,MT,0,0,1
25.4,69.0,7.6,0.0,30,314.5,1.6,65.0,0.5,17.9,Cerrado,MT,0,0,0
25.4,69.0,7.6,0.0,30,298.7,1.1,65.0,0.5,12.4,Cerrado,MT,0,0,0
25.4,69.0,7.6,0.0,30,299.7,0.7,65.0,0.7,10.9,Mata Atlantica,TO,0,0,0
25.4,69.0,7.6,0.0,30,308.8,0.7,65.0,0.7,7.2,Mata Atlantica,TO,0,0,0
25.4,69.0,7.6,0.0,30,309.6,0.7,65.0,0.7,10.2,Mata Atlantica,TO,0,0,0
25.4,69.0,7.6,0.0,30,306.6,1.7,65.0,0.7,8.7,Mata Atlantica,TO,0,0,0
25.4,69.0,7.6,0.0,30,301.0,1.7,65.0,0.7,6.1,Mata Atlantica,TO,0,0,0
25.4,69.0,7.6,0.0,30,300.6,1.2,65.0,0.7,8.6,Mata Atlantica,TO,0,0,0
25.4,69.0,7.6,0.0,30,329.6,1.7,65.0,0.7,11.0,Mata Atlantica,TO,0,0,0
25.4,69.0,7.6,0.0,30,315.7,1.7,65.0,0.7,6.2,Mata Atlantica,TO,0,0,0
25.4,69.0,7.6,0.0,30,304.6,0.7,65.0,0.7,6.0,Mata Atlantica,TO,0,0,1
25.4,69.0,7.6,0.0,30,305.7,0.9,65.0,0.7,3.2,Mata Atlantica,TO,0,0,0
25.4,69.0,7.6,0.0,30,315.2,0.9,65.0,0.7,12.0,Mata Atlantica,TO,0,0,0
25.4,69.0,7.6,0.0,30,304.4,3.1,65.0,0.7,12.7,Mata Atlantica,TO,0,0,0
25.4,69.0,7.6,0.0,30,330.5,3.1,65.0,0.7,11.2,Mata Atlantica,TO,0,0,0
25.4,69.0,7.6,0.0,30,340.1,7.0,65.0,0.7,14.8,Mata Atlantica,TO,0,0,1
25.4,69.0,7.6,0.0,30,325.0,7.0,65.0,0.7,10.4,Mata Atlantica,TO,0,0,0
25.4,69.0,7.6,0.0,30,303.4,0.9,65.0,0.7,12.0,Mata Atlantica,TO,0,0,1
25.4,69.0,7.6,0.0,30,323.3,3.1,65.0,0.7,11.5,Mata Atlantica,TO,0,0,1
25.4,69.0,7.6,0.0,30,346.3,7.0,65.0,0.7,9.5,Mata Atlantica,TO,0,0,0
25.4,69.0,7.6,0.0,30,328.0,7.0,65.0,0.7,7.3,Mata Atlantica,TO,0,0,0
25.4,69.0,7.6,0.0,30,310.5,1.9,65.0,0.7,21.1,Mata Atlantica,TO,0,0,0
25.4,69.0,7.6,0.0,30,310.3,2.0,65.0,0.5,7.7,Cerrado,MT,0,0,0
25.4,69.0,7.6,0.0,30,309.9,2.0,65.0,0.5,6.7,Cerrado,MT,0,0,1
25.4,69.0,7.6,0.0,30,306.7,3.1,65.0,0.5,12.2,Cerrado,MT,0,0,0
25.4,69.0,7.6,0.0,30,316.9,1.5,65.0,0.5,11.3,Cerrado,MT,0,0,1
25.4,69.0,7.6,0.0,30,304.8,1.5,65.0,0.5,3.0,Cerrado,MT,0,0,0
25.4,69.0,7.6,0.0,30,303.2,1.5,65.0,0.5,15.6,Cerrado,MT,0,0,0
25.4,69.0,7.6,0.0,30,302.1,0.8,65.0,0.7,9.5,Mata Atlantica,TO,0,0,0
25.4,69.0,7.6,0.0,30,299.7,0.8,65.0,0.7,4.4,Mata Atlantica,TO,0,0,1
25.4,69.0,7.6,0.0,30,315.4,0.8,65.0,0.7,15.9,Mata Atlantica,TO,0,0,0
25.4,69.0,7.6,0.0,30,318.9,0.9,65.0,0.7,13.1,Mata Atlantica,TO,0,0,0
25.4,69.0,7.6,0.0,30,316.1,1.4,65.0,0.5,3.7,Cerrado,TO,0,0,1
25.4,69.0,7.6,0.0,30,303.1,0.6,65.0,0.5,18.9,Cerrado,TO,0,0,0
25.4,69.0,7.6,0.0,30,316.5,1.9,65.0,0.7,13.3,Mata Atlantica,TO,0,0,0
25.4,69.0,7.6,0.0,30,330.9,9.3,65.0,0.7,9.9,Mata Atlantica,TO,0,0,0
25.4,69.0,7.6,0.0,30,340.8,9.3,65.0,0.7,18.0,Mata Atlantica,TO,0,0,1
25.4,69.0,7.6,0.0,30,308.5,1.5,65.0,0.5,10.8,Cerrado,MT,0,0,0
25.4,69.0,7.6,0.0,30,307.2,1.3,65.0,0.5,9.9,Cerrado,MT,0,0,0
25.4,69.0,7.6,0.0,30,318.6,1.5,65.0,0.5,6.7,Cerrado,MT,0,0,0
25.4,69.0,7.6,0.0,30,315.4,2.7,65.0,0.5,12.9,Cerrado,MT,0,0,0
25.4,69.0,7.6,0.0,30,312.1,2.7,65.0,0.5,12.4,Cerrado,MT,0,0,0
25.4,69.0,7.6,0.0,30,302.5,0.8,65.0,0.5,10.1,Cerrado,MT,0,0,1
25.4,69.0,7.6,0.0,30,308.8,2.4,65.0,0.5,6.1,Cerrado,MT,0,0,1
25.4,69.0,7.6,0.0,30,319.9,0.8,65.0,0.5,10.6,Cerrado,MT,0,0,0
25.4,69.0,7.6,0.0,30,307.3,1.2,65.0,0.5,9.7,Cerrado,MT,0,0,1
25.4,69.0,7.6,0.0,30,309.1,1.4,65.0,0.5,3.3,Cerrado,MT,0,0,0
25.4,69.0,7.6,0.0,30,304.6,1.6,65.0,0.5,2.6,Cerrado,MT,0,0,0
25.4,69.0,7.6,0.0,30,301.1,1.2,65.0,0.5,12.8,Cerrado,MT,0,0,1
25.4,69.0,7.6,0.0,30,311.7,1.4,65.0,0.5,0.0,Cerrado,MT,0,0,0
25.4,69.0,7.6,0.0,30,297.5,0.6,65.0,0.5,11.0,Cerrado,MT,0,0,1
25.4,69.0,7.6,0.0,30,309.6,2.8,65.0,0.5,7.6,Cerrado,MT,0,0,0
25.4,69.0,7.6,0.0,30,300.5,1.5,65.0,0.5,16.5,Cerrado,MT,0,0,0
25.4,69.0,7.6,0.0,30,309.4,0.8,65.0,0.5,7.5,Cerrado,MT,0,0,0
25.4,69.0,7.6,0.0,30,296.0,0.8,65.0,0.5,13.3,Cerrado,MT,0,0,0
25.4,69.0,7.6,0.0,30,296.2,0.8,65.0,0.5,8.0,Cerrado,MT,0,0,1
25.4,69.0,7.6,0.0,30,298.0,1.3,65.0,0.5,10.6,Cerrado,MT,0,0,0
25.4,69.0,7.6,0.0,30,300.7,1.4,65.0,0.5,13.7,Cerrado,MT,0,0,1
25.4,69.0,7.6,0.0,30,318.6,1.4,65.0,0.5,7.7,Cerrado,MT,0,0,1
25.4,69.0,7.6,0.0,30,310.3,1.7,65.0,0.5,15.0,Cerrado,MT,0,0,1
25.4,69.0,7.6,0.0,30,309.5,1.9,65.0,0.5,5.0,Cerrado,MT,0,0,0
25.4,69.0,7.6,0.0,30,307.9,1.7,65.0,0.5,11.5,Cerrado,MT,0,0,0
25.4,69.0,7.6,0.0,30,302.3,1.6,65.0,0.5,14.6,Cerrado,MT,0,0,0
25.4,69.0,7.6,0.0,30,302.0,0.8,65.0,0.5,13.3,Cerrado,MT,0,0,0
25.4,69.0,7.6,0.0,30,313.5,0.8,65.0,0.5,19.6,Cerrado,MT,0,0,0
25.4,69.0,7.6,0.0,30,302.8,0.8,65.0,0.5,6.2,Cerrado,MT,0,0,1
25.4,69.0,7.6,0.0,30,306.0,0.8,65.0,0.5,3.1,Cerrado,MT,0,0,1
25.4,69.0,7.6,0.0,30,306.3,2.3,65.0,0.5,5.0,Cerrado,MT,0,0,0
25.4,69.0,7.6,0.0,30,333.1,3.5,65.0,0.5,13.3,Cerrado,MT,0,0,0
25.4,69.0,7.6,0.0,30,324.9,3.5,65.0,0.5,12.5,Cerrado,MT,0,0,0
25.4,69.0,7.6,0.0,30,311.8,3.4,65.0,0.5,10.5,Cerrado,MT,0,0,1
25.4,69.0,7.6,0.0,30,305.6,0.7,65.0,0.5,4.4,Cerrado,MT,0,0,1
25.4,69.0,7.6,0.0,30,300.4,0.7,65.0,0.5,13.8,Cerrado,MT,0,0,1
25.4,69.0,7.6,0.0,30,309.6,1.1,65.0,0.5,3.9,Cerrado,MT,0,0,0
25.4,69.0,7.6,0.0,30,311.1,1.8,65.0,0.5,15.8,Cerrado,MT,0,0,0
25.4,69.0,7.6,0.0,30,309.7,2.2,65.0,0.5,24.3,Cerrado,MT,0,0,1
25.4,69.0,7.6,0.0,30,303.6,1.1,65.0,0.5,11.8,Cerrado,MT,0,0,0
25.4,69.0,7.6,0.0,30,296.7,0.3,65.0,0.5,12.9,Desconhecido,??,0,0,0
25.4,69.0,7.6,0.0,30,298.8,0.3,65.0,0.5,7.5,Desconhecido,??,0,0,0
25.4,69.0,7.6,0.0,30,318.4,5.7,65.0,0.5,0.9,Desconhecido,MT,0,0,0
25.4,69.0,7.6,0.0,30,347.1,5.7,65.0,0.5,7.0,Desconhecido,MT,0,0,0
25.4,69.0,7.6,0.0,30,312.1,1.7,65.0,0.5,4.5,Desconhecido,MT,0,0,0
25.4,69.0,7.6,0.0,30,299.7,1.7,65.0,0.5,2.8,Desconhecido,MT,0,0,1
25.4,69.0,7.6,0.0,30,338.9,3.9,65.0,0.5,18.6,Desconhecido,??,0,0,0
25.4,69.0,7.6,0.0,30,337.5,3.4,65.0,0.5,11.4,Desconhecido,??,0,0,0
25.4,69.0,7.6,0.0,30,303.0,1.1,65.0,0.5,11.9,Desconhecido,??,0,0,0
25.4,69.0,7.6,0.0,30,312.3,3.9,65.0,0.5,8.5,Desconhecido,??,0,0,0
25.4,69.0,7.6,0.0,30,322.6,1.5,65.0,0.5,9.1,Desconhecido,??,0,0,0
25.4,69.0,7.6,0.0,30,328.3,3.9,65.0,0.5,14.8,Desconhecido,??,0,0,0
25.4,69.0,7.6,0.0,30,296.9,1.5,65.0,0.5,9.8,Desconhecido,??,0,0,0
25.4,69.0,7.6,0.0,30,297.8,1.6,65.0,0.5,12.7,Desconhecido,??,0,0,1
25.4,69.0,7.6,0.0,30,298.8,1.8,65.0,0.5,9.0,Desconhecido,??,0,0,0
25.4,69.0,7.6,0.0,30,339.2,4.6,65.0,0.5,8.3,Desconhecido,??,0,0,0
25.4,69.0,7.6,0.0,30,312.5,1.7,65.0,0.5,3.0,Desconhecido,??,0,0,0
25.4,69.0,7.6,0.0,30,304.1,1.0,65.0,0.5,0.1,Desconhecido,??,0,0,1
25.4,69.0,7.6,0.0,30,296.5,0.9,65.0,0.5,8.7,Desconhecido,??,0,0,0
25.4,69.0,7.6,0.0,30,295.7,0.6,65.0,0.5,10.3,Desconhecido,??,0,0,0
25.4,69.0,7.6,0.0,30,310.9,1.9,65.0,0.5,3.6,Desconhecido,??,0,0,1
25.4,69.0,7.6,0.0,30,308.7,1.3,65.0,0.5,9.8,Desconhecido,??,0,0,0
25.4,69.0,7.6,0.0,30,297.4,1.5,65.0,0.5,10.3,Desconhecido,??,0,0,1
25.4,69.0,7.6,0.0,30,302.8,1.4,65.0,0.5,0.0,Desconhecido,??,0,0,0
25.4,69.0,7.6,0.0,30,308.9,1.3,65.0,0.5,5.4,Desconhecido,??,0,0,0
25.4,69.0,7.6,0.0,30,304.8,1.8,65.0,0.8,12.0,Amazonia,AM,0,0,1
25.4,69.0,7.6,0.0,30,298.6,1.2,65.0,0.5,11.9,Desconhecido,??,0,0,0
25.4,69.0,7.6,0.0,30,311.1,1.7,65.0,0.5,4.2,Desconhecido,??,0,0,0
25.4,69.0,7.6,0.0,30,318.9,1.7,65.0,0.5,10.8,Desconhecido,??,0,0,0
25.4,69.0,7.6,0.0,30,309.5,1.9,65.0,0.5,15.1,Desconhecido,??,0,0,1
25.4,69.0,7.6,0.0,30,308.0,1.6,65.0,0.5,13.9,Desconhecido,??,0,0,0
25.4,69.0,7.6,0.0,30,296.4,0.8,65.0,0.5,9.5,Desconhecido,??,0,0,0
25.4,69.0,7.6,0.0,30,296.5,1.7,65.0,0.5,7.7,Desconhecido,??,0,0,0
25.4,69.0,7.6,0.0,30,309.9,3.0,65.0,0.5,6.9,Desconhecido,??,0,0,0
25.4,69.0,7.6,0.0,30,327.3,3.0,65.0,0.5,12.3,Desconhecido,??,0,0,0
25.4,69.0,7.6,0.0,30,302.8,1.1,65.0,0.5,11.0,Desconhecido,??,0,0,0
25.4,69.0,7.6,0.0,30,344.3,4.1,65.0,0.5,13.1,Desconhecido,??,0,0,0
25.4,69.0,7.6,0.0,30,308.4,4.1,65.0,0.5,10.7,Desconhecido,??,0,0,0
25.4,69.0,7.6,0.0,30,307.5,1.3,65.0,0.5,14.1,Desconhecido,??,0,0,0
25.4,69.0,7.6,0.0,30,333.7,3.5,65.0,0.5,10.5,Desconhecido,??,0,0,1
25.4,69.0,7.6,0.0,30,322.3,3.5,65.0,0.5,13.9,Desconhecido,??,0,0,0
25.4,69.0,7.6,0.0,30,334.1,4.4,65.0,0.5,14.4,Desconhecido,??,0,0,0
25.4,69.0,7.6,0.0,30,324.7,2.1,65.0,0.5,6.0,Desconhecido,??,0,0,0
25.4,69.0,7.6,0.0,30,300.7,1.5,65.0,0.5,1.0,Desconhecido,??,0,0,0
25.4,69.0,7.6,0.0,30,325.5,5.8,65.0,0.7,17.7,Mata Atlantica,BA,0,0,1
25.4,69.0,7.6,0.0,30,331.1,2.1,65.0,0.7,11.3,Mata Atlantica,??,0,0,1
25.4,69.0,7.6,0.0,30,335.3,2.4,65.0,0.3,1.4,Caatinga,BA,0,0,0
25.4,69.0,7.6,0.0,30,333.3,3.4,65.0,0.3,6.4,Caatinga,BA,0,0,1
25.4,69.0,7.6,0.0,30,336.0,4.8,65.0,0.3,13.9,Caatinga,??,0,0,1
25.4,69.0,7.6,0.0,30,346.6,4.8,65.0,0.3,8.6,Caatinga,??,0,0,1
25.4,69.0,7.6,0.0,30,339.3,9.6,65.0,0.7,7.4,Mata Atlantica,??,0,0,1
25.4,69.0,7.6,0.0,30,342.0,10.7,65.0,0.7,17.0,Mata Atlantica,??,0,0,1
25.4,69.0,7.6,0.0,30,325.5,4.0,65.0,0.5,4.8,Desconhecido,??,0,0,0
25.4,69.0,7.6,0.0,30,348.9,3.7,65.0,0.5,6.0,Desconhecido,MS,0,0,0
25.4,69.0,7.6,0.0,30,333.3,2.4,65.0,0.5,11.1,Cerrado,MS,0,0,1
25.4,69.0,7.6,0.0,30,334.0,4.9,65.0,0.7,12.0,Mata Atlantica,MG,0,0,1
25.4,69.0,7.6,0.0,30,345.8,6.1,65.0,0.5,12.5,Cerrado,MG,0,0,1
25.4,69.0,7.6,0.0,30,346.7,10.8,65.0,0.5,14.6,Cerrado,MG,0,0,1
25.4,69.0,7.6,0.0,30,350.5,6.1,65.0,0.5,11.0,Cerrado,MG,0,0,1
25.4,69.0,7.6,0.0,30,340.6,10.8,65.0,0.5,12.4,Cerrado,MG,0,0,1
25.4,69.0,7.6,0.0,30,325.4,1.8,65.0,0.5,8.7,Cerrado,MG,0,0,1
25.4,69.0,7.6,0.0,30,346.9,5.4,65.0,0.7,10.3,Mata Atlantica,MG,0,0,0
25.4,69.0,7.6,0.0,30,334.2,5.4,65.0,0.7,10.5,Mata Atlantica,MG,0,0,0
25.4,69.0,7.6,0.0,30,329.0,2.8,65.0,0.7,11.1,Mata Atlantica,MG,0,0,0
25.4,69.0,7.6,0.0,30,346.2,10.0,65.0,0.7,13.9,Mata Atlantica,MG,0,0,0
25.4,69.0,7.6,0.0,30,339.4,3.6,65.0,0.7,12.8,Mata Atlantica,MG,0,0,0
25.4,69.0,7.6,0.0,30,335.5,2.6,65.0,0.5,10.2,Cerrado,MS,0,0,1
25.4,69.0,7.6,0.0,30,330.5,3.1,65.0,0.7,6.0,Mata Atlantica,MG,0,0,0
25.4,69.0,7.6,0.0,30,330.9,3.1,65.0,0.7,10.3,Mata Atlantica,MG,0,0,1
25.4,69.0,7.6,0.0,30,339.0,7.1,65.0,0.5,9.9,Cerrado,MS,0,0,0
25.4,69.0,7.6,0.0,30,339.5,7.1,65.0,0.5,11.0,Cerrado,MS,0,0,1
25.4,69.0,7.6,0.0,30,339.6,3.3,65.0,0.5,21.0,Cerrado,MS,0,0,1
25.4,69.0,7.6,0.0,30,336.2,5.4,65.0,0.5,7.4,Cerrado,MS,0,0,1
25.4,69.0,7.6,0.0,30,349.6,6.8,65.0,0.6,12.1,Pantanal,MS,0,0,1
25.4,69.0,7.6,0.0,30,341.1,4.0,65.0,0.6,15.3,Pantanal,MS,0,0,1
25.4,69.0,7.6,0.0,30,330.1,4.2,65.0,0.6,10.5,Pantanal,MS,0,0,1
25.4,69.0,7.6,0.0,30,341.9,4.0,65.0,0.6,21.7,Pantanal,MS,0,0,0
25.4,69.0,7.6,0.0,30,347.4,5.4,65.0,0.6,8.1,Pantanal,MS,0,0,1
25.4,69.0,7.6,0.0,30,336.3,5.4,65.0,0.6,11.6,Pantanal,MS,0,0,0
25.4,69.0,7.6,0.0,30,335.4,5.5,65.0,0.6,6.0,Pantanal,MS,0,0,0
25.4,69.0,7.6,0.0,30,335.3,4.2,65.0,0.6,8.2,Pantanal,MS,0,0,0
25.4,69.0,7.6,0.0,30,337.1,4.2,65.0,0.6,11.2,Pantanal,MS,0,0,0
25.4,69.0,7.6,0.0,30,335.7,7.5,65.0,0.5,14.2,Cerrado,MS,0,0,1
25.4,69.0,7.6,0.0,30,327.7,2.8,65.0,0.6,11.6,Pantanal,MS,0,0,0
25.4,69.0,7.6,0.0,30,354.8,20.2,65.0,0.5,16.3,Cerrado,??,0,0,0
25.4,69.0,7.6,0.0,30,343.5,13.3,65.0,0.5,9.5,Cerrado,??,0,0,0
25.4,69.0,7.6,0.0,30,313.8,1.4,65.0,0.7,8.3,Mata Atlantica,TO,0,0,0
25.4,69.0,7.6,0.0,30,344.7,30.1,65.0,0.7,23.5,Mata Atlantica,TO,0,0,1
25.4,69.0,7.6,0.0,30,367.0,30.1,95.0,0.7,12.0,Mata Atlantica,TO,0,0,0
25.4,69.0,7.6,0.0,30,319.9,1.9,65.0,0.7,6.4,Mata Atlantica,TO,0,0,0
25.4,69.0,7.6,0.0,30,328.3,36.3,65.0,0.7,6.5,Mata Atlantica,TO,0,0,1
25.4,69.0,7.6,0.0,30,312.2,5.4,65.0,0.7,5.3,Mata Atlantica,TO,0,0,0
25.4,69.0,7.6,0.0,30,339.9,36.3,65.0,0.7,14.7,Mata Atlantica,TO,0,0,1
25.4,69.0,7.6,0.0,30,348.8,5.4,65.0,0.7,8.2,Mata Atlantica,TO,0,0,1
25.4,69.0,7.6,0.0,30,329.7,5.5,65.0,0.7,10.6,Mata Atlantica,TO,0,0,1
25.4,69.0,7.6,0.0,30,349.4,9.3,65.0,0.7,9.7,Mata Atlantica,TO,0,0,1
25.4,69.0,7.6,0.0,30,355.5,9.3,65.0,0.7,13.7,Mata Atlantica,TO,0,0,1
25.4,69.0,7.6,0.0,30,338.6,30.1,65.0,0.7,5.8,Mata Atlantica,TO,0,0,1
25.4,69.0,7.6,0.0,30,334.1,5.0,65.0,0.7,4.6,Mata Atlantica,TO,0,0,0
25.4,69.0,7.6,0.0,30,347.1,30.1,65.0,0.7,11.1,Mata Atlantica,TO,0,0,0
25.4,69.0,7.6,0.0,30,343.4,5.0,65.0,0.7,13.0,Mata Atlantica,TO,0,0,1
25.4,69.0,7.6,0.0,30,318.1,36.3,65.0,0.7,11.7,Mata Atlantica,TO,0,0,0
25.4,69.0,7.6,0.0,30,317.9,36.3,65.0,0.7,6.0,Mata Atlantica,TO,0,0,1
25.4,69.0,7.6,0.0,30,316.6,2.5,65.0,0.7,13.4,Mata Atlantica,TO,0,0,0
25.4,69.0,7.6,0.0,30,307.2,0.8,65.0,0.5,6.3,Cerrado,TO,0,0,0
25.4,69.0,7.6,0.0,30,325.9,2.8,65.0,0.7,7.4,Mata Atlantica,TO,0,0,0
25.4,69.0,7.6,0.0,30,309.0,0.9,65.0,0.7,5.3,Mata Atlantica,TO,0,0,0
25.4,69.0,7.6,0.0,30,302.6,1.4,65.0,0.7,16.5,Mata Atlantica,TO,0,0,0
25.4,69.0,7.6,0.0,30,334.2,4.2,65.0,0.7,13.2,Mata Atlantica,TO,0,0,0
25.4,69.0,7.6,0.0,30,328.5,1.4,65.0,0.7,13.0,Mata Atlantica,TO,0,0,0
25.4,69.0,7.6,0.0,30,310.0,1.4,65.0,0.7,16.2,Mata Atlantica,TO,0,0,1
25.4,69.0,7.6,0.0,30,345.3,4.2,65.0,0.7,24.1,Mata Atlantica,TO,0,0,1
25.4,69.0,7.6,0.0,30,307.1,1.4,65.0,0.7,1.5,Mata Atlantica,TO,0,0,1
25.4,69.0,7.6,0.0,30,304.7,0.7,65.0,0.7,6.3,Mata Atlantica,TO,0,0,0
25.4,69.0,7.6,0.0,30,334.0,4.5,65.0,0.7,6.9,Mata Atlantica,TO,0,0,0
25.4,69.0,7.6,0.0,30,305.3,0.9,65.0,0.7,5.7,Mata Atlantica,TO,0,0,0
25.4,69.0,7.6,0.0,30,307.7,0.7,65.0,0.7,4.6,Mata Atlantica,TO,0,0,1
25.4,69.0,7.6,0.0,30,305.9,0.7,65.0,0.7,8.5,Mata Atlantica,TO,0,0,1
25.4,69.0,7.6,0.0,30,311.1,0.7,65.0,0.7,3.9,Mata Atlantica,TO,0,0,0
25.4,69.0,7.6,0.0,30,334.6,4.5,65.0,0.7,11.7,Mata Atlantica,TO,0,0,0
25.4,69.0,7.6,0.0,30,307.5,0.8,65.0,0.7,10.3,Mata Atlantica,TO,0,0,1
25.4,69.0,7.6,0.0,30,312.0,0.8,65.0,0.7,12.4,Mata Atlantica,TO,0,0,0
25.4,69.0,7.6,0.0,30,334.2,2.9,65.0,0.7,12.5,Mata Atlantica,TO,0,0,1
25.4,69.0,7.6,0.0,30,313.7,1.2,65.0,0.5,13.0,Cerrado,TO,0,0,0
25.4,69.0,7.6,0.0,30,304.1,0.6,65.0,0.7,8.1,Mata Atlantica,TO,0,0,0
25.4,69.0,7.6,0.0,30,330.5,2.2,65.0,0.7,20.6,Mata Atlantica,TO,0,0,0
25.4,69.0,7.6,0.0,30,305.7,1.0,65.0,0.7,11.2,Mata Atlantica,TO,0,0,1
25.4,69.0,7.6,0.0,30,315.1,1.0,65.0,0.7,0.7,Mata Atlantica,TO,0,0,0
25.4,69.0,7.6,0.0,30,345.1,5.5,65.0,0.7,5.0,Mata Atlantica,TO,0,0,0
25.4,69.0,7.6,0.0,30,304.6,0.7,65.0,0.5,1.3,Cerrado,TO,0,0,1
25.4,69.0,7.6,0.0,30,313.6,2.2,65.0,0.7,10.1,Mata Atlantica,TO,0,0,0
25.4,69.0,7.6,0.0,30,311.0,0.7,65.0,0.5,9.4,Cerrado,TO,0,0,0
25.4,69.0,7.6,0.0,30,310.9,1.0,65.0,0.7,7.7,Mata Atlantica,TO,0,0,1
25.4,69.0,7.6,0.0,30,310.9,0.7,65.0,0.7,20.1,Mata Atlantica,TO,0,0,0
25.4,69.0,7.6,0.0,30,308.3,0.7,65.0,0.7,12.7,Mata Atlantica,TO,0,0,1
25.4,69.0,7.6,0.0,30,312.1,0.7,65.0,0.7,13.6,Mata Atlantica,TO,0,0,0
25.4,69.0,7.6,0.0,30,303.7,0.7,65.0,0.7,5.3,Mata Atlantica,TO,0,0,1
25.4,69.0,7.6,0.0,30,330.4,2.8,65.0,0.7,5.0,Mata Atlantica,TO,0,0,0
25.4,69.0,7.6,0.0,30,319.0,2.0,65.0,0.7,10.2,Mata Atlantica,TO,0,0,0
25.4,69.0,7.6,0.0,30,309.6,1.8,65.0,0.7,10.9,Mata Atlantica,TO,0,0,0
25.4,69.0,7.6,0.0,30,305.5,1.8,65.0,0.7,0.7,Mata Atlantica,TO,0,0,1
25.4,69.0,7.6,0.0,30,335.4,1.8,65.0,0.7,9.1,Mata Atlantica,TO,0,0,0
25.4,69.0,7.6,0.0,30,340.1,2.3,65.0,0.7,10.1,Mata Atlantica,TO,0,0,1
25.4,69.0,7.6,0.0,30,308.6,2.3,65.0,0.7,8.9,Mata Atlantica,TO,0,0,0
25.4,69.0,7.6,0.0,30,348.6,2.8,65.0,0.7,5.9,Mata Atlantica,TO,0,0,1
25.4,69.0,7.6,0.0,30,319.2,1.5,65.0,0.7,7.3,Mata Atlantica,TO,0,0,0
25.4,69.0,7.6,0.0,30,302.3,0.5,65.0,0.5,9.1,Cerrado,TO,0,0,0
25.4,69.0,7.6,0.0,30,307.5,1.1,65.0,0.5,10.5,Cerrado,TO,0,0,1
25.4,69.0,7.6,0.0,30,308.4,1.3,65.0,0.5,13.0,Cerrado,TO,0,0,1
25.4,69.0,7.6,0.0,30,348.9,6.1,65.0,0.7,15.4,Mata Atlantica,TO,0,0,0
25.4,69.0,7.6,0.0,30,323.9,3.8,65.0,0.7,8.5,Mata Atlantica,TO,0,0,0
25.4,69.0,7.6,0.0,30,303.5,6.1,65.0,0.7,7.7,Mata Atlantica,TO,0,0,0
25.4,69.0,7.6,0.0,30,356.6,3.8,65.0,0.7,12.2,Mata Atlantica,TO,0,0,0
25.4,69.0,7.6,0.0,30,302.1,3.8,65.0,0.7,13.1,Mata Atlantica,TO,0,0,0
25.4,69.0,7.6,0.0,30,305.1,0.6,65.0,0.5,7.8,Cerrado,TO,0,0,1
25.4,69.0,7.6,0.0,30,304.6,0.6,65.0,0.5,14.0,Cerrado,TO,0,0,0
25.4,69.0,7.6,0.0,30,305.7,1.1,65.0,0.5,14.9,Cerrado,MT,0,0,0
25.4,69.0,7.6,0.0,30,338.6,5.6,65.0,0.7,16.5,Mata Atlantica,??,0,0,1
25.4,69.0,7.6,0.0,30,310.2,5.6,65.0,0.7,18.9,Mata Atlantica,??,0,0,1
25.4,69.0,7.6,0.0,30,336.1,4.3,65.0,0.7,5.7,Mata Atlantica,??,0,0,0
25.4,69.0,7.6,0.0,30,340.2,8.8,65.0,0.7,10.1,Mata Atlantica,??,0,0,0
25.4,69.0,7.6,0.0,30,320.6,4.3,65.0,0.7,10.1,Mata Atlantica,??,0,0,0
25.4,69.0,7.6,0.0,30,302.3,1.0,65.0,0.7,9.5,Mata Atlantica,MG,0,0,0
25.4,69.0,7.6,0.0,30,300.5,1.0,65.0,0.7,6.8,Mata Atlantica,MG,0,0,1
25.4,69.0,7.6,0.0,30,297.9,0.5,65.0,0.7,2.6,Mata Atlantica,MG,0,0,0
25.4,69.0,7.6,0.0,30,298.0,0.8,65.0,0.7,10.5,Mata Atlantica,MG,0,0,0
25.4,69.0,7.6,0.0,30,302.9,0.8,65.0,0.7,6.2,Mata Atlantica,MG,0,0,1
25.4,69.0,7.6,0.0,30,297.4,0.2,65.0,0.5,10.4,Cerrado,MG,0,0,0
25.4,69.0,7.6,0.0,30,298.1,0.5,65.0,0.5,6.0,Cerrado,MG,0,0,0
25.4,69.0,7.6,0.0,30,300.2,0.6,65.0,0.5,4.5,Cerrado,MG,0,0,0
25.4,69.0,7.6,0.0,30,319.6,1.7,65.0,0.5,11.2,Cerrado,MG,0,0,1
25.4,69.0,7.6,0.0,30,337.2,3.9,65.0,0.5,10.8,Cerrado,MG,0,0,0
25.4,69.0,7.6,0.0,30,306.7,0.8,65.0,0.5,12.9,Cerrado,MG,0,0,1
25.4,69.0,7.6,0.0,30,306.5,0.8,65.0,0.5,20.9,Cerrado,MG,0,0,0
25.4,69.0,7.6,0.0,30,297.8,1.8,65.0,0.5,11.4,Cerrado,??,0,0,0
25.4,69.0,7.6,0.0,30,314.2,2.4,65.0,0.5,12.4,Cerrado,??,0,0,0
25.4,69.0,7.6,0.0,30,328.9,3.5,65.0,0.5,4.6,Cerrado,MG,0,0,0
25.4,69.0,7.6,0.0,30,297.9,0.7,65.0,0.7,3.6,Mata Atlantica,MG,0,0,0
25.4,69.0,7.6,0.0,30,305.2,1.5,65.0,0.5,17.9,Cerrado,MS,0,0,0
25.4,69.0,7.6,0.0,30,314.4,1.8,65.0,0.5,5.4,Cerrado,MS,0,0,1
25.4,69.0,7.6,0.0,30,313.1,1.0,65.0,0.5,4.8,Cerrado,MS,0,0,0
25.4,69.0,7.6,0.0,30,301.1,0.8,65.0,0.5,9.8,Cerrado,MS,0,0,0
25.4,69.0,7.6,0.0,30,305.7,0.7,65.0,0.5,9.5,Cerrado,MG,0,0,1
25.4,69.0,7.6,0.0,30,303.8,0.6,65.0,0.7,5.5,Mata Atlantica,MG,0,0,1
25.4,69.0,7.6,0.0,30,298.9,0.9,65.0,0.5,8.5,Cerrado,MG,0,0,1
25.4,69.0,7.6,0.0,30,314.0,3.1,65.0,0.5,16.1,Cerrado,MS,0,0,0
25.4,69.0,7.6,0.0,30,305.1,0.8,65.0,0.7,6.0,Mata Atlantica,GO,0,0,0
25.4,69.0,7.6,0.0,30,340.3,5.8,65.0,0.5,3.0,Cerrado,MS,0,0,0
25.4,69.0,7.6,0.0,30,303.7,0.8,65.0,0.5,14.7,Cerrado,MS,0,0,1
25.4,69.0,7.6,0.0,30,302.9,3.9,65.0,0.5,12.5,Desconhecido,??,0,0,0
25.4,69.0,7.6,0.0,30,322.7,6.1,65.0,0.5,6.9,Desconhecido,??,0,0,0
25.4,69.0,7.6,0.0,30,332.1,3.9,65.0,0.5,2.1,Desconhecido,??,0,0,0
25.4,69.0,7.6,0.0,30,328.5,7.9,65.0,0.5,6.3,Desconhecido,??,0,0,0
25.4,69.0,7.6,0.0,30,300.3,3.3,65.0,0.5,9.7,Desconhecido,??,0,0,0
25.4,69.0,7.6,0.0,30,311.7,3.1,65.0,0.5,15.8,Desconhecido,??,0,0,1
25.4,69.0,7.6,0.0,30,316.8,3.1,65.0,0.5,4.8,Desconhecido,??,0,0,1
25.4,69.0,7.6,0.0,30,308.7,0.7,65.0,0.5,9.6,Cerrado,MS,0,0,1
25.4,69.0,7.6,0.0,30,310.7,0.9,65.0,0.5,13.4,Cerrado,MS,0,0,0
25.4,69.0,7.6,0.0,30,301.5,1.6,65.0,0.5,0.0,Desconhecido,??,0,0,1
25.4,69.0,7.6,0.0,30,324.7,2.5,65.0,0.5,15.2,Cerrado,MT,0,0,0
25.4,69.0,7.6,0.0,30,302.6,4.6,65.0,0.5,4.1,Cerrado,MT,0,0,1
25.4,69.0,7.6,0.0,30,333.3,6.3,65.0,0.5,11.7,Cerrado,MT,0,0,1
25.4,69.0,7.6,0.0,30,367.0,4.6,95.0,0.5,11.2,Cerrado,MT,0,0,1
25.4,69.0,7.6,0.0,30,301.2,4.6,65.0,0.5,15.4,Cerrado,MT,0,0,1
25.4,69.0,7.6,0.0,30,309.8,2.4,65.0,0.5,12.8,Cerrado,MT,0,0,0
25.4,69.0,7.6,0.0,30,302.0,0.8,65.0,0.5,0.0,Cerrado,MT,0,0,0
25.4,69.0,7.6,0.0,30,323.9,2.4,65.0,0.5,6.1,Cerrado,MT,0,0,1
25.4,69.0,7.6,0.0,30,302.6,1.2,65.0,0.5,10.7,Cerrado,MT,0,0,1
25.4,69.0,7.6,0.0,30,296.9,0.9,65.0,0.5,9.0,Cerrado,MT,0,0,0
25.4,69.0,7.6,0.0,30,303.2,1.6,65.0,0.5,12.4,Cerrado,MT,0,0,0
25.4,69.0,7.6,0.0,30,313.3,1.2,65.0,0.5,13.9,Cerrado,MT,0,0,0
25.4,69.0,7.6,0.0,30,332.4,3.4,65.0,0.7,13.0,Mata Atlantica,GO,0,0,0
25.4,69.0,7.6,0.0,30,333.8,6.2,65.0,0.7,8.9,Mata Atlantica,GO,0,0,0
25.4,69.0,7.6,0.0,30,328.0,7.0,65.0,0.5,0.8,Cerrado,MT,0,0,1
25.4,69.0,7.6,0.0,30,328.5,4.3,65.0,0.5,7.7,Cerrado,MT,0,0,1
25.4,69.0,7.6,0.0,30,329.7,5.9,65.0,0.5,12.1,Cerrado,MT,0,0,0
25.4,69.0,7.6,0.0,30,330.7,3.0,65.0,0.5,4.5,Cerrado,GO,0,0,1
25.4,69.0,7.6,0.0,30,333.1,2.2,65.0,0.7,13.2,Mata Atlantica,GO,0,0,0
25.4,69.0,7.6,0.0,30,338.7,0.8,65.0,0.5,14.5,Cerrado,MT,0,0,1
25.4,69.0,7.6,0.0,30,325.2,4.6,65.0,0.5,10.6,Desconhecido,MT,0,0,0
25.4,69.0,7.6,0.0,30,335.8,22.2,65.0,0.5,0.0,Cerrado,GO,0,0,1
25.4,69.0,7.6,0.0,30,354.1,32.6,65.0,0.5,3.6,Cerrado,GO,0,0,0
25.4,69.0,7.6,0.0,30,342.5,17.6,65.0,0.5,19.4,Cerrado,MT,0,0,0
25.4,69.0,7.6,0.0,30,341.9,16.5,65.0,0.5,7.3,Cerrado,MT,0,0,0
25.4,69.0,7.6,0.0,30,348.9,17.6,65.0,0.5,0.1,Cerrado,MT,0,0,0
25.4,69.0,7.6,0.0,30,344.7,16.5,65.0,0.5,16.2,Cerrado,MT,0,0,1
25.4,69.0,7.6,0.0,30,334.6,3.4,65.0,0.5,10.1,Cerrado,MT,0,0,0
25.4,69.0,7.6,0.0,30,338.7,4.6,65.0,0.5,15.5,Cerrado,MT,0,0,1
25.4,69.0,7.6,0.0,30,341.8,12.8,65.0,0.5,11.4,Cerrado,MT,0,0,1
25.4,69.0,7.6,0.0,30,335.4,4.6,65.0,0.5,12.3,Cerrado,MT,0,0,1
25.4,69.0,7.6,0.0,30,354.7,12.7,65.0,0.5,11.8,Cerrado,MT,0,0,1
25.4,69.0,7.6,0.0,30,337.3,12.8,65.0,0.5,13.5,Cerrado,MT,0,0,1
25.4,69.0,7.6,0.0,30,338.7,14.8,65.0,0.5,21.4,Cerrado,MT,0,0,1
25.4,69.0,7.6,0.0,30,367.0,14.8,95.0,0.5,14.9,Cerrado,MT,0,0,1
25.4,69.0,7.6,0.0,30,352.5,26.2,65.0,0.5,2.1,Cerrado,MT,0,0,1
25.4,69.0,7.6,0.0,30,352.2,26.2,65.0,0.5,12.2,Cerrado,MT,0,0,0
25.4,69.0,7.6,0.0,30,345.9,11.9,65.0,0.5,15.7,Cerrado,MT,0,0,0
25.4,69.0,7.6,0.0,30,340.3,6.7,65.0,0.5,16.0,Cerrado,MT,0,0,0
25.4,69.0,7.6,0.0,30,330.3,5.0,65.0,0.5,7.9,Cerrado,MT,0,0,0
25.4,69.0,7.6,0.0,30,355.8,11.6,65.0,0.5,15.8,Cerrado,MT,0,0,1
25.4,69.0,7.6,0.0,30,342.6,4.9,65.0,0.5,14.6,Cerrado,GO,0,0,0
25.4,69.0,7.6,0.0,30,349.8,8.8,65.0,0.5,22.9,Cerrado,GO,0,0,1
25.4,69.0,7.6,0.0,30,348.2,11.3,65.0,0.5,6.2,Cerrado,GO,0,0,0
25.4,69.0,7.6,0.0,30,334.9,8.1,65.0,0.5,7.5,Cerrado,GO,0,0,0
25.4,69.0,7.6,0.0,30,348.4,8.1,65.0,0.5,8.5,Cerrado,GO,0,0,0
25.4,69.0,7.6,0.0,30,332.9,6.4,65.0,0.5,7.5,Cerrado,MT,0,0,1
25.4,69.0,7.6,0.0,30,334.8,6.4,65.0,0.5,5.5,Cerrado,MT,0,0,0
25.4,69.0,7.6,0.0,30,327.8,6.0,65.0,0.5,0.0,Cerrado,MT,0,0,1
25.4,69.0,7.6,0.0,30,344.5,6.0,65.0,0.5,7.8,Cerrado,MT,0,0,0
25.4,69.0,7.6,0.0,30,338.3,7.1,65.0,0.5,11.8,Cerrado,MT,0,0,0
25.4,69.0,7.6,0.0,30,330.5,7.1,65.0,0.5,7.5,Cerrado,MT,0,0,1
25.4,69.0,7.6,0.0,30,336.3,7.0,65.0,0.5,19.7,Cerrado,MT,0,0,1
25.4,69.0,7.6,0.0,30,340.3,8.5,65.0,0.5,10.1,Cerrado,MT,0,0,0
25.4,69.0,7.6,0.0,30,352.1,7.7,65.0,0.5,16.5,Cerrado,MT,0,0,0
25.4,69.0,7.6,0.0,30,340.7,5.6,65.0,0.5,11.3,Cerrado,MT,0,0,0
25.4,69.0,7.6,0.0,30,331.1,0.3,65.0,0.5,14.1,Cerrado,GO,0,0,0
25.4,69.0,7.6,0.0,30,351.0,6.4,65.0,0.5,11.4,Cerrado,MT,0,0,0
25.4,69.0,7.6,0.0,30,347.6,6.4,65.0,0.5,16.8,Cerrado,MT,0,0,1
25.4,69.0,7.6,0.0,30,342.2,6.2,65.0,0.5,10.3,Cerrado,MT,0,0,1
25.4,69.0,7.6,0.0,30,332.7,0.6,65.0,0.7,12.5,Mata Atlantica,GO,0,0,0
25.4,69.0,7.6,0.0,30,338.1,9.1,65.0,0.5,11.8,Cerrado,MT,0,0,0
25.4,69.0,7.6,0.0,30,356.5,10.2,65.0,0.5,8.6,Cerrado,MT,0,0,0
25.4,69.0,7.6,0.0,30,367.0,9.1,95.0,0.5,12.0,Cerrado,MT,0,0,0
25.4,69.0,7.6,0.0,30,367.0,9.1,95.0,0.5,21.2,Cerrado,MT,0,0,0
25.4,69.0,7.6,0.0,30,326.6,4.1,65.0,0.5,8.6,Cerrado,MT,0,0,0
25.4,69.0,7.6,0.0,30,343.9,4.5,65.0,0.7,12.1,Mata Atlantica,GO,0,0,0
25.4,69.0,7.6,0.0,30,337.4,3.0,65.0,0.7,16.3,Mata Atlantica,TO,0,0,0
25.4,69.0,7.6,0.0,30,332.5,3.0,65.0,0.7,15.7,Mata Atlantica,TO,0,0,0
25.4,69.0,7.6,0.0,30,337.1,3.0,65.0,0.7,10.1,Mata Atlantica,TO,0,0,1
25.4,69.0,7.6,0.0,30,346.8,11.0,65.0,0.5,0.0,Cerrado,MT,0,0,0
25.4,69.0,7.6,0.0,30,338.4,2.4,65.0,0.7,12.6,Mata Atlantica,TO,0,0,0
25.4,69.0,7.6,0.0,30,339.3,8.9,65.0,0.5,0.0,Cerrado,MT,0,0,0
25.4,69.0,7.6,0.0,30,330.7,10.4,65.0,0.5,17.3,Cerrado,MT,0,0,0
25.4,69.0,7.6,0.0,30,343.5,9.2,65.0,0.5,10.8,Cerrado,MT,0,0,0
25.4,69.0,7.6,0.0,30,333.1,9.2,65.0,0.5,15.0,Cerrado,MT,0,0,1
25.4,69.0,7.6,0.0,30,335.5,7.0,65.0,0.5,5.5,Cerrado,MT,0,0,0
25.4,69.0,7.6,0.0,30,347.2,14.4,65.0,0.5,2.2,Cerrado,MT,0,0,0
25.4,69.0,7.6,0.0,30,346.9,14.9,65.0,0.5,11.3,Cerrado,MT,0,0,0
25.4,69.0,7.6,0.0,30,350.5,50.3,65.0,0.5,9.8,Cerrado,MT,0,0,0
25.4,69.0,7.6,0.0,30,346.9,42.0,65.0,0.5,7.5,Cerrado,MT,0,0,0
25.4,69.0,7.6,0.0,30,350.8,50.3,65.0,0.5,10.4,Cerrado,MT,0,0,1
25.4,69.0,7.6,0.0,30,343.8,42.0,65.0,0.5,23.8,Cerrado,MT,0,0,1
25.4,69.0,7.6,0.0,30,339.4,71.2,65.0,0.5,14.2,Cerrado,MT,0,0,1
25.4,69.0,7.6,0.0,30,341.8,52.6,65.0,0.5,15.2,Cerrado,MT,0,0,1
25.4,69.0,7.6,0.0,30,354.4,71.2,65.0,0.5,14.2,Cerrado,MT,0,0,1
25.4,69.0,7.6,0.0,30,346.1,52.6,65.0,0.5,17.4,Cerrado,MT,0,0,0
25.4,69.0,7.6,0.0,30,327.7,7.0,65.0,0.5,9.0,Cerrado,MT,0,0,1
25.4,69.0,7.6,0.0,30,328.0,39.5,65.0,0.5,0.0,Cerrado,MT,0,0,0
25.4,69.0,7.6,0.0,30,338.5,39.5,65.0,0.5,9.1,Cerrado,MT,0,0,1
25.4,69.0,7.6,0.0,30,342.8,214.0,65.0,0.5,14.1,Cerrado,MT,0,0,1
25.4,69.0,7.6,0.0,30,341.8,9.7,65.0,0.5,5.2,Cerrado,MT,0,0,0
25.4,69.0,7.6,0.0,30,353.6,15.5,65.0,0.5,9.1,Cerrado,MT,0,0,0
25.4,69.0,7.6,0.0,30,330.3,15.5,65.0,0.5,6.5,Cerrado,MT,0,0,0
25.4,69.0,7.6,0.0,30,341.0,12.0,65.0,0.7,17.5,Mata Atlantica,TO,0,0,0
25.4,69.0,7.6,0.0,30,333.4,4.4,65.0,0.7,13.7,Mata Atlantica,TO,0,0,0
25.4,69.0,7.6,0.0,30,331.9,7.3,65.0,0.7,13.3,Mata Atlantica,BA,0,0,0
25.4,69.0,7.6,0.0,30,335.8,4.5,65.0,0.7,13.1,Mata Atlantica,TO,0,0,0
25.4,69.0,7.6,0.0,30,331.2,3.7,65.0,0.7,9.8,Mata Atlantica,TO,0,0,0
25.4,69.0,7.6,0.0,30,334.8,5.3,65.0,0.7,11.0,Mata Atlantica,TO,0,0,0
25.4,69.0,7.6,0.0,30,343.8,16.1,65.0,0.7,4.1,Mata Atlantica,TO,0,0,0
25.4,69.0,7.6,0.0,30,338.6,3.6,65.0,0.7,0.0,Mata Atlantica,TO,0,0,0
25.4,69.0,7.6,0.0,30,351.4,10.5,65.0,0.7,10.8,Mata Atlantica,TO,0,0,0
25.4,69.0,7.6,0.0,30,340.4,7.8,65.0,0.7,11.6,Mata Atlantica,TO,0,0,0
25.4,69.0,7.6,0.0,30,338.2,7.7,65.0,0.7,16.0,Mata Atlantica,TO,0,0,0
25.4,69.0,7.6,0.0,30,334.5,4.9,65.0,0.7,17.9,Mata Atlantica,TO,0,0,0
25.4,69.0,7.6,0.0,30,330.5,9.7,65.0,0.7,17.8,Mata Atlantica,TO,0,0,0
25.4,69.0,7.6,0.0,30,332.0,4.8,65.0,0.7,5.0,Mata Atlantica,TO,0,0,0
25.4,69.0,7.6,0.0,30,334.6,9.7,65.0,0.7,8.2,Mata Atlantica,TO,0,0,1
25.4,69.0,7.6,0.0,30,346.4,9.7,65.0,0.7,12.4,Mata Atlantica,TO,0,0,0
25.4,69.0,7.6,0.0,30,333.4,2.9,65.0,0.7,22.7,Mata Atlantica,TO,0,0,0
25.4,69.0,7.6,0.0,30,332.6,4.9,65.0,0.5,17.4,Cerrado,MT,0,0,1
25.4,69.0,7.6,0.0,30,352.7,10.2,65.0,0.5,15.6,Cerrado,MT,0,0,1
25.4,69.0,7.6,0.0,30,367.0,16.4,95.0,0.5,8.1,Cerrado,MT,0,0,0
25.4,69.0,7.6,0.0,30,353.3,14.8,65.0,0.5,5.6,Cerrado,MT,0,0,0
25.4,69.0,7.6,0.0,30,335.7,14.8,65.0,0.5,13.9,Cerrado,MT,0,0,1
25.4,69.0,7.6,0.0,30,340.0,14.8,65.0,0.5,4.5,Cerrado,MT,0,0,1
25.4,69.0,7.6,0.0,30,338.5,6.6,65.0,0.5,8.8,Cerrado,MT,0,0,0
25.4,69.0,7.6,0.0,30,328.0,1.9,65.0,0.5,9.4,Cerrado,MT,0,0,1
25.4,69.0,7.6,0.0,30,333.5,2.9,65.0,0.5,18.0,Cerrado,MT,0,0,0
25.4,69.0,7.6,0.0,30,332.2,3.0,65.0,0.5,8.2,Cerrado,MT,0,0,0
25.4,69.0,7.6,0.0,30,346.1,4.9,65.0,0.5,0.0,Cerrado,MT,0,0,0
25.4,69.0,7.6,0.0,30,350.4,8.6,65.0,0.5,12.5,Cerrado,MT,0,0,0
25.4,69.0,7.6,0.0,30,332.0,4.9,65.0,0.5,6.5,Cerrado,MT,0,0,1
25.4,69.0,7.6,0.0,30,330.9,3.4,65.0,0.5,10.2,Cerrado,MT,0,0,1
25.4,69.0,7.6,0.0,30,345.8,8.6,65.0,0.5,9.6,Cerrado,TO,0,0,1
25.4,69.0,7.6,0.0,30,353.4,8.6,65.0,0.5,8.6,Cerrado,TO,0,0,0
25.4,69.0,7.6,0.0,30,352.6,9.1,65.0,0.5,14.0,Cerrado,TO,0,0,0
25.4,69.0,7.6,0.0,30,355.1,41.6,65.0,0.5,2.3,Cerrado,TO,0,0,1
25.4,69.0,7.6,0.0,30,342.3,41.6,65.0,0.5,7.4,Cerrado,TO,0,0,0
25.4,69.0,7.6,0.0,30,347.8,41.6,65.0,0.5,13.4,Cerrado,TO,0,0,0
25.4,69.0,7.6,0.0,30,349.7,91.1,65.0,0.5,6.9,Cerrado,TO,0,0,1
25.4,69.0,7.6,0.0,30,367.0,91.1,95.0,0.5,2.0,Cerrado,TO,0,0,0
25.4,69.0,7.6,0.0,30,348.2,91.1,65.0,0.5,13.3,Cerrado,TO,0,0,1
25.4,69.0,7.6,0.0,30,352.0,150.1,65.0,0.5,15.6,Cerrado,TO,0,0,1
25.4,69.0,7.6,0.0,30,345.4,4.7,65.0,0.5,9.8,Cerrado,MT,0,0,1
25.4,69.0,7.6,0.0,30,343.5,4.7,65.0,0.5,0.2,Cerrado,MT,0,0,0
25.4,69.0,7.6,0.0,30,331.6,4.4,65.0,0.5,13.5,Cerrado,MT,0,0,0
25.4,69.0,7.6,0.0,30,338.4,7.3,65.0,0.5,1.7,Cerrado,MT,0,0,1
25.4,69.0,7.6,0.0,30,339.0,7.3,65.0,0.5,11.5,Cerrado,MT,0,0,1
25.4,69.0,7.6,0.0,30,341.6,6.6,65.0,0.5,5.6,Cerrado,MT,0,0,0
25.4,69.0,7.6,0.0,30,345.9,9.7,65.0,0.5,4.2,Cerrado,TO,0,0,0
25.4,69.0,7.6,0.0,30,349.6,15.6,65.0,0.5,7.8,Cerrado,TO,0,0,1
25.4,69.0,7.6,0.0,30,327.4,2.7,65.0,0.5,9.1,Cerrado,MT,0,0,0
25.4,69.0,7.6,0.0,30,327.5,2.7,65.0,0.5,6.8,Cerrado,MT,0,0,0
25.4,69.0,7.6,0.0,30,340.8,3.4,65.0,0.7,12.9,Mata Atlantica,TO,0,0,0
25.4,69.0,7.6,0.0,30,341.3,5.4,65.0,0.7,7.8,Mata Atlantica,TO,0,0,1
25.4,69.0,7.6,0.0,30,340.9,6.3,65.0,0.7,14.9,Mata Atlantica,TO,0,0,0
25.4,69.0,7.6,0.0,30,352.9,7.5,65.0,0.7,11.4,Mata Atlantica,TO,0,0,0
25.4,69.0,7.6,0.0,30,333.3,7.5,65.0,0.7,6.5,Mata Atlantica,TO,0,0,0
25.4,69.0,7.6,0.0,30,340.7,3.9,65.0,0.7,5.7,Mata Atlantica,TO,0,0,0
25.4,69.0,7.6,0.0,30,344.1,4.0,65.0,0.7,1.8,Mata Atlantica,TO,0,0,1
25.4,69.0,7.6,0.0,30,357.1,7.5,65.0,0.7,11.5,Mata Atlantica,TO,0,0,0
25.4,69.0,7.6,0.0,30,333.2,3.9,65.0,0.7,8.2,Mata Atlantica,TO,0,0,0
25.4,69.0,7.6,0.0,30,331.2,3.9,65.0,0.7,0.0,Mata Atlantica,TO,0,0,0
25.4,69.0,7.6,0.0,30,331.2,4.0,65.0,0.7,7.3,Mata Atlantica,TO,0,0,0
25.4,69.0,7.6,0.0,30,327.4,8.7,65.0,0.5,5.5,Cerrado,MT,0,0,1
25.4,69.0,7.6,0.0,30,328.2,6.5,65.0,0.5,17.9,Cerrado,MT,0,0,1
25.4,69.0,7.6,0.0,30,329.4,8.3,65.0,0.5,1.5,Cerrado,MT,0,0,1
25.4,69.0,7.6,0.0,30,339.9,4.3,65.0,0.7,2.8,Mata Atlantica,TO,0,0,0
25.4,69.0,7.6,0.0,30,341.8,5.9,65.0,0.7,15.5,Mata Atlantica,TO,0,0,0
25.4,69.0,7.6,0.0,30,330.1,1.2,65.0,0.7,16.8,Mata Atlantica,TO,0,0,0
25.4,69.0,7.6,0.0,30,342.0,2.9,65.0,0.7,6.3,Mata Atlantica,TO,0,0,0
25.4,69.0,7.6,0.0,30,348.5,8.7,65.0,0.8,6.8,Amazonia,PA,0,0,1
25.4,69.0,7.6,0.0,30,337.4,2.8,65.0,0.8,13.1,Amazonia,PA,0,0,1
25.4,69.0,7.6,0.0,30,335.3,2.8,65.0,0.8,0.0,Amazonia,PA,0,0,1
25.4,69.0,7.6,0.0,30,339.9,4.3,65.0,0.8,0.7,Amazonia,PA,0,0,0
25.4,69.0,7.6,0.0,30,332.2,2.8,65.0,0.8,8.6,Amazonia,PA,0,0,1
25.4,69.0,7.6,0.0,30,338.2,9.4,65.0,0.8,17.7,Amazonia,PA,0,0,1
25.4,69.0,7.6,0.0,30,353.8,5.0,65.0,0.8,7.8,Amazonia,PA,0,0,1
25.4,69.0,7.6,0.0,30,330.4,5.0,65.0,0.8,10.5,Amazonia,PA,0,0,0
25.4,69.0,7.6,0.0,30,348.0,6.5,65.0,0.8,15.7,Amazonia,PA,0,0,1
25.4,69.0,7.6,0.0,30,343.0,4.8,65.0,0.8,20.5,Amazonia,PA,0,0,0
25.4,69.0,7.6,0.0,30,339.4,4.6,65.0,0.8,7.1,Amazonia,PA,0,0,0
25.4,69.0,7.6,0.0,30,332.5,4.2,65.0,0.8,9.9,Amazonia,PA,0,0,0
25.4,69.0,7.6,0.0,30,337.6,2.3,65.0,0.3,19.1,Caatinga,BA,0,0,1
25.4,69.0,7.6,0.0,30,344.8,7.5,65.0,0.8,2.4,Amazonia,PA,0,0,0
25.4,69.0,7.6,0.0,30,342.7,5.1,65.0,0.8,15.1,Amazonia,PA,0,0,1
25.4,69.0,7.6,0.0,30,340.3,7.0,65.0,0.8,4.9,Amazonia,PA,0,0,1
25.4,69.0,7.6,0.0,30,343.3,3.2,65.0,0.8,10.5,Amazonia,PA,0,0,0
25.4,69.0,7.6,0.0,30,332.1,5.1,65.0,0.3,8.8,Caatinga,BA,0,0,0
25.4,69.0,7.6,0.0,30,337.1,4.9,65.0,0.8,5.2,Amazonia,PA,0,0,1
25.4,69.0,7.6,0.0,30,327.9,3.9,65.0,0.8,5.1,Amazonia,PA,0,0,0
25.4,69.0,7.6,0.0,30,352.7,10.7,65.0,0.8,11.4,Amazonia,PA,0,0,0
25.4,69.0,7.6,0.0,30,335.7,10.7,65.0,0.8,15.0,Amazonia,PA,0,0,1
25.4,69.0,7.6,0.0,30,333.1,4.2,65.0,0.8,9.4,Amazonia,PA,0,0,0
25.4,69.0,7.6,0.0,30,339.9,5.9,65.0,0.8,10.4,Amazonia,AM,0,0,0
25.4,69.0,7.6,0.0,30,326.6,6.3,65.0,0.8,12.9,Amazonia,PA,0,0,0
25.4,69.0,7.6,0.0,30,336.3,7.6,65.0,0.8,5.1,Amazonia,PA,0,0,1
25.4,69.0,7.6,0.0,30,339.8,6.7,65.0,0.8,13.7,Amazonia,PA,0,0,0
25.4,69.0,7.6,0.0,30,333.4,3.3,65.0,0.8,14.1,Amazonia,PA,0,0,0
25.4,69.0,7.6,0.0,30,331.5,5.0,65.0,0.8,23.0,Amazonia,PA,0,0,0
25.4,69.0,7.6,0.0,30,337.7,5.4,65.0,0.8,8.1,Amazonia,PA,0,0,1
25.4,69.0,7.6,0.0,30,331.2,9.9,65.0,0.8,7.7,Amazonia,PA,0,0,0
25.4,69.0,7.6,0.0,30,350.5,9.9,65.0,0.8,13.8,Amazonia,PA,0,0,0
25.4,69.0,7.6,0.0,30,327.9,9.9,65.0,0.8,14.1,Amazonia,PA,0,0,1
25.4,69.0,7.6,0.0,30,350.0,9.9,65.0,0.8,7.3,Amazonia,PA,0,0,1
25.4,69.0,7.6,0.0,30,345.8,5.6,65.0,0.8,8.0,Amazonia,PA,0,0,1
25.4,69.0,7.6,0.0,30,336.5,5.6,65.0,0.8,12.7,Amazonia,PA,0,0,0
25.4,69.0,7.6,0.0,30,340.9,4.5,65.0,0.8,5.9,Amazonia,PA,0,0,1
25.4,69.0,7.6,0.0,30,330.5,1.7,65.0,0.3,7.9,Caatinga,CE,0,0,1
25.4,69.0,7.6,0.0,30,330.6,3.1,65.0,0.8,10.4,Amazonia,PA,0,0,1
25.4,69.0,7.6,0.0,30,347.3,14.1,65.0,0.8,15.0,Amazonia,PA,0,0,0
25.4,69.0,7.6,0.0,30,356.2,14.1,65.0,0.8,7.0,Amazonia,PA,0,0,0
25.4,69.0,7.6,0.0,30,330.7,14.1,65.0,0.8,0.8,Amazonia,PA,0,0,0
25.4,69.0,7.6,0.0,30,339.3,4.0,65.0,0.8,0.4,Amazonia,PA,0,0,0
25.4,69.0,7.6,0.0,30,337.5,13.1,65.0,0.7,3.7,Mata Atlantica,MA,0,0,1
25.4,69.0,7.6,0.0,30,335.2,4.0,65.0,0.7,3.4,Mata Atlantica,MA,0,0,1
25.4,69.0,7.6,0.0,30,331.8,3.0,65.0,0.8,9.2,Amazonia,PA,0,0,0
25.4,69.0,7.6,0.0,30,333.0,2.3,65.0,0.8,4.1,Amazonia,PA,0,0,0
25.4,69.0,7.6,0.0,30,330.2,3.1,65.0,0.8,6.5,Amazonia,PA,0,0,1
25.4,69.0,7.6,0.0,30,331.5,3.0,65.0,0.8,6.1,Amazonia,PA,0,0,0
25.4,69.0,7.6,0.0,30,342.3,6.0,65.0,0.3,7.8,Caatinga,MA,0,0,0
25.4,69.0,7.6,0.0,30,339.2,6.0,65.0,0.3,16.6,Caatinga,MA,0,0,1
25.4,69.0,7.6,0.0,30,343.4,7.2,65.0,0.3,13.3,Caatinga,MA,0,0,1
25.4,69.0,7.6,0.0,30,340.2,5.6,65.0,0.3,10.1,Caatinga,MA,0,0,1
25.4,69.0,7.6,0.0,30,333.5,3.7,65.0,0.3,7.7,Caatinga,MA,0,0,0
25.4,69.0,7.6,0.0,30,334.4,6.1,65.0,0.7,7.8,Mata Atlantica,MA,0,0,0
25.4,69.0,7.6,0.0,30,347.5,12.3,65.0,0.7,11.6,Mata Atlantica,MA,0,0,0
25.4,69.0,7.6,0.0,30,367.0,12.3,95.0,0.7,12.9,Mata Atlantica,MA,0,0,0
25.4,69.0,7.6,0.0,30,342.6,12.3,65.0,0.7,5.5,Mata Atlantica,MA,0,0,0
25.4,69.0,7.6,0.0,30,355.2,21.3,65.0,0.7,10.2,Mata Atlantica,MA,0,0,0
25.4,69.0,7.6,0.0,30,355.6,21.3,65.0,0.7,0.0,Mata Atlantica,MA,0,0,0
25.4,69.0,7.6,0.0,30,341.9,19.9,65.0,0.7,11.1,Mata Atlantica,MA,0,0,0
25.4,69.0,7.6,0.0,30,355.9,19.9,65.0,0.7,13.8,Mata Atlantica,MA,0,0,0
25.4,69.0,7.6,0.0,30,340.4,21.3,65.0,0.7,8.6,Mata Atlantica,MA,0,0,1
25.4,69.0,7.6,0.0,30,342.9,21.3,65.0,0.7,19.1,Mata Atlantica,MA,0,0,0
25.4,69.0,7.6,0.0,30,345.0,19.9,65.0,0.7,5.6,Mata Atlantica,MA,0,0,0
25.4,69.0,7.6,0.0,30,333.2,4.3,65.0,0.8,11.1,Amazonia,PA,0,0,1
25.4,69.0,7.6,0.0,30,335.8,5.0,65.0,0.8,9.8,Amazonia,PA,0,0,1
25.4,69.0,7.6,0.0,30,331.6,2.9,65.0,0.3,9.5,Caatinga,MA,0,0,1
25.4,69.0,7.6,0.0,30,344.7,8.2,65.0,0.3,9.4,Caatinga,MA,0,0,0
25.4,69.0,7.6,0.0,30,336.1,8.2,65.0,0.3,10.5,Caatinga,MA,0,0,1
25.4,69.0,7.6,0.0,30,342.2,10.0,65.0,0.3,14.2,Caatinga,MA,0,0,1
25.4,69.0,7.6,0.0,30,342.7,8.2,65.0,0.3,16.9,Caatinga,MA,0,0,1
25.4,69.0,7.6,0.0,30,347.2,11.3,65.0,0.3,10.0,Caatinga,MA,0,0,0
25.4,69.0,7.6,0.0,30,332.1,6.5,65.0,0.3,14.1,Caatinga,MA,0,0,0
25.4,69.0,7.6,0.0,30,338.4,5.4,65.0,0.8,6.5,Amazonia,PA,0,0,1
25.4,69.0,7.6,0.0,30,344.7,83.2,65.0,0.8,13.8,Amazonia,PA,0,0,1
25.4,69.0,7.6,0.0,30,347.6,83.2,65.0,0.8,6.2,Amazonia,PA,0,0,1
25.4,69.0,7.6,0.0,30,349.6,5.0,65.0,0.8,15.5,Amazonia,PA,0,0,0
25.4,69.0,7.6,0.0,30,330.1,5.0,65.0,0.8,21.1,Amazonia,PA,0,0,0
25.4,69.0,7.6,0.0,30,345.0,7.0,65.0,0.3,9.4,Caatinga,MA,0,0,1
25.4,69.0,7.6,0.0,30,342.8,27.2,65.0,0.8,0.0,Amazonia,PA,0,0,0
25.4,69.0,7.6,0.0,30,335.8,16.7,65.0,0.8,7.3,Amazonia,PA,0,0,1
25.4,69.0,7.6,0.0,30,334.2,8.8,65.0,0.7,16.2,Mata Atlantica,??,0,0,1
25.4,69.0,7.6,0.0,30,331.9,9.1,65.0,0.7,12.8,Mata Atlantica,MA,0,0,0
25.4,69.0,7.6,0.0,30,337.5,12.1,65.0,0.7,11.2,Mata Atlantica,MA,0,0,0
25.4,69.0,7.6,0.0,30,332.6,6.3,65.0,0.7,15.0,Mata Atlantica,MA,0,0,1
25.4,69.0,7.6,0.0,30,331.2,8.6,65.0,0.7,12.4,Mata Atlantica,MA,0,0,0
25.4,69.0,7.6,0.0,30,340.6,7.3,65.0,0.7,16.1,Mata Atlantica,MA,0,0,1
25.4,69.0,7.6,0.0,30,333.9,3.3,65.0,0.7,14.6,Mata Atlantica,MA,0,0,0
25.4,69.0,7.6,0.0,30,335.0,3.1,65.0,0.7,17.6,Mata Atlantica,MA,0,0,0
25.4,69.0,7.6,0.0,30,330.2,3.6,65.0,0.8,11.8,Amazonia,PA,0,0,1
25.4,69.0,7.6,0.0,30,331.7,2.2,65.0,0.8,14.5,Amazonia,PA,0,0,1
25.4,69.0,7.6,0.0,30,338.5,6.0,65.0,0.7,8.5,Mata Atlantica,MA,0,0,0
25.4,69.0,7.6,0.0,30,346.0,4.0,65.0,0.7,7.0,Mata Atlantica,MA,0,0,0
25.4,69.0,7.6,0.0,30,345.6,5.1,65.0,0.7,18.5,Mata Atlantica,MA,0,0,1
25.4,69.0,7.6,0.0,30,343.6,4.5,65.0,0.7,11.1,Mata Atlantica,MA,0,0,0
25.4,69.0,7.6,0.0,30,334.4,4.7,65.0,0.5,14.0,Cerrado,MA,0,0,0
25.4,69.0,7.6,0.0,30,338.3,9.3,65.0,0.5,10.6,Desconhecido,??,0,0,0
25.4,69.0,7.6,0.0,30,341.5,4.2,65.0,0.5,7.1,Desconhecido,??,0,0,1
25.4,69.0,7.6,0.0,30,332.5,5.0,65.0,0.5,10.1,Desconhecido,??,0,0,0
25.4,69.0,7.6,0.0,30,332.2,5.4,65.0,0.5,17.2,Desconhecido,??,0,0,0
25.4,69.0,7.6,0.0,30,342.3,8.5,65.0,0.5,12.8,Cerrado,MT,0,0,0
25.4,69.0,7.6,0.0,30,339.0,3.9,65.0,0.5,1.4,Cerrado,MT,0,0,1
25.4,69.0,7.6,0.0,30,320.1,3.9,65.0,0.5,8.9,Cerrado,MT,0,0,0
25.4,69.0,7.6,0.0,30,319.2,7.5,65.0,0.5,18.9,Cerrado,MT,0,0,0
25.4,69.0,7.6,0.0,30,317.3,2.0,65.0,0.5,8.9,Cerrado,MT,0,0,1
25.4,69.0,7.6,0.0,30,367.0,7.5,95.0,0.5,1.0,Cerrado,MT,0,0,0
25.4,69.0,7.6,0.0,30,347.5,8.5,65.0,0.5,19.5,Cerrado,MT,0,0,0
25.4,69.0,7.6,0.0,30,307.4,8.5,65.0,0.5,13.4,Cerrado,MT,0,0,0
25.4,69.0,7.6,0.0,30,319.9,2.0,65.0,0.5,9.6,Cerrado,MT,0,0,0
25.4,69.0,7.6,0.0,30,307.6,1.8,65.0,0.5,8.1,Cerrado,MT,0,0,1
25.4,69.0,7.6,0.0,30,311.3,2.1,65.0,0.5,15.4,Cerrado,MT,0,0,1
25.4,69.0,7.6,0.0,30,334.4,4.1,65.0,0.5,7.3,Cerrado,MT,0,0,1
25.4,69.0,7.6,0.0,30,334.9,4.1,65.0,0.5,15.7,Cerrado,MT,0,0,1
25.4,69.0,7.6,0.0,30,317.8,2.1,65.0,0.5,12.7,Cerrado,MT,0,0,1
25.4,69.0,7.6,0.0,30,329.0,3.1,65.0,0.5,11.2,Cerrado,MT,0,0,0
25.4,69.0,7.6,0.0,30,303.2,0.9,65.0,0.5,10.7,Cerrado,MT,0,0,0
25.4,69.0,7.6,0.0,30,326.1,4.2,65.0,0.5,9.1,Cerrado,MT,0,0,0
25.4,69.0,7.6,0.0,30,337.0,4.2,65.0,0.5,15.2,Cerrado,MT,0,0,0
25.4,69.0,7.6,0.0,30,321.4,3.1,65.0,0.5,5.7,Cerrado,MT,0,0,0
25.4,69.0,7.6,0.0,30,319.2,1.4,65.0,0.5,1.9,Cerrado,MT,0,0,0
25.4,69.0,7.6,0.0,30,319.7,1.9,65.0,0.5,13.1,Cerrado,MT,0,0,1
25.4,69.0,7.6,0.0,30,306.9,1.2,65.0,0.5,13.2,Cerrado,MT,0,0,1
25.4,69.0,7.6,0.0,30,303.4,0.5,65.0,0.5,12.4,Cerrado,MT,0,0,1
25.4,69.0,7.6,0.0,30,305.2,1.5,65.0,0.5,12.0,Cerrado,MT,0,0,1
25.4,69.0,7.6,0.0,30,310.8,1.0,65.0,0.5,8.4,Cerrado,MT,0,0,0
25.4,69.0,7.6,0.0,30,323.5,1.5,65.0,0.5,13.9,Cerrado,MT,0,0,0
25.4,69.0,7.6,0.0,30,308.2,1.0,65.0,0.5,9.8,Cerrado,MT,0,0,1
25.4,69.0,7.6,0.0,30,302.6,0.6,65.0,0.5,7.6,Cerrado,MT,0,0,0
25.4,69.0,7.6,0.0,30,305.9,0.7,65.0,0.5,8.4,Desconhecido,MT,0,0,0
25.4,69.0,7.6,0.0,30,312.0,1.2,65.0,0.5,20.1,Cerrado,MT,0,0,1
25.4,69.0,7.6,0.0,30,305.6,1.8,65.0,0.5,1.3,Cerrado,MT,0,0,0
25.4,69.0,7.6,0.0,30,305.9,1.1,65.0,0.5,12.5,Cerrado,MT,0,0,0
25.4,69.0,7.6,0.0,30,303.8,1.0,65.0,0.5,1.6,Cerrado,MT,0,0,0
25.4,69.0,7.6,0.0,30,305.0,1.2,65.0,0.5,9.5,Cerrado,MT,0,0,0
25.4,69.0,7.6,0.0,30,304.4,1.1,65.0,0.5,7.8,Cerrado,MT,0,0,1
25.4,69.0,7.6,0.0,30,309.1,2.6,65.0,0.5,0.0,Desconhecido,MT,0,0,0
25.4,69.0,7.6,0.0,30,320.4,2.4,65.0,0.5,11.9,Cerrado,MT,0,0,0
25.4,69.0,7.6,0.0,30,301.7,1.0,65.0,0.5,8.1,Desconhecido,MT,0,0,0
25.4,69.0,7.6,0.0,30,309.6,2.4,65.0,0.5,0.0,Cerrado,MT,0,0,0
25.4,69.0,7.6,0.0,30,301.2,1.0,65.0,0.5,14.2,Desconhecido,MT,0,0,0
25.4,69.0,7.6,0.0,30,304.4,1.2,65.0,0.5,17.2,Cerrado,MT,0,0,1
25.4,69.0,7.6,0.0,30,337.8,4.0,65.0,0.5,17.5,Cerrado,MT,0,0,0
25.4,69.0,7.6,0.0,30,315.0,1.8,65.0,0.5,11.8,Cerrado,MT,0,0,0
25.4,69.0,7.6,0.0,30,316.6,1.1,65.0,0.5,10.2,Cerrado,MT,0,0,1
25.4,69.0,7.6,0.0,30,305.9,1.2,65.0,0.5,16.6,Cerrado,MT,0,0,0
25.4,69.0,7.6,0.0,30,325.8,4.0,65.0,0.5,18.4,Cerrado,MT,0,0,1
25.4,69.0,7.6,0.0,30,314.0,1.8,65.0,0.5,15.7,Cerrado,MT,0,0,0
25.4,69.0,7.6,0.0,30,306.9,1.0,65.0,0.5,5.3,Cerrado,MT,0,0,0
25.4,69.0,7.6,0.0,30,310.6,1.0,65.0,0.5,11.0,Cerrado,MT,0,0,0
25.4,69.0,7.6,0.0,30,305.6,1.2,65.0,0.5,12.2,Cerrado,MT,0,0,1
25.4,69.0,7.6,0.0,30,305.9,1.2,65.0,0.5,1.0,Cerrado,MT,0,0,1
25.4,69.0,7.6,0.0,30,306.3,1.2,65.0,0.5,12.3,Cerrado,MT,0,0,0
25.4,69.0,7.6,0.0,30,355.9,7.1,65.0,0.5,21.4,Cerrado,MT,0,0,1
25.4,69.0,7.6,0.0,30,309.3,1.2,65.0,0.5,13.2,Desconhecido,MT,0,0,0
25.4,69.0,7.6,0.0,30,353.1,7.1,65.0,0.5,17.4,Cerrado,MT,0,0,0
25.4,69.0,7.6,0.0,30,300.7,1.2,65.0,0.5,10.9,Desconhecido,MT,0,0,0
25.4,69.0,7.6,0.0,30,327.7,3.9,65.0,0.5,9.6,Cerrado,MT,0,0,1
25.4,69.0,7.6,0.0,30,330.2,3.9,65.0,0.5,11.9,Cerrado,MT,0,0,1
25.4,69.0,7.6,0.0,30,319.8,2.4,65.0,0.5,5.9,Cerrado,MT,0,0,1
25.4,69.0,7.6,0.0,30,323.3,1.7,65.0,0.5,5.2,Cerrado,MT,0,0,0
25.4,69.0,7.6,0.0,30,352.2,8.6,65.0,0.5,16.3,Cerrado,MT,0,0,0
25.4,69.0,7.6,0.0,30,304.2,1.7,65.0,0.5,16.9,Cerrado,MT,0,0,0
25.4,69.0,7.6,0.0,30,304.0,0.9,65.0,0.5,5.0,Desconhecido,MT,0,0,1
25.4,69.0,7.6,0.0,30,349.8,8.6,65.0,0.5,14.8,Cerrado,MT,0,0,1
25.4,69.0,7.6,0.0,30,335.9,7.1,65.0,0.5,9.6,Cerrado,MT,0,0,0
25.4,69.0,7.6,0.0,30,308.9,1.2,65.0,0.5,11.7,Desconhecido,MT,0,0,0
25.4,69.0,7.6,0.0,30,326.7,2.0,65.0,0.5,12.3,Cerrado,MT,0,0,1
25.4,69.0,7.6,0.0,30,343.0,7.1,65.0,0.5,15.0,Cerrado,MT,0,0,0
25.4,69.0,7.6,0.0,30,306.9,1.2,65.0,0.5,10.4,Desconhecido,MT,0,0,0
25.4,69.0,7.6,0.0,30,310.5,2.0,65.0,0.5,17.1,Cerrado,MT,0,0,0
25.4,69.0,7.6,0.0,30,328.7,3.9,65.0,0.5,11.5,Cerrado,MT,0,0,0
25.4,69.0,7.6,0.0,30,302.5,0.8,65.0,0.5,13.1,Cerrado,MT,0,0,0
25.4,69.0,7.6,0.0,30,308.1,1.7,65.0,0.5,5.8,Cerrado,MT,0,0,1
25.4,69.0,7.6,0.0,30,304.3,2.0,65.0,0.5,20.8,Cerrado,MT,0,0,0
25.4,69.0,7.6,0.0,30,307.3,1.0,65.0,0.5,12.3,Cerrado,MT,0,0,1
25.4,69.0,7.6,0.0,30,302.4,1.0,65.0,0.5,13.6,Cerrado,MT,0,0,0
25.4,69.0,7.6,0.0,30,310.2,0.8,65.0,0.5,2.0,Cerrado,MT,0,0,1
25.4,69.0,7.6,0.0,30,311.9,1.6,65.0,0.5,5.9,Cerrado,MT,0,0,0
25.4,69.0,7.6,0.0,30,302.6,0.8,65.0,0.5,16.2,Cerrado,MT,0,0,1
25.4,69.0,7.6,0.0,30,306.2,1.8,65.0,0.5,11.4,Cerrado,MT,0,0,0
25.4,69.0,7.6,0.0,30,305.5,0.9,65.0,0.5,0.4,Cerrado,MT,0,0,0
25.4,69.0,7.6,0.0,30,306.5,1.0,65.0,0.5,15.2,Cerrado,MT,0,0,0
25.4,69.0,7.6,0.0,30,305.5,0.8,65.0,0.5,7.3,Cerrado,MT,0,0,0
25.4,69.0,7.6,0.0,30,320.4,1.5,65.0,0.5,17.1,Cerrado,MT,0,0,0
25.4,69.0,7.6,0.0,30,310.5,1.5,65.0,0.5,9.6,Cerrado,MT,0,0,1
25.4,69.0,7.6,0.0,30,327.3,2.5,65.0,0.5,11.0,Cerrado,MT,0,0,0
25.4,69.0,7.6,0.0,30,317.6,2.5,65.0,0.5,15.9,Cerrado,MT,0,0,0
25.4,69.0,7.6,0.0,30,304.6,1.2,65.0,0.5,5.5,Cerrado,MT,0,0,0
25.4,69.0,7.6,0.0,30,316.2,1.5,65.0,0.5,5.0,Cerrado,MT,0,0,0
25.4,69.0,7.6,0.0,30,318.2,3.2,65.0,0.5,9.0,Desconhecido,MT,0,0,0
25.4,69.0,7.6,0.0,30,319.4,2.9,65.0,0.5,14.1,Desconhecido,MT,0,0,1
25.4,69.0,7.6,0.0,30,303.4,0.7,65.0,0.5,3.3,Cerrado,MT,0,0,0
25.4,69.0,7.6,0.0,30,310.0,0.9,65.0,0.5,1.7,Cerrado,MT,0,0,0
25.4,69.0,7.6,0.0,30,303.3,0.9,65.0,0.5,14.1,Cerrado,MT,0,0,0
25.4,69.0,7.6,0.0,30,307.9,1.5,65.0,0.5,7.0,Cerrado,MT,0,0,0
25.4,69.0,7.6,0.0,30,319.9,1.5,65.0,0.5,8.0,Cerrado,MT,0,0,0
25.4,69.0,7.6,0.0,30,321.3,2.3,65.0,0.5,0.7,Cerrado,MT,0,0,1
25.4,69.0,7.6,0.0,30,324.6,2.1,65.0,0.5,6.6,Cerrado,MT,0,0,0
25.4,69.0,7.6,0.0,30,316.2,2.1,65.0,0.5,10.0,Cerrado,MT,0,0,1
25.4,69.0,7.6,0.0,30,323.8,3.1,65.0,0.5,14.7,Desconhecido,MT,0,0,0
25.4,69.0,7.6,0.0,30,321.0,2.2,65.0,0.5,6.1,Cerrado,MT,0,0,0
25.4,69.0,7.6,0.0,30,315.7,1.4,65.0,0.5,18.3,Cerrado,MT,0,0,0
25.4,69.0,7.6,0.0,30,310.2,1.1,65.0,0.5,6.6,Cerrado,MT,0,0,0
25.4,69.0,7.6,0.0,30,311.9,2.1,65.0,0.5,6.6,Cerrado,MT,0,0,1
25.4,69.0,7.6,0.0,30,311.2,2.1,65.0,0.5,17.7,Cerrado,MT,0,0,0
25.4,69.0,7.6,0.0,30,315.6,1.4,65.0,0.5,11.1,Cerrado,MT,0,0,0
25.4,69.0,7.6,0.0,30,305.9,1.4,65.0,0.5,7.2,Cerrado,MT,0,0,0
25.4,69.0,7.6,0.0,30,313.2,1.6,65.0,0.5,9.2,Cerrado,MT,0,0,1
25.4,69.0,7.6,0.0,30,323.4,3.3,65.0,0.5,16.8,Cerrado,MT,0,0,1
25.4,69.0,7.6,0.0,30,335.9,3.3,65.0,0.5,17.3,Cerrado,MT,0,0,1
25.4,69.0,7.6,0.0,30,316.2,1.2,65.0,0.5,5.9,Cerrado,MT,0,0,1
25.4,69.0,7.6,0.0,30,325.3,3.3,65.0,0.5,9.8,Cerrado,MT,0,0,0
25.4,69.0,7.6,0.0,30,327.8,3.3,65.0,0.5,10.5,Cerrado,MT,0,0,1
25.4,69.0,7.6,0.0,30,305.8,1.2,65.0,0.5,5.1,Cerrado,MT,0,0,0
25.4,69.0,7.6,0.0,30,317.9,4.7,65.0,0.5,9.7,Cerrado,MT,0,0,0
25.4,69.0,7.6,0.0,30,312.2,2.6,65.0,0.5,10.0,Cerrado,MT,0,0,1
25.4,69.0,7.6,0.0,30,320.8,3.8,65.0,0.5,15.7,Cerrado,MT,0,0,0
25.4,69.0,7.6,0.0,30,323.5,4.2,65.0,0.5,16.0,Cerrado,MT,0,0,0
25.4,69.0,7.6,0.0,30,333.9,3.6,65.0,0.5,8.4,Cerrado,MT,0,0,0
25.4,69.0,7.6,0.0,30,327.7,2.7,65.0,0.5,8.9,Cerrado,MT,0,0,1
25.4,69.0,7.6,0.0,30,312.3,3.6,65.0,0.5,13.3,Cerrado,MT,0,0,1
25.4,69.0,7.6,0.0,30,329.2,3.6,65.0,0.5,7.1,Cerrado,MT,0,0,1
25.4,69.0,7.6,0.0,30,309.9,1.3,65.0,0.5,12.9,Desconhecido,MT,0,0,0
25.4,69.0,7.6,0.0,30,308.1,1.2,65.0,0.5,9.6,Desconhecido,MT,0,0,0
25.4,69.0,7.6,0.0,30,314.6,2.8,65.0,0.5,5.2,Desconhecido,??,0,0,0
25.4,69.0,7.6,0.0,30,343.3,13.1,65.0,0.5,5.2,Cerrado,??,0,0,0
25.4,69.0,7.6,0.0,30,338.8,3.4,65.0,0.5,17.2,Cerrado,MS,0,0,0
25.4,69.0,7.6,0.0,30,331.8,0.5,65.0,0.5,9.2,Cerrado,MS,0,0,1
25.4,69.0,7.6,0.0,30,367.0,11.9,95.0,0.5,18.2,Desconhecido,??,0,0,0
25.4,69.0,7.6,0.0,30,334.6,6.9,65.0,0.5,7.4,Cerrado,MT,0,0,1
25.4,69.0,7.6,0.0,30,327.8,6.1,65.0,0.5,11.5,Cerrado,MT,0,0,0
25.4,69.0,7.6,0.0,30,330.1,6.1,65.0,0.5,22.0,Cerrado,MT,0,0,1
25.4,69.0,7.6,0.0,30,341.4,9.6,65.0,0.5,4.7,Cerrado,MT,0,0,1
25.4,69.0,7.6,0.0,30,344.6,19.3,65.0,0.5,0.5,Cerrado,MT,0,0,1
25.4,69.0,7.6,0.0,30,343.3,15.2,65.0,0.5,16.4,Cerrado,MT,0,0,1
25.4,69.0,7.6,0.0,30,326.1,6.1,65.0,0.5,5.9,Cerrado,MT,0,0,1
25.4,69.0,7.6,0.0,30,331.4,4.2,65.0,0.5,9.9,Desconhecido,??,0,0,1
25.4,69.0,7.6,0.0,30,325.0,2.9,65.0,0.5,7.1,Desconhecido,??,0,0,0
25.4,69.0,7.6,0.0,30,354.9,11.3,65.0,0.5,11.3,Desconhecido,??,0,0,0
25.4,69.0,7.6,0.0,30,352.9,6.9,65.0,0.5,5.2,Desconhecido,??,0,0,1
25.4,69.0,7.6,0.0,30,333.1,3.3,65.0,0.5,9.1,Desconhecido,??,0,0,0
25.4,69.0,7.6,0.0,30,354.9,10.8,65.0,0.5,12.2,Desconhecido,??,0,0,0
25.4,69.0,7.6,0.0,30,327.8,3.6,65.0,0.5,5.0,Desconhecido,??,0,0,0
25.4,69.0,7.6,0.0,30,328.6,5.7,65.0,0.5,6.5,Desconhecido,??,0,0,0
25.4,69.0,7.6,0.0,30,326.2,6.5,65.0,0.5,8.3,Cerrado,MT,0,0,1
25.4,69.0,7.6,0.0,30,346.9,14.1,65.0,0.5,2.9,Cerrado,MT,0,0,0
25.4,69.0,7.6,0.0,30,339.9,8.0,65.0,0.5,7.9,Cerrado,MT,0,0,0
25.4,69.0,7.6,0.0,30,335.8,13.3,65.0,0.5,10.6,Cerrado,MT,0,0,0
25.4,69.0,7.6,0.0,30,330.1,8.4,65.0,0.5,8.0,Cerrado,MT,0,0,0
25.4,69.0,7.6,0.0,30,325.7,5.5,65.0,0.5,8.6,Cerrado,MT,0,0,0
25.4,69.0,7.6,0.0,30,337.3,13.1,65.0,0.5,9.9,Cerrado,MT,0,0,0
25.4,69.0,7.6,0.0,30,333.8,12.1,65.0,0.5,6.7,Cerrado,MT,0,0,0
25.4,69.0,7.6,0.0,30,326.5,9.9,65.0,0.5,13.5,Cerrado,MT,0,0,0
25.4,69.0,7.6,0.0,30,326.2,11.4,65.0,0.5,17.2,Cerrado,MT,0,0,0
25.4,69.0,7.6,0.0,30,352.0,16.1,65.0,0.5,7.7,Cerrado,MT,0,0,1
25.4,69.0,7.6,0.0,30,347.1,10.4,65.0,0.5,12.4,Cerrado,MT,0,0,0
25.4,69.0,7.6,0.0,30,335.0,10.6,65.0,0.5,8.8,Cerrado,MT,0,0,0
25.4,69.0,7.6,0.0,30,330.7,6.3,65.0,0.5,11.8,Cerrado,MT,0,0,0
25.4,69.0,7.6,0.0,30,338.6,6.1,65.0,0.5,17.8,Cerrado,MT,0,0,1
25.4,69.0,7.6,0.0,30,349.9,10.7,65.0,0.5,12.5,Cerrado,MT,0,0,0
25.4,69.0,7.6,0.0,30,335.4,7.1,65.0,0.5,1.1,Cerrado,MT,0,0,0
25.4,69.0,7.6,0.0,30,327.4,3.7,65.0,0.5,12.3,Desconhecido,??,0,0,0
25.4,69.0,7.6,0.0,30,327.7,1.6,65.0,0.5,16.2,Desconhecido,MT,0,0,1
25.4,69.0,7.6,0.0,30,325.4,3.6,65.0,0.5,8.9,Desconhecido,??,0,0,0
25.4,69.0,7.6,0.0,30,341.3,8.8,65.0,0.5,15.0,Desconhecido,??,0,0,0
25.4,69.0,7.6,0.0,30,367.0,8.8,95.0,0.5,6.5,Desconhecido,??,0,0,0
25.4,69.0,7.6,0.0,30,341.7,10.7,65.0,0.5,2.6,Desconhecido,??,0,0,1
25.4,69.0,7.6,0.0,30,325.9,2.6,65.0,0.5,10.7,Desconhecido,??,0,0,0
25.4,69.0,7.6,0.0,30,330.6,4.7,65.0,0.5,1.2,Desconhecido,MT,0,0,0
25.4,69.0,7.6,0.0,30,354.2,15.5,65.0,0.5,8.8,Desconhecido,MT,0,0,0
25.4,69.0,7.6,0.0,30,345.6,13.7,65.0,0.5,16.4,Desconhecido,MT,0,0,0
25.4,69.0,7.6,0.0,30,341.8,4.7,65.0,0.5,0.5,Cerrado,MT,0,0,1
25.4,69.0,7.6,0.0,30,335.3,4.7,65.0,0.5,3.6,Cerrado,MT,0,0,0
25.4,69.0,7.6,0.0,30,334.8,13.3,65.0,0.5,4.8,Cerrado,GO,0,0,1
25.4,69.0,7.6,0.0,30,326.4,3.8,65.0,0.5,9.7,Desconhecido,??,0,0,0
25.4,69.0,7.6,0.0,30,338.1,8.6,65.0,0.5,8.2,Desconhecido,??,0,0,0
25.4,69.0,7.6,0.0,30,357.2,19.4,65.0,0.5,17.0,Cerrado,MT,0,0,1
25.4,69.0,7.6,0.0,30,337.2,5.2,65.0,0.5,14.8,Cerrado,MT,0,0,0
25.4,69.0,7.6,0.0,30,338.3,10.6,65.0,0.5,12.5,Cerrado,MT,0,0,0
25.4,69.0,7.6,0.0,30,349.5,15.4,65.0,0.5,10.7,Cerrado,MT,0,0,0
25.4,69.0,7.6,0.0,30,353.5,42.2,65.0,0.5,12.0,Cerrado,MT,0,0,0
25.4,69.0,7.6,0.0,30,350.6,15.4,65.0,0.5,5.7,Cerrado,MT,0,0,1
25.4,69.0,7.6,0.0,30,337.8,15.4,65.0,0.5,14.3,Cerrado,MT,0,0,0
25.4,69.0,7.6,0.0,30,350.6,15.4,65.0,0.5,4.4,Cerrado,MT,0,0,0
25.4,69.0,7.6,0.0,30,345.1,38.9,65.0,0.5,14.2,Cerrado,MT,0,0,1
25.4,69.0,7.6,0.0,30,354.8,38.9,65.0,0.5,15.9,Cerrado,MT,0,0,0
25.4,69.0,7.6,0.0,30,349.2,35.2,65.0,0.5,11.1,Cerrado,MT,0,0,1
25.4,69.0,7.6,0.0,30,339.2,35.2,65.0,0.5,9.1,Cerrado,MT,0,0,1
25.4,69.0,7.6,0.0,30,347.4,7.1,65.0,0.5,12.0,Desconhecido,??,0,0,0
25.4,69.0,7.6,0.0,30,331.3,7.1,65.0,0.5,0.0,Desconhecido,??,0,0,0
25.4,69.0,7.6,0.0,30,367.0,11.3,95.0,0.5,11.5,Desconhecido,??,0,0,0
25.4,69.0,7.6,0.0,30,327.1,9.7,65.0,0.5,9.4,Desconhecido,??,0,0,0
25.4,69.0,7.6,0.0,30,340.4,9.1,65.0,0.5,9.7,Cerrado,MT,0,0,0
25.4,69.0,7.6,0.0,30,339.0,6.9,65.0,0.5,13.5,Cerrado,MT,0,0,1
25.4,69.0,7.6,0.0,30,340.1,9.0,65.0,0.5,9.6,Cerrado,MT,0,0,1
25.4,69.0,7.6,0.0,30,354.1,13.2,65.0,0.5,4.3,Cerrado,MT,0,0,0
25.4,69.0,7.6,0.0,30,339.2,8.7,65.0,0.5,9.3,Cerrado,MT,0,0,0
25.4,69.0,7.6,0.0,30,330.9,3.5,65.0,0.5,10.3,Cerrado,MT,0,0,0
25.4,69.0,7.6,0.0,30,332.3,3.5,65.0,0.5,10.6,Cerrado,MT,0,0,1
25.4,69.0,7.6,0.0,30,341.8,5.2,65.0,0.5,10.8,Cerrado,MT,0,0,1
25.4,69.0,7.6,0.0,30,331.2,5.2,65.0,0.5,15.2,Cerrado,MT,0,0,1
25.4,69.0,7.6,0.0,30,332.7,3.9,65.0,0.5,4.6,Cerrado,MT,0,0,0
25.4,69.0,7.6,0.0,30,337.1,4.3,65.0,0.5,10.9,Cerrado,MT,0,0,0
25.4,69.0,7.6,0.0,30,342.2,27.7,65.0,0.5,16.4,Cerrado,MT,0,0,1
25.4,69.0,7.6,0.0,30,354.1,27.7,65.0,0.5,1.3,Cerrado,MT,0,0,0
25.4,69.0,7.6,0.0,30,345.8,15.3,65.0,0.5,10.9,Cerrado,MT,0,0,1
25.4,69.0,7.6,0.0,30,334.5,4.3,65.0,0.5,7.1,Cerrado,MT,0,0,0
25.4,69.0,7.6,0.0,30,353.9,130.5,65.0,0.5,8.1,Cerrado,MT,0,0,1
25.4,69.0,7.6,0.0,30,367.0,130.5,95.0,0.5,5.5,Cerrado,MT,0,0,0
25.4,69.0,7.6,0.0,30,367.0,27.7,95.0,0.5,9.2,Cerrado,MT,0,0,1
25.4,69.0,7.6,0.0,30,348.5,27.7,65.0,0.5,19.2,Cerrado,MT,0,0,1
25.4,69.0,7.6,0.0,30,339.9,3.3,65.0,0.5,3.7,Cerrado,MT,0,0,0
25.4,69.0,7.6,0.0,30,351.8,7.6,65.0,0.5,4.2,Cerrado,MT,0,0,1
25.4,69.0,7.6,0.0,30,344.7,7.6,65.0,0.5,3.5,Cerrado,MT,0,0,1
25.4,69.0,7.6,0.0,30,344.5,6.9,65.0,0.5,18.6,Cerrado,MT,0,0,1
25.4,69.0,7.6,0.0,30,335.5,5.8,65.0,0.5,7.7,Cerrado,MT,0,0,0
25.4,69.0,7.6,0.0,30,336.7,5.8,65.0,0.5,9.9,Cerrado,MT,0,0,1
25.4,69.0,7.6,0.0,30,328.6,5.0,65.0,0.5,8.0,Desconhecido,RO,0,0,1
25.4,69.0,7.6,0.0,30,335.7,2.8,65.0,0.5,5.3,Cerrado,MT,0,0,1
25.4,69.0,7.6,0.0,30,327.4,7.9,65.0,0.5,8.8,Desconhecido,RO,0,0,1
25.4,69.0,7.6,0.0,30,328.9,10.5,65.0,0.5,22.3,Desconhecido,RO,0,0,0
25.4,69.0,7.6,0.0,30,326.6,10.2,65.0,0.5,17.0,Desconhecido,RO,0,0,0
25.4,69.0,7.6,0.0,30,337.0,10.8,65.0,0.5,5.7,Desconhecido,RO,0,0,0
25.4,69.0,7.6,0.0,30,338.0,10.2,65.0,0.5,13.2,Desconhecido,RO,0,0,0
25.4,69.0,7.6,0.0,30,341.7,12.2,65.0,0.5,5.8,Desconhecido,RO,0,0,1
25.4,69.0,7.6,0.0,30,327.3,6.0,65.0,0.5,1.1,Desconhecido,RO,0,0,0
25.4,69.0,7.6,0.0,30,335.6,6.0,65.0,0.5,15.1,Desconhecido,RO,0,0,0
25.4,69.0,7.6,0.0,30,330.6,10.2,65.0,0.5,15.8,Desconhecido,RO,0,0,0
25.4,69.0,7.6,0.0,30,325.6,9.4,65.0,0.5,15.2,Desconhecido,RO,0,0,0
25.4,69.0,7.6,0.0,30,338.0,7.1,65.0,0.5,7.7,Desconhecido,RO,0,0,1
25.4,69.0,7.6,0.0,30,345.4,8.5,65.0,0.5,9.2,Desconhecido,RO,0,0,0
25.4,69.0,7.6,0.0,30,341.1,4.4,65.0,0.5,13.7,Desconhecido,RO,0,0,0
25.4,69.0,7.6,0.0,30,342.7,6.1,65.0,0.5,12.0,Cerrado,MT,0,0,1
25.4,69.0,7.6,0.0,30,338.9,6.1,65.0,0.5,8.0,Cerrado,MT,0,0,1
25.4,69.0,7.6,0.0,30,325.4,4.7,65.0,0.5,1.9,Desconhecido,RO,0,0,0
25.4,69.0,7.6,0.0,30,329.5,7.1,65.0,0.5,10.6,Desconhecido,RO,0,0,0
25.4,69.0,7.6,0.0,30,331.1,6.1,65.0,0.5,15.4,Desconhecido,RO,0,0,0
25.4,69.0,7.6,0.0,30,348.4,8.3,65.0,0.5,4.0,Desconhecido,RO,0,0,1
25.4,69.0,7.6,0.0,30,343.8,8.3,65.0,0.5,13.2,Desconhecido,RO,0,0,1
25.4,69.0,7.6,0.0,30,345.9,0.6,65.0,0.5,11.7,Desconhecido,RO,0,0,0
25.4,69.0,7.6,0.0,30,333.3,43.8,65.0,0.5,13.8,Cerrado,MT,0,0,0
25.4,69.0,7.6,0.0,30,345.1,34.0,65.0,0.5,14.4,Cerrado,MT,0,0,1
25.4,69.0,7.6,0.0,30,348.8,34.0,65.0,0.5,6.5,Cerrado,MT,0,0,1
25.4,69.0,7.6,0.0,30,328.3,52.8,65.0,0.5,1.9,Cerrado,MT,0,0,0
25.4,69.0,7.6,0.0,30,353.8,55.3,65.0,0.5,7.3,Cerrado,MT,0,0,1
25.4,69.0,7.6,0.0,30,349.9,99.7,65.0,0.5,14.4,Cerrado,MT,0,0,1
25.4,69.0,7.6,0.0,30,348.9,52.8,65.0,0.5,7.3,Cerrado,MT,0,0,1
25.4,69.0,7.6,0.0,30,357.1,55.3,65.0,0.5,6.5,Cerrado,MT,0,0,1
25.4,69.0,7.6,0.0,30,328.9,4.2,65.0,0.5,0.9,Cerrado,MT,0,0,0
25.4,69.0,7.6,0.0,30,347.1,5.8,65.0,0.5,18.8,Cerrado,MT,0,0,1
25.4,69.0,7.6,0.0,30,333.1,5.8,65.0,0.5,14.1,Cerrado,MT,0,0,0
25.4,69.0,7.6,0.0,30,367.0,7.3,95.0,0.5,13.8,Cerrado,MT,0,0,0
25.4,69.0,7.6,0.0,30,338.0,7.3,65.0,0.5,14.8,Cerrado,MT,0,0,0
25.4,69.0,7.6,0.0,30,334.5,7.3,65.0,0.5,12.9,Cerrado,MT,0,0,1
25.4,69.0,7.6,0.0,30,330.3,4.9,65.0,0.5,8.8,Desconhecido,RO,0,0,0
25.4,69.0,7.6,0.0,30,335.1,3.6,65.0,0.5,9.2,Cerrado,MT,0,0,1
25.4,69.0,7.6,0.0,30,337.5,3.9,65.0,0.5,7.9,Cerrado,MT,0,0,1
25.4,69.0,7.6,0.0,30,357.0,8.1,65.0,0.5,23.2,Desconhecido,RO,0,0,0
25.4,69.0,7.6,0.0,30,350.1,12.4,65.0,0.5,12.8,Desconhecido,RO,0,0,0
25.4,69.0,7.6,0.0,30,345.7,11.8,65.0,0.5,7.7,Cerrado,MT,0,0,1
25.4,69.0,7.6,0.0,30,367.0,11.8,95.0,0.5,12.3,Cerrado,MT,0,0,0
25.4,69.0,7.6,0.0,30,336.4,6.9,65.0,0.5,4.9,Cerrado,MT,0,0,0
25.4,69.0,7.6,0.0,30,367.0,18.9,95.0,0.5,17.5,Cerrado,MT,0,0,0
25.4,69.0,7.6,0.0,30,367.0,18.9,95.0,0.5,6.7,Cerrado,MT,0,0,0
25.4,69.0,7.6,0.0,30,344.8,14.4,65.0,0.7,12.5,Mata Atlantica,GO,0,0,1
25.4,69.0,7.6,0.0,30,332.4,6.7,65.0,0.5,15.3,Desconhecido,MT,0,0,0
25.4,69.0,7.6,0.0,30,335.3,7.1,65.0,0.7,11.9,Mata Atlantica,TO,0,0,1
25.4,69.0,7.6,0.0,30,340.0,7.0,65.0,0.7,10.5,Mata Atlantica,TO,0,0,0
25.4,69.0,7.6,0.0,30,346.0,13.6,65.0,0.7,10.1,Mata Atlantica,TO,0,0,0
25.4,69.0,7.6,0.0,30,367.0,7.0,95.0,0.7,9.7,Mata Atlantica,TO,0,0,0
25.4,69.0,7.6,0.0,30,331.7,2.7,65.0,0.7,7.1,Mata Atlantica,TO,0,0,0
25.4,69.0,7.6,0.0,30,332.3,6.2,65.0,0.7,7.8,Mata Atlantica,TO,0,0,1
25.4,69.0,7.6,0.0,30,336.1,6.0,65.0,0.7,17.4,Mata Atlantica,TO,0,0,1
25.4,69.0,7.6,0.0,30,333.5,7.2,65.0,0.7,9.5,Mata Atlantica,TO,0,0,0
25.4,69.0,7.6,0.0,30,347.1,7.2,65.0,0.7,6.1,Mata Atlantica,TO,0,0,0
25.4,69.0,7.6,0.0,30,334.5,3.3,65.0,0.5,7.4,Cerrado,MT,0,0,1
25.4,69.0,7.6,0.0,30,334.4,4.5,65.0,0.5,15.5,Cerrado,TO,0,0,0
25.4,69.0,7.6,0.0,30,332.1,2.2,65.0,0.5,13.4,Cerrado,MT,0,0,0
25.4,69.0,7.6,0.0,30,343.0,5.0,65.0,0.5,12.8,Cerrado,MT,0,0,0
25.4,69.0,7.6,0.0,30,345.0,7.7,65.0,0.5,8.7,Cerrado,MT,0,0,0
25.4,69.0,7.6,0.0,30,343.6,4.8,65.0,0.5,12.9,Cerrado,MT,0,0,1
25.4,69.0,7.6,0.0,30,349.5,4.8,65.0,0.5,6.8,Cerrado,MT,0,0,1
25.4,69.0,7.6,0.0,30,336.4,4.8,65.0,0.5,8.7,Cerrado,MT,0,0,0
25.4,69.0,7.6,0.0,30,340.7,5.5,65.0,0.5,14.8,Cerrado,MT,0,0,0
25.4,69.0,7.6,0.0,30,340.2,4.2,65.0,0.5,14.4,Cerrado,MT,0,0,0
25.4,69.0,7.6,0.0,30,352.3,17.8,65.0,0.7,5.1,Mata Atlantica,TO,0,0,1
25.4,69.0,7.6,0.0,30,357.5,17.8,65.0,0.7,5.7,Mata Atlantica,TO,0,0,0
25.4,69.0,7.6,0.0,30,353.5,41.6,65.0,0.7,10.5,Mata Atlantica,TO,0,0,0
25.4,69.0,7.6,0.0,30,340.4,9.2,65.0,0.7,18.6,Mata Atlantica,TO,0,0,0
25.4,69.0,7.6,0.0,30,338.3,3.0,65.0,0.5,0.4,Cerrado,MT,0,0,1
25.4,69.0,7.6,0.0,30,347.8,5.7,65.0,0.7,11.4,Mata Atlantica,TO,0,0,0
25.4,69.0,7.6,0.0,30,342.2,5.7,65.0,0.7,3.1,Mata Atlantica,TO,0,0,0
25.4,69.0,7.6,0.0,30,350.6,6.7,65.0,0.5,6.8,Cerrado,MT,0,0,0
25.4,69.0,7.6,0.0,30,354.4,6.7,65.0,0.5,8.2,Cerrado,MT,0,0,1
25.4,69.0,7.6,0.0,30,333.8,6.7,65.0,0.5,7.9,Cerrado,MT,0,0,0
25.4,69.0,7.6,0.0,30,348.0,7.2,65.0,0.5,7.3,Cerrado,MT,0,0,0
25.4,69.0,7.6,0.0,30,347.5,6.7,65.0,0.5,10.0,Cerrado,MT,0,0,1
25.4,69.0,7.6,0.0,30,332.6,6.7,65.0,0.5,7.3,Cerrado,MT,0,0,0
25.4,69.0,7.6,0.0,30,352.9,7.5,65.0,0.5,2.7,Cerrado,MT,0,0,1
25.4,69.0,7.6,0.0,30,348.5,7.5,65.0,0.5,13.9,Cerrado,MT,0,0,1
25.4,69.0,7.6,0.0,30,347.1,5.7,65.0,0.5,13.8,Cerrado,TO,0,0,0
25.4,69.0,7.6,0.0,30,350.0,13.1,65.0,0.5,14.2,Cerrado,TO,0,0,0
25.4,69.0,7.6,0.0,30,337.2,5.7,65.0,0.5,2.3,Cerrado,TO,0,0,1
25.4,69.0,7.6,0.0,30,333.5,3.9,65.0,0.7,11.5,Mata Atlantica,TO,0,0,1
25.4,69.0,7.6,0.0,30,346.5,8.0,65.0,0.7,13.4,Mata Atlantica,TO,0,0,1
25.4,69.0,7.6,0.0,30,342.1,3.6,65.0,0.7,4.8,Mata Atlantica,TO,0,0,0
25.4,69.0,7.6,0.0,30,337.0,3.3,65.0,0.7,10.0,Mata Atlantica,TO,0,0,1
25.4,69.0,7.6,0.0,30,338.0,12.3,65.0,0.7,9.4,Mata Atlantica,TO,0,0,0
25.4,69.0,7.6,0.0,30,340.8,7.5,65.0,0.7,19.2,Mata Atlantica,TO,0,0,0
25.4,69.0,7.6,0.0,30,342.7,3.7,65.0,0.7,19.6,Mata Atlantica,TO,0,0,0
25.4,69.0,7.6,0.0,30,337.6,6.5,65.0,0.7,1.7,Mata Atlantica,TO,0,0,1
25.4,69.0,7.6,0.0,30,346.2,6.5,65.0,0.7,22.5,Mata Atlantica,TO,0,0,0
25.4,69.0,7.6,0.0,30,341.9,3.7,65.0,0.7,5.4,Mata Atlantica,TO,0,0,0
25.4,69.0,7.6,0.0,30,337.3,2.9,65.0,0.7,14.9,Mata Atlantica,TO,0,0,1
25.4,69.0,7.6,0.0,30,335.3,2.9,65.0,0.7,14.9,Mata Atlantica,TO,0,0,0
25.4,69.0,7.6,0.0,30,336.8,4.4,65.0,0.7,5.0,Mata Atlantica,TO,0,0,0
25.4,69.0,7.6,0.0,30,367.0,195.0,95.0,0.7,12.5,Mata Atlantica,TO,0,0,1
25.4,69.0,7.6,0.0,30,367.0,10.4,95.0,0.7,9.5,Mata Atlantica,TO,0,0,0
25.4,69.0,7.6,0.0,30,335.5,10.4,65.0,0.7,12.8,Mata Atlantica,TO,0,0,0
25.4,69.0,7.6,0.0,30,343.1,13.1,65.0,0.7,11.2,Mata Atlantica,TO,0,0,0
25.4,69.0,7.6,0.0,30,348.2,13.1,65.0,0.7,16.0,Mata Atlantica,TO,0,0,1
25.4,69.0,7.6,0.0,30,367.0,8.3,95.0,0.7,10.4,Mata Atlantica,TO,0,0,0
25.4,69.0,7.6,0.0,30,342.6,10.4,65.0,0.7,9.2,Mata Atlantica,TO,0,0,1
25.4,69.0,7.6,0.0,30,354.5,6.2,65.0,0.7,15.5,Mata Atlantica,TO,0,0,0
25.4,69.0,7.6,0.0,30,336.3,2.7,65.0,0.7,12.9,Mata Atlantica,TO,0,0,0
25.4,69.0,7.6,0.0,30,337.6,2.7,65.0,0.7,13.7,Mata Atlantica,TO,0,0,0
25.4,69.0,7.6,0.0,30,367.0,14.2,95.0,0.7,6.7,Mata Atlantica,TO,0,0,0
25.4,69.0,7.6,0.0,30,339.5,6.4,65.0,0.7,4.8,Mata Atlantica,TO,0,0,0
25.4,69.0,7.6,0.0,30,352.1,8.3,65.0,0.7,7.2,Mata Atlantica,TO,0,0,1
25.4,69.0,7.6,0.0,30,337.9,3.0,65.0,0.7,6.9,Mata Atlantica,TO,0,0,0
25.4,69.0,7.6,0.0,30,355.5,18.0,65.0,0.7,13.9,Mata Atlantica,TO,0,0,0
25.4,69.0,7.6,0.0,30,336.7,3.6,65.0,0.7,14.9,Mata Atlantica,TO,0,0,0
25.4,69.0,7.6,0.0,30,351.8,8.8,65.0,0.7,9.2,Mata Atlantica,TO,0,0,0
25.4,69.0,7.6,0.0,30,338.8,5.2,65.0,0.5,17.2,Desconhecido,RO,0,0,0
25.4,69.0,7.6,0.0,30,344.9,8.5,65.0,0.7,16.8,Mata Atlantica,TO,0,0,0
25.4,69.0,7.6,0.0,30,350.2,43.5,65.0,0.5,11.2,Cerrado,TO,0,0,1
25.4,69.0,7.6,0.0,30,343.9,5.1,65.0,0.5,5.9,Desconhecido,RO,0,0,0
25.4,69.0,7.6,0.0,30,349.9,24.3,65.0,0.5,17.9,Cerrado,TO,0,0,1
25.4,69.0,7.6,0.0,30,352.1,8.4,65.0,0.7,9.7,Mata Atlantica,TO,0,0,1
25.4,69.0,7.6,0.0,30,341.9,7.3,65.0,0.5,10.6,Cerrado,TO,0,0,1
25.4,69.0,7.6,0.0,30,328.3,3.1,65.0,0.5,8.3,Cerrado,TO,0,0,0
25.4,69.0,7.6,0.0,30,349.2,14.6,65.0,0.5,5.6,Cerrado,TO,0,0,0
25.4,69.0,7.6,0.0,30,340.8,14.6,65.0,0.5,2.7,Cerrado,TO,0,0,0
25.4,69.0,7.6,0.0,30,329.2,4.5,65.0,0.5,13.2,Cerrado,TO,0,0,0
25.4,69.0,7.6,0.0,30,333.1,7.1,65.0,0.5,6.1,Cerrado,TO,0,0,0
25.4,69.0,7.6,0.0,30,334.1,4.3,65.0,0.5,25.3,Cerrado,TO,0,0,1
25.4,69.0,7.6,0.0,30,344.5,13.1,65.0,0.5,4.6,Cerrado,MT,0,0,1
25.4,69.0,7.6,0.0,30,346.7,7.9,65.0,0.5,3.7,Cerrado,MT,0,0,0
25.4,69.0,7.6,0.0,30,349.4,10.5,65.0,0.5,12.6,Cerrado,TO,0,0,1
25.4,69.0,7.6,0.0,30,337.5,4.3,65.0,0.5,17.6,Cerrado,TO,0,0,0
25.4,69.0,7.6,0.0,30,350.5,35.5,65.0,0.5,10.3,Cerrado,MT,0,0,1
25.4,69.0,7.6,0.0,30,333.1,4.2,65.0,0.5,12.9,Cerrado,MT,0,0,0
25.4,69.0,7.6,0.0,30,330.6,4.2,65.0,0.5,0.8,Cerrado,MT,0,0,0
25.4,69.0,7.6,0.0,30,340.0,5.9,65.0,0.5,6.6,Cerrado,MT,0,0,0
25.4,69.0,7.6,0.0,30,345.0,10.7,65.0,0.7,4.6,Mata Atlantica,TO,0,0,1
25.4,69.0,7.6,0.0,30,349.2,15.0,65.0,0.7,0.5,Mata Atlantica,TO,0,0,1
25.4,69.0,7.6,0.0,30,333.7,4.5,65.0,0.8,10.6,Amazonia,PA,0,0,1
25.4,69.0,7.6,0.0,30,331.0,3.9,65.0,0.8,0.0,Amazonia,PA,0,0,0
25.4,69.0,7.6,0.0,30,335.4,3.9,65.0,0.8,3.4,Amazonia,PA,0,0,1
25.4,69.0,7.6,0.0,30,348.9,8.2,65.0,0.8,7.3,Amazonia,PA,0,0,0
25.4,69.0,7.6,0.0,30,356.5,5.8,65.0,0.8,5.8,Amazonia,AM,0,0,0
25.4,69.0,7.6,0.0,30,335.4,7.2,65.0,0.8,12.0,Amazonia,PA,0,0,0
25.4,69.0,7.6,0.0,30,340.7,16.1,65.0,0.8,11.5,Amazonia,PA,0,0,1
25.4,69.0,7.6,0.0,30,333.0,4.3,65.0,0.3,14.5,Caatinga,BA,0,0,1
25.4,69.0,7.6,0.0,30,328.7,4.9,65.0,0.8,13.8,Amazonia,PA,0,0,0
25.4,69.0,7.6,0.0,30,367.0,16.0,95.0,0.8,15.7,Amazonia,PA,0,0,0
25.4,69.0,7.6,0.0,30,335.8,16.0,65.0,0.8,10.0,Amazonia,PA,0,0,0
25.4,69.0,7.6,0.0,30,334.9,4.9,65.0,0.8,11.5,Amazonia,PA,0,0,0
25.4,69.0,7.6,0.0,30,341.5,4.9,65.0,0.8,12.6,Amazonia,PA,0,0,0
25.4,69.0,7.6,0.0,30,337.1,7.6,65.0,0.8,10.7,Amazonia,PA,0,0,1
25.4,69.0,7.6,0.0,30,341.5,11.7,65.0,0.8,8.0,Amazonia,PA,0,0,1
25.4,69.0,7.6,0.0,30,336.5,0.6,65.0,0.3,8.3,Caatinga,MA,0,0,0
25.4,69.0,7.6,0.0,30,333.8,5.6,65.0,0.8,5.9,Amazonia,PA,0,0,1
25.4,69.0,7.6,0.0,30,336.2,5.3,65.0,0.8,12.1,Amazonia,PA,0,0,0
25.4,69.0,7.6,0.0,30,345.7,16.9,65.0,0.8,9.5,Amazonia,PA,0,0,1
25.4,69.0,7.6,0.0,30,367.0,16.9,95.0,0.8,6.7,Amazonia,PA,0,0,0
25.4,69.0,7.6,0.0,30,356.1,25.9,65.0,0.8,6.7,Amazonia,PA,0,0,1
25.4,69.0,7.6,0.0,30,354.4,16.9,65.0,0.8,3.9,Amazonia,PA,0,0,1
25.4,69.0,7.6,0.0,30,349.2,25.9,65.0,0.8,14.9,Amazonia,PA,0,0,1
25.4,69.0,7.6,0.0,30,341.8,25.9,65.0,0.8,10.4,Amazonia,PA,0,0,1
25.4,69.0,7.6,0.0,30,345.4,14.6,65.0,0.8,5.7,Amazonia,PA,0,0,0
25.4,69.0,7.6,0.0,30,367.0,14.6,95.0,0.8,14.0,Amazonia,PA,0,0,0
25.4,69.0,7.6,0.0,30,341.5,5.8,65.0,0.8,7.2,Amazonia,PA,0,0,0
25.4,69.0,7.6,0.0,30,332.7,5.6,65.0,0.8,3.0,Amazonia,PA,0,0,0
25.4,69.0,7.6,0.0,30,340.5,9.8,65.0,0.8,15.1,Amazonia,PA,0,0,0
25.4,69.0,7.6,0.0,30,346.7,9.3,65.0,0.8,7.3,Amazonia,PA,0,0,0
25.4,69.0,7.6,0.0,30,336.2,3.5,65.0,0.8,8.0,Amazonia,PA,0,0,1
25.4,69.0,7.6,0.0,30,337.7,5.3,65.0,0.8,10.2,Amazonia,PA,0,0,0
25.4,69.0,7.6,0.0,30,343.2,9.5,65.0,0.8,15.7,Amazonia,PA,0,0,1
25.4,69.0,7.6,0.0,30,337.8,15.6,65.0,0.8,10.1,Amazonia,PA,0,0,1
25.4,69.0,7.6,0.0,30,344.7,9.5,65.0,0.8,4.0,Amazonia,PA,0,0,0
25.4,69.0,7.6,0.0,30,367.0,13.8,95.0,0.8,12.7,Amazonia,PA,0,0,0
25.4,69.0,7.6,0.0,30,367.0,13.3,95.0,0.3,7.6,Caatinga,MA,0,0,1
25.4,69.0,7.6,0.0,30,349.7,3.9,65.0,0.3,19.4,Caatinga,MA,0,0,1
25.4,69.0,7.6,0.0,30,334.8,3.6,65.0,0.3,10.0,Caatinga,MA,0,0,0
25.4,69.0,7.6,0.0,30,331.2,3.7,65.0,0.3,0.0,Caatinga,MA,0,0,0
25.4,69.0,7.6,0.0,30,331.1,3.7,65.0,0.3,11.8,Caatinga,MA,0,0,0
25.4,69.0,7.6,0.0,30,332.2,4.2,65.0,0.3,19.7,Caatinga,MA,0,0,0
25.4,69.0,7.6,0.0,30,354.6,6.0,65.0,0.3,17.9,Caatinga,MA,0,0,0
25.4,69.0,7.6,0.0,30,353.1,5.7,65.0,0.3,19.2,Caatinga,MA,0,0,1
25.4,69.0,7.6,0.0,30,334.7,4.6,65.0,0.8,4.9,Amazonia,AM,0,0,1
25.4,69.0,7.6,0.0,30,327.8,2.5,65.0,0.8,14.6,Amazonia,AM,0,0,0
25.4,69.0,7.6,0.0,30,347.4,9.1,65.0,0.8,6.4,Amazonia,AM,0,0,0
25.4,69.0,7.6,0.0,30,345.1,18.5,65.0,0.8,11.1,Amazonia,AM,0,0,1
25.4,69.0,7.6,0.0,30,333.8,31.7,65.0,0.8,3.6,Amazonia,AM,0,0,0
25.4,69.0,7.6,0.0,30,332.1,8.8,65.0,0.8,6.8,Amazonia,AM,0,0,0
25.4,69.0,7.6,0.0,30,339.9,13.5,65.0,0.8,6.6,Amazonia,AM,0,0,0
25.4,69.0,7.6,0.0,30,353.3,31.7,65.0,0.8,14.5,Amazonia,AM,0,0,1
25.4,69.0,7.6,0.0,30,342.2,31.7,65.0,0.8,14.0,Amazonia,AM,0,0,1
25.4,69.0,7.6,0.0,30,354.4,34.6,65.0,0.8,11.4,Amazonia,AM,0,0,1
25.4,69.0,7.6,0.0,30,340.5,13.4,65.0,0.8,3.2,Amazonia,AM,0,0,1
25.4,69.0,7.6,0.0,30,335.3,13.4,65.0,0.8,8.4,Amazonia,AM,0,0,0
25.4,69.0,7.6,0.0,30,350.5,12.2,65.0,0.8,6.3,Amazonia,AM,0,0,1
25.4,69.0,7.6,0.0,30,343.8,5.3,65.0,0.8,14.3,Amazonia,AM,0,0,0
25.4,69.0,7.6,0.0,30,342.1,8.5,65.0,0.8,15.9,Amazonia,AM,0,0,0
25.4,69.0,7.6,0.0,30,331.2,16.3,65.0,0.8,15.3,Amazonia,AM,0,0,0
25.4,69.0,7.6,0.0,30,338.0,7.4,65.0,0.8,6.2,Amazonia,AM,0,0,0
25.4,69.0,7.6,0.0,30,367.0,16.3,95.0,0.8,0.0,Amazonia,AM,0,0,0
25.4,69.0,7.6,0.0,30,336.8,8.8,65.0,0.8,1.2,Amazonia,AM,0,0,0
25.4,69.0,7.6,0.0,30,327.5,4.9,65.0,0.8,17.1,Amazonia,AM,0,0,0
25.4,69.0,7.6,0.0,30,329.5,5.2,65.0,0.8,8.0,Amazonia,AM,0,0,1
25.4,69.0,7.6,0.0,30,336.2,5.6,65.0,0.8,6.2,Amazonia,AM,0,0,1
25.4,69.0,7.6,0.0,30,355.8,4.5,65.0,0.8,18.2,Amazonia,AM,0,0,0
25.4,69.0,7.6,0.0,30,329.5,5.6,65.0,0.8,16.3,Amazonia,AM,0,0,0
25.4,69.0,7.6,0.0,30,353.3,15.0,65.0,0.8,10.1,Amazonia,AM,0,0,0
25.4,69.0,7.6,0.0,30,342.7,13.6,65.0,0.8,8.5,Amazonia,AM,0,0,1
25.4,69.0,7.6,0.0,30,330.4,4.5,65.0,0.8,9.3,Amazonia,AM,0,0,0
25.4,69.0,7.6,0.0,30,353.9,4.5,65.0,0.8,11.1,Amazonia,AM,0,0,0
25.4,69.0,7.6,0.0,30,367.0,28.1,95.0,0.8,18.0,Amazonia,AM,0,0,1
25.4,69.0,7.6,0.0,30,349.3,13.6,65.0,0.8,12.1,Amazonia,AM,0,0,1
25.4,69.0,7.6,0.0,30,343.0,3.7,65.0,0.8,13.6,Amazonia,PA,0,0,0
25.4,69.0,7.6,0.0,30,335.2,28.2,65.0,0.8,15.8,Amazonia,PA,0,0,0
25.4,69.0,7.6,0.0,30,343.4,40.6,65.0,0.8,4.2,Amazonia,PA,0,0,1
25.4,69.0,7.6,0.0,30,354.6,40.6,65.0,0.8,13.8,Amazonia,PA,0,0,0
25.4,69.0,7.6,0.0,30,334.7,6.7,65.0,0.8,8.5,Amazonia,PA,0,0,0
25.4,69.0,7.6,0.0,30,337.4,20.3,65.0,0.8,0.0,Amazonia,PA,0,0,0
25.4,69.0,7.6,0.0,30,333.8,9.8,65.0,0.8,0.0,Amazonia,PA,0,0,1
25.4,69.0,7.6,0.0,30,332.0,5.8,65.0,0.8,4.9,Amazonia,AM,0,0,1
25.4,69.0,7.6,0.0,30,332.6,11.4,65.0,0.8,12.7,Amazonia,PA,0,0,1
25.4,69.0,7.6,0.0,30,333.5,16.2,65.0,0.8,10.6,Amazonia,PA,0,0,1
25.4,69.0,7.6,0.0,30,335.2,32.3,65.0,0.8,10.9,Amazonia,PA,0,0,1
25.4,69.0,7.6,0.0,30,348.6,60.7,65.0,0.8,19.8,Amazonia,PA,0,0,0
25.4,69.0,7.6,0.0,30,335.8,60.7,65.0,0.8,3.7,Amazonia,PA,0,0,1
25.4,69.0,7.6,0.0,30,354.1,92.8,65.0,0.8,9.9,Amazonia,PA,0,0,1
25.4,69.0,7.6,0.0,30,343.5,64.8,65.0,0.8,11.5,Amazonia,PA,0,0,1
25.4,69.0,7.6,0.0,30,348.3,60.7,65.0,0.8,6.3,Amazonia,PA,0,0,1
25.4,69.0,7.6,0.0,30,354.1,64.8,65.0,0.8,10.1,Amazonia,PA,0,0,1
25.4,69.0,7.6,0.0,30,345.2,64.8,65.0,0.8,2.0,Amazonia,PA,0,0,1
25.4,69.0,7.6,0.0,30,335.7,28.4,65.0,0.8,17.0,Amazonia,PA,0,0,0
25.4,69.0,7.6,0.0,30,343.2,14.0,65.0,0.8,6.6,Amazonia,PA,0,0,0
25.4,69.0,7.6,0.0,30,336.6,14.0,65.0,0.8,20.2,Amazonia,PA,0,0,1
25.4,69.0,7.6,0.0,30,342.2,9.5,65.0,0.7,9.8,Mata Atlantica,TO,0,0,0
25.4,69.0,7.6,0.0,30,330.9,2.0,65.0,0.3,15.1,Caatinga,MA,0,0,1
25.4,69.0,7.6,0.0,30,332.7,2.2,65.0,0.8,9.7,Amazonia,AM,0,0,1
25.4,69.0,7.6,0.0,30,344.8,14.2,65.0,0.8,9.8,Amazonia,PA,0,0,0
25.4,69.0,7.6,0.0,30,336.9,5.4,65.0,0.8,7.1,Amazonia,PA,0,0,0
25.4,69.0,7.6,0.0,30,342.2,5.7,65.0,0.8,10.6,Amazonia,AM,0,0,0
25.4,69.0,7.6,0.0,30,337.8,6.4,65.0,0.3,11.6,Caatinga,MA,0,0,1
25.4,69.0,7.6,0.0,30,329.3,3.5,65.0,0.7,6.1,Mata Atlantica,MA,0,0,0
25.4,69.0,7.6,0.0,30,342.6,6.6,65.0,0.7,9.4,Mata Atlantica,MA,0,0,1
25.4,69.0,7.6,0.0,30,367.0,12.8,95.0,0.7,6.9,Mata Atlantica,MA,0,0,0
25.4,69.0,7.6,0.0,30,336.8,3.5,65.0,0.8,21.5,Amazonia,PA,0,0,1
25.4,69.0,7.6,0.0,30,340.2,7.7,65.0,0.8,9.6,Amazonia,PA,0,0,0
25.4,69.0,7.6,0.0,30,343.4,7.7,65.0,0.8,17.7,Amazonia,PA,0,0,0
25.4,69.0,7.6,0.0,30,347.9,9.8,65.0,0.8,9.0,Amazonia,PA,0,0,0
25.4,69.0,7.6,0.0,30,342.6,7.6,65.0,0.8,11.3,Amazonia,PA,0,0,1
25.4,69.0,7.6,0.0,30,342.0,11.3,65.0,0.8,3.4,Amazonia,PA,0,0,0
25.4,69.0,7.6,0.0,30,330.4,2.3,65.0,0.8,7.8,Amazonia,PA,0,0,1
25.4,69.0,7.6,0.0,30,338.5,8.2,65.0,0.8,11.1,Amazonia,PA,0,0,1
25.4,69.0,7.6,0.0,30,330.5,4.8,65.0,0.8,17.9,Amazonia,PA,0,0,0
25.4,69.0,7.6,0.0,30,335.2,4.8,65.0,0.8,11.1,Amazonia,PA,0,0,1
25.4,69.0,7.6,0.0,30,328.1,3.1,65.0,0.8,16.9,Amazonia,PA,0,0,0
25.4,69.0,7.6,0.0,30,346.4,5.6,65.0,0.8,13.2,Amazonia,PA,0,0,0
25.4,69.0,7.6,0.0,30,334.8,8.4,65.0,0.8,18.1,Amazonia,??,0,0,0
25.4,69.0,7.6,0.0,30,334.5,4.0,65.0,0.5,9.7,Desconhecido,??,0,0,0
25.4,69.0,7.6,0.0,30,340.6,2.7,65.0,0.5,22.0,Desconhecido,??,0,0,0
25.4,69.0,7.6,0.0,30,343.9,5.3,65.0,0.5,7.6,Desconhecido,??,0,0,0
25.4,69.0,7.6,0.0,30,351.0,5.3,65.0,0.5,6.2,Desconhecido,??,0,0,0
25.4,69.0,7.6,0.0,30,331.9,6.1,65.0,0.5,3.9,Desconhecido,??,0,0,1
25.4,69.0,7.6,0.0,30,332.8,3.7,65.0,0.5,21.7,Desconhecido,??,0,0,0
25.4,69.0,7.6,0.0,30,341.0,5.3,65.0,0.5,14.1,Desconhecido,??,0,0,0
25.4,69.0,7.6,0.0,30,333.8,11.4,65.0,0.5,8.3,Desconhecido,??,0,0,0
25.4,69.0,7.6,0.0,30,327.2,3.0,65.0,0.5,16.2,Desconhecido,??,0,0,0
25.4,69.0,7.6,0.0,30,333.4,3.9,65.0,0.5,13.4,Desconhecido,??,0,0,0
25.4,69.0,7.6,0.0,30,331.5,3.9,65.0,0.5,19.8,Desconhecido,??,0,0,0
25.4,69.0,7.6,0.0,30,338.3,6.0,65.0,0.5,2.3,Desconhecido,??,0,0,1
25.4,69.0,7.6,0.0,30,339.0,6.1,65.0,0.5,8.7,Desconhecido,??,0,0,0
25.4,69.0,7.6,0.0,30,343.6,14.2,65.0,0.5,7.7,Desconhecido,??,0,0,1
25.4,69.0,7.6,0.0,30,355.4,40.6,65.0,0.5,0.1,Desconhecido,??,0,0,1
25.4,69.0,7.6,0.0,30,352.0,44.3,65.0,0.5,15.3,Desconhecido,??,0,0,1
25.4,69.0,7.6,0.0,30,340.8,19.1,65.0,0.5,8.6,Desconhecido,??,0,0,0
25.4,69.0,7.6,0.0,30,340.9,44.3,65.0,0.5,13.7,Desconhecido,??,0,0,1
25.4,69.0,7.6,0.0,30,367.0,40.6,95.0,0.5,21.8,Desconhecido,??,0,0,1
25.4,69.0,7.6,0.0,30,346.2,13.8,65.0,0.5,8.2,Desconhecido,??,0,0,0
25.4,69.0,7.6,0.0,30,336.5,4.2,65.0,0.5,7.9,Desconhecido,??,0,0,0
25.4,69.0,7.6,0.0,30,345.5,6.7,65.0,0.5,10.6,Desconhecido,??,0,0,0
25.4,69.0,7.6,0.0,30,332.8,4.6,65.0,0.5,14.9,Desconhecido,??,0,0,0
25.4,69.0,7.6,0.0,30,332.4,4.6,65.0,0.5,7.2,Desconhecido,??,0,0,0
25.4,69.0,7.6,0.0,30,328.1,4.1,65.0,0.5,6.8,Desconhecido,??,0,0,0
25.4,69.0,7.6,0.0,30,335.2,3.5,65.0,0.5,15.3,Desconhecido,??,0,0,1
25.4,69.0,7.6,0.0,30,337.8,5.1,65.0,0.5,11.9,Desconhecido,??,0,0,0
25.4,69.0,7.6,0.0,30,327.6,4.5,65.0,0.5,0.0,Desconhecido,??,0,0,1
25.4,69.0,7.6,0.0,30,331.3,5.1,65.0,0.5,3.9,Desconhecido,??,0,0,0
25.4,69.0,7.6,0.0,30,325.2,10.2,65.0,0.5,17.5,Desconhecido,??,0,0,0
25.4,69.0,7.6,0.0,30,335.3,9.3,65.0,0.5,12.0,Desconhecido,??,0,0,0
25.4,69.0,7.6,0.0,30,330.2,2.9,65.0,0.5,6.2,Desconhecido,??,0,0,0
25.4,69.0,7.6,0.0,30,331.7,2.9,65.0,0.5,9.1,Desconhecido,??,0,0,0
25.4,69.0,7.6,0.0,30,335.4,5.5,65.0,0.5,10.1,Desconhecido,??,0,0,0
25.4,69.0,7.6,0.0,30,356.1,8.4,65.0,0.5,13.7,Desconhecido,??,0,0,0
25.4,69.0,7.6,0.0,30,357.0,23.5,65.0,0.5,3.2,Desconhecido,??,0,0,0
25.4,69.0,7.6,0.0,30,344.3,19.4,65.0,0.5,5.8,Desconhecido,??,0,0,1
25.4,69.0,7.6,0.0,30,327.1,8.4,65.0,0.5,11.4,Desconhecido,??,0,0,0
25.4,69.0,7.6,0.0,30,330.6,4.2,65.0,0.5,9.5,Desconhecido,??,0,0,1
25.4,69.0,7.6,0.0,30,337.6,4.2,65.0,0.5,12.9,Desconhecido,??,0,0,0
25.4,69.0,7.6,0.0,30,329.4,2.5,65.0,0.5,3.9,Desconhecido,??,0,0,0
25.4,69.0,7.6,0.0,30,325.2,4.9,65.0,0.5,11.8,Desconhecido,??,0,0,1
25.4,69.0,7.6,0.0,30,337.3,3.5,65.0,0.5,15.5,Desconhecido,??,0,0,0
25.4,69.0,7.6,0.0,30,325.2,3.3,65.0,0.5,12.4,Desconhecido,RO,0,0,0
25.4,69.0,7.6,0.0,30,332.7,3.0,65.0,0.5,10.7,Desconhecido,??,0,0,0
25.4,69.0,7.6,0.0,30,348.1,10.0,65.0,0.5,9.5,Desconhecido,??,0,0,0
25.4,69.0,7.6,0.0,30,329.5,17.2,65.0,0.5,5.8,Desconhecido,RO,0,0,0
25.4,69.0,7.6,0.0,30,326.2,15.1,65.0,0.5,9.6,Desconhecido,RO,0,0,0
25.4,69.0,7.6,0.0,30,356.0,17.2,65.0,0.5,16.3,Desconhecido,RO,0,0,0
25.4,69.0,7.6,0.0,30,336.9,15.1,65.0,0.5,9.4,Desconhecido,RO,0,0,0
25.4,69.0,7.6,0.0,30,333.0,3.6,65.0,0.5,5.6,Desconhecido,RO,0,0,0
25.4,69.0,7.6,0.0,30,327.8,9.8,65.0,0.5,7.5,Desconhecido,RO,0,0,0
25.4,69.0,7.6,0.0,30,332.8,3.6,65.0,0.5,11.0,Desconhecido,RO,0,0,1
25.4,69.0,7.6,0.0,30,340.9,0.6,65.0,0.5,8.1,Desconhecido,??,0,0,0
25.4,69.0,7.6,0.0,30,346.5,8.0,65.0,0.5,12.4,Desconhecido,RO,0,0,0
25.4,69.0,7.6,0.0,30,330.0,11.8,65.0,0.5,12.6,Desconhecido,??,0,0,0
25.4,69.0,7.6,0.0,30,330.5,4.6,65.0,0.5,14.4,Desconhecido,RO,0,0,0
25.4,69.0,7.6,0.0,30,326.0,2.9,65.0,0.5,17.1,Desconhecido,??,0,0,0
25.4,69.0,7.6,0.0,30,328.1,6.1,65.0,0.5,15.0,Desconhecido,RO,0,0,0
25.4,69.0,7.6,0.0,30,335.6,9.3,65.0,0.5,5.3,Desconhecido,RO,0,0,1
25.4,69.0,7.6,0.0,30,353.3,6.7,65.0,0.5,5.5,Desconhecido,RO,0,0,0
25.4,69.0,7.6,0.0,30,326.7,6.8,65.0,0.5,9.6,Desconhecido,RO,0,0,0
25.4,69.0,7.6,0.0,30,349.8,11.7,65.0,0.5,7.7,Desconhecido,RO,0,0,1
25.4,69.0,7.6,0.0,30,329.5,3.1,65.0,0.5,4.3,Desconhecido,RO,0,0,0
25.4,69.0,7.6,0.0,30,335.2,6.6,65.0,0.5,7.8,Desconhecido,??,0,0,0
25.4,69.0,7.6,0.0,30,325.4,6.0,65.0,0.5,7.6,Desconhecido,RO,0,0,0
25.4,69.0,7.6,0.0,30,328.7,6.0,65.0,0.5,6.6,Desconhecido,RO,0,0,0
25.4,69.0,7.6,0.0,30,325.3,9.9,65.0,0.5,8.4,Desconhecido,RO,0,0,1
25.4,69.0,7.6,0.0,30,329.8,10.9,65.0,0.5,15.9,Desconhecido,RO,0,0,0
25.4,69.0,7.6,0.0,30,327.6,6.7,65.0,0.5,11.0,Desconhecido,RO,0,0,1
25.4,69.0,7.6,0.0,30,325.3,6.7,65.0,0.5,22.4,Desconhecido,RO,0,0,0
25.4,69.0,7.6,0.0,30,325.8,18.8,65.0,0.5,10.9,Desconhecido,RO,0,0,0
25.4,69.0,7.6,0.0,30,328.3,4.1,65.0,0.5,8.5,Desconhecido,RO,0,0,0
25.4,69.0,7.6,0.0,30,336.7,4.2,65.0,0.5,10.0,Desconhecido,??,0,0,1
25.4,69.0,7.6,0.0,30,326.2,3.2,65.0,0.5,11.3,Desconhecido,RO,0,0,0
25.4,69.0,7.6,0.0,30,334.8,2.5,65.0,0.5,12.2,Desconhecido,??,0,0,0
25.4,69.0,7.6,0.0,30,338.2,12.8,65.0,0.5,20.4,Desconhecido,??,0,0,1
25.4,69.0,7.6,0.0,30,348.2,10.8,65.0,0.5,5.8,Desconhecido,RO,0,0,0
25.4,69.0,7.6,0.0,30,367.0,6.8,95.0,0.5,14.3,Desconhecido,RO,0,0,0
25.4,69.0,7.6,0.0,30,336.0,3.0,65.0,0.5,11.0,Desconhecido,??,0,0,0
25.4,69.0,7.6,0.0,30,338.6,3.0,65.0,0.5,2.1,Desconhecido,??,0,0,0
25.4,69.0,7.6,0.0,30,336.3,6.4,65.0,0.5,13.9,Desconhecido,RO,0,0,0
25.4,69.0,7.6,0.0,30,333.2,29.0,65.0,0.5,16.3,Desconhecido,??,0,0,1
25.4,69.0,7.6,0.0,30,326.8,6.4,65.0,0.5,5.7,Desconhecido,RO,0,0,0
25.4,69.0,7.6,0.0,30,342.7,5.2,65.0,0.5,10.0,Desconhecido,RO,0,0,0
25.4,69.0,7.6,0.0,30,346.1,3.4,65.0,0.5,1.4,Desconhecido,RO,0,0,0
25.4,69.0,7.6,0.0,30,330.8,6.2,65.0,0.5,3.7,Desconhecido,RO,0,0,0
25.4,69.0,7.6,0.0,30,334.8,5.4,65.0,0.5,15.2,Desconhecido,RO,0,0,1
25.4,69.0,7.6,0.0,30,329.7,2.5,65.0,0.5,7.7,Desconhecido,??,0,0,0
25.4,69.0,7.6,0.0,30,339.5,7.6,65.0,0.5,4.5,Desconhecido,RO,0,0,1
25.4,69.0,7.6,0.0,30,332.8,1.6,65.0,0.5,11.1,Desconhecido,AC,0,0,1
25.4,69.0,7.6,0.0,30,325.9,6.6,65.0,0.5,7.4,Desconhecido,AC,0,0,1
25.4,69.0,7.6,0.0,30,333.5,5.9,65.0,0.5,7.6,Desconhecido,AC,0,0,0
25.4,69.0,7.6,0.0,30,346.7,6.5,65.0,0.5,13.7,Desconhecido,AC,0,0,0
25.4,69.0,7.6,0.0,30,349.7,11.8,65.0,0.5,4.2,Desconhecido,AC,0,0,0
25.4,69.0,7.6,0.0,30,328.3,6.5,65.0,0.5,5.5,Desconhecido,AC,0,0,0
25.4,69.0,7.6,0.0,30,329.5,3.1,65.0,0.5,10.8,Desconhecido,AC,0,0,0
25.4,69.0,7.6,0.0,30,336.6,4.1,65.0,0.8,14.8,Amazonia,AM,0,0,1
25.4,69.0,7.6,0.0,30,333.1,4.1,65.0,0.8,16.2,Amazonia,AM,0,0,1
25.4,69.0,7.6,0.0,30,336.0,2.3,65.0,0.8,6.7,Amazonia,AM,0,0,1
25.4,69.0,7.6,0.0,30,325.6,2.3,65.0,0.8,14.7,Amazonia,AM,0,0,0
25.4,69.0,7.6,0.0,30,329.7,2.7,65.0,0.8,6.1,Amazonia,AM,0,0,0
25.4,69.0,7.6,0.0,30,326.3,2.7,65.0,0.8,19.1,Amazonia,AM,0,0,1
25.4,69.0,7.6,0.0,30,331.2,4.0,65.0,0.8,4.3,Amazonia,AM,0,0,0
25.4,69.0,7.6,0.0,30,328.1,7.7,65.0,0.8,16.6,Amazonia,AM,0,0,1
25.4,69.0,7.6,0.0,30,329.9,2.3,65.0,0.8,6.7,Amazonia,AM,0,0,1
25.4,69.0,7.6,0.0,30,335.0,3.1,65.0,0.8,20.1,Amazonia,??,0,0,1
25.4,69.0,7.6,0.0,30,331.9,3.9,65.0,0.5,13.0,Desconhecido,??,0,0,0
25.4,69.0,7.6,0.0,30,301.5,1.2,65.0,0.3,4.9,Caatinga,BA,0,0,0
25.4,69.0,7.6,0.0,30,300.7,1.7,65.0,0.3,7.4,Caatinga,BA,0,0,0
25.4,69.0,7.6,0.0,30,309.0,1.6,65.0,0.3,13.9,Caatinga,BA,0,0,0
25.4,69.0,7.6,0.0,30,298.7,1.5,65.0,0.3,15.3,Caatinga,BA,0,0,1
25.4,69.0,7.6,0.0,30,313.5,2.9,65.0,0.3,9.6,Caatinga,BA,0,0,1
25.4,69.0,7.6,0.0,30,302.6,1.5,65.0,0.3,10.2,Caatinga,BA,0,0,1
25.4,69.0,7.6,0.0,30,297.8,3.4,65.0,0.3,13.8,Caatinga,BA,0,0,1
25.4,69.0,7.6,0.0,30,310.9,3.1,65.0,0.7,10.7,Mata Atlantica,MG,0,0,0
25.4,69.0,7.6,0.0,30,309.8,3.5,65.0,0.7,3.5,Mata Atlantica,MG,0,0,0
25.4,69.0,7.6,0.0,30,332.5,3.1,65.0,0.7,5.9,Mata Atlantica,MG,0,0,0
25.4,69.0,7.6,0.0,30,343.0,3.5,65.0,0.7,11.2,Mata Atlantica,MG,0,0,1
25.4,69.0,7.6,0.0,30,309.1,5.4,65.0,0.7,16.1,Mata Atlantica,MG,0,0,0
25.4,69.0,7.6,0.0,30,328.1,3.1,65.0,0.7,18.1,Mata Atlantica,MG,0,0,0
25.4,69.0,7.6,0.0,30,343.4,3.5,65.0,0.7,13.9,Mata Atlantica,MG,0,0,1
25.4,69.0,7.6,0.0,30,341.7,5.4,65.0,0.7,11.4,Mata Atlantica,MG,0,0,0
25.4,69.0,7.6,0.0,30,327.3,8.8,65.0,0.7,13.7,Mata Atlantica,MG,0,0,0
25.4,69.0,7.6,0.0,30,308.2,1.5,65.0,0.7,6.7,Mata Atlantica,MG,0,0,1
25.4,69.0,7.6,0.0,30,301.0,0.9,65.0,0.7,9.2,Mata Atlantica,MG,0,0,0
25.4,69.0,7.6,0.0,30,301.8,0.9,65.0,0.7,5.9,Mata Atlantica,MG,0,0,0
25.4,69.0,7.6,0.0,30,312.3,1.5,65.0,0.7,3.8,Mata Atlantica,MG,0,0,0
25.4,69.0,7.6,0.0,30,313.5,3.8,65.0,0.7,11.7,Mata Atlantica,MG,0,0,1
25.4,69.0,7.6,0.0,30,313.0,2.1,65.0,0.7,10.9,Mata Atlantica,??,0,0,1
25.4,69.0,7.6,0.0,30,303.6,1.4,65.0,0.7,13.4,Mata Atlantica,??,0,0,0
25.4,69.0,7.6,0.0,30,313.5,1.4,65.0,0.7,12.7,Mata Atlantica,??,0,0,1
25.4,69.0,7.6,0.0,30,356.0,8.8,65.0,0.7,11.2,Mata Atlantica,??,0,0,1
25.4,69.0,7.6,0.0,30,344.7,8.8,65.0,0.7,12.8,Mata Atlantica,??,0,0,0
25.4,69.0,7.6,0.0,30,301.2,1.0,65.0,0.7,9.8,Mata Atlantica,MA,0,0,0
25.4,69.0,7.6,0.0,30,301.4,1.0,65.0,0.7,12.1,Mata Atlantica,MA,0,0,1
25.4,69.0,7.6,0.0,30,301.1,0.6,65.0,0.3,6.4,Caatinga,MA,0,0,1
25.4,69.0,7.6,0.0,30,310.4,0.9,65.0,0.3,11.8,Caatinga,MA,0,0,0
25.4,69.0,7.6,0.0,30,326.1,2.0,65.0,0.8,13.3,Amazonia,PA,0,0,0
25.4,69.0,7.6,0.0,30,312.4,0.6,65.0,0.8,6.7,Amazonia,PA,0,0,1
25.4,69.0,7.6,0.0,30,310.1,1.5,65.0,0.8,10.3,Amazonia,PA,0,0,0
25.4,69.0,7.6,0.0,30,318.3,1.5,65.0,0.8,6.9,Amazonia,PA,0,0,0
25.4,69.0,7.6,0.0,30,311.5,1.4,65.0,0.8,7.4,Amazonia,PA,0,0,0
25.4,69.0,7.6,0.0,30,312.0,1.5,65.0,0.8,4.4,Amazonia,PA,0,0,1
25.4,69.0,7.6,0.0,30,323.8,1.4,65.0,0.8,16.3,Amazonia,PA,0,0,1
25.4,69.0,7.6,0.0,30,322.2,1.5,65.0,0.8,15.3,Amazonia,PA,0,0,1
25.4,69.0,7.6,0.0,30,306.2,1.4,65.0,0.8,12.7,Amazonia,PA,0,0,0
25.4,69.0,7.6,0.0,30,309.4,1.5,65.0,0.7,19.9,Mata Atlantica,MA,0,0,1
25.4,69.0,7.6,0.0,30,308.8,2.9,65.0,0.7,9.1,Mata Atlantica,MA,0,0,0
25.4,69.0,7.6,0.0,30,306.5,2.9,65.0,0.7,25.2,Mata Atlantica,MA,0,0,0
25.4,69.0,7.6,0.0,30,320.8,2.9,65.0,0.7,8.9,Mata Atlantica,MA,0,0,0
25.4,69.0,7.6,0.0,30,341.5,2.9,65.0,0.7,11.3,Mata Atlantica,MA,0,0,1
25.4,69.0,7.6,0.0,30,323.3,4.6,65.0,0.7,8.0,Mata Atlantica,MA,0,0,0
25.4,69.0,7.6,0.0,30,325.4,2.5,65.0,0.7,11.9,Mata Atlantica,MA,0,0,0
25.4,69.0,7.6,0.0,30,317.4,1.7,65.0,0.7,14.2,Mata Atlantica,MA,0,0,0
25.4,69.0,7.6,0.0,30,300.4,1.3,65.0,0.7,9.4,Mata Atlantica,MA,0,0,0
25.4,69.0,7.6,0.0,30,306.8,1.9,65.0,0.7,18.9,Mata Atlantica,MA,0,0,0
25.4,69.0,7.6,0.0,30,303.0,0.9,65.0,0.7,11.2,Mata Atlantica,MA,0,0,1
25.4,69.0,7.6,0.0,30,301.9,2.2,65.0,0.7,11.4,Mata Atlantica,MA,0,0,0
25.4,69.0,7.6,0.0,30,308.2,1.3,65.0,0.7,5.5,Mata Atlantica,MA,0,0,0
25.4,69.0,7.6,0.0,30,301.5,1.7,65.0,0.7,12.1,Mata Atlantica,MA,0,0,1
25.4,69.0,7.6,0.0,30,304.5,1.0,65.0,0.8,9.3,Amazonia,PA,0,0,1
25.4,69.0,7.6,0.0,30,305.1,1.1,65.0,0.8,7.0,Amazonia,PA,0,0,1
25.4,69.0,7.6,0.0,30,311.3,1.3,65.0,0.8,6.1,Amazonia,PA,0,0,1
25.4,69.0,7.6,0.0,30,312.2,2.1,65.0,0.7,23.4,Mata Atlantica,MA,0,0,0
25.4,69.0,7.6,0.0,30,331.9,2.3,65.0,0.8,8.7,Amazonia,PA,0,0,1
25.4,69.0,7.6,0.0,30,325.4,3.7,65.0,0.8,2.7,Amazonia,PA,0,0,0
25.4,69.0,7.6,0.0,30,306.6,2.3,65.0,0.8,6.5,Amazonia,PA,0,0,0
25.4,69.0,7.6,0.0,30,346.7,15.5,65.0,0.3,9.7,Caatinga,MA,0,0,1
25.4,69.0,7.6,0.0,30,319.0,2.8,65.0,0.3,12.7,Caatinga,MA,0,0,0
25.4,69.0,7.6,0.0,30,314.2,2.0,65.0,0.3,12.8,Caatinga,MA,0,0,0
25.4,69.0,7.6,0.0,30,310.2,1.5,65.0,0.3,13.4,Caatinga,MA,0,0,0
25.4,69.0,7.6,0.0,30,302.4,1.0,65.0,0.3,6.8,Caatinga,MA,0,0,0
25.4,69.0,7.6,0.0,30,304.6,1.1,65.0,0.8,11.7,Amazonia,PA,0,0,0
25.4,69.0,7.6,0.0,30,337.5,13.8,65.0,0.7,5.6,Mata Atlantica,MA,0,0,1
25.4,69.0,7.6,0.0,30,347.7,13.8,65.0,0.7,6.9,Mata Atlantica,MA,0,0,1
25.4,69.0,7.6,0.0,30,340.7,3.9,65.0,0.7,5.4,Mata Atlantica,MA,0,0,0
25.4,69.0,7.6,0.0,30,318.5,3.9,65.0,0.7,4.1,Mata Atlantica,MA,0,0,0
25.4,69.0,7.6,0.0,30,312.1,1.9,65.0,0.7,15.3,Mata Atlantica,MA,0,0,0
25.4,69.0,7.6,0.0,30,314.2,1.3,65.0,0.8,13.4,Amazonia,AM,0,0,1
25.4,69.0,7.6,0.0,30,307.8,2.9,65.0,0.5,14.9,Cerrado,GO,0,0,0
25.4,69.0,7.6,0.0,30,298.8,2.3,65.0,0.7,10.2,Mata Atlantica,BA,0,0,0
25.4,69.0,7.6,0.0,30,297.1,1.6,65.0,0.7,13.9,Mata Atlantica,BA,0,0,0
25.4,69.0,7.6,0.0,30,310.7,1.3,65.0,0.5,1.2,Cerrado,MT,0,0,1
25.4,69.0,7.6,0.0,30,297.6,1.0,65.0,0.5,14.3,Cerrado,MT,0,0,1
25.4,69.0,7.6,0.0,30,307.1,1.1,65.0,0.5,10.9,Cerrado,MT,0,0,0
25.4,69.0,7.6,0.0,30,313.6,1.0,65.0,0.5,13.1,Cerrado,MT,0,0,0
25.4,69.0,7.6,0.0,30,315.9,1.1,65.0,0.5,11.9,Cerrado,MT,0,0,1
25.4,69.0,7.6,0.0,30,315.5,0.9,65.0,0.5,5.1,Cerrado,MT,0,0,0
25.4,69.0,7.6,0.0,30,295.2,0.5,65.0,0.5,2.5,Cerrado,MT,0,0,1
25.4,69.0,7.6,0.0,30,329.9,1.9,65.0,0.5,6.4,Cerrado,MT,0,0,0
25.4,69.0,7.6,0.0,30,300.6,1.9,65.0,0.5,12.8,Cerrado,MT,0,0,1
25.4,69.0,7.6,0.0,30,329.0,1.9,65.0,0.5,13.5,Cerrado,MT,0,0,0
25.4,69.0,7.6,0.0,30,310.3,1.4,65.0,0.5,3.2,Cerrado,MT,0,0,0
25.4,69.0,7.6,0.0,30,314.3,1.7,65.0,0.5,5.1,Cerrado,MT,0,0,0
25.4,69.0,7.6,0.0,30,310.5,1.4,65.0,0.5,6.4,Cerrado,MT,0,0,0
25.4,69.0,7.6,0.0,30,301.8,1.1,65.0,0.5,8.2,Cerrado,MT,0,0,1
25.4,69.0,7.6,0.0,30,300.7,1.5,65.0,0.5,3.2,Cerrado,MT,0,0,0
25.4,69.0,7.6,0.0,30,299.0,1.0,65.0,0.5,2.9,Cerrado,MT,0,0,1
25.4,69.0,7.6,0.0,30,302.7,0.5,65.0,0.5,5.9,Cerrado,MT,0,0,1
25.4,69.0,7.6,0.0,30,313.2,1.1,65.0,0.5,10.4,Cerrado,MT,0,0,0
25.4,69.0,7.6,0.0,30,309.9,1.8,65.0,0.5,4.1,Cerrado,MT,0,0,1
25.4,69.0,7.6,0.0,30,297.6,0.6,65.0,0.5,9.4,Cerrado,MT,0,0,1
25.4,69.0,7.6,0.0,30,313.4,2.3,65.0,0.5,15.3,Cerrado,MT,0,0,0
25.4,69.0,7.6,0.0,30,299.0,1.0,65.0,0.5,3.5,Cerrado,MT,0,0,1
25.4,69.0,7.6,0.0,30,308.0,1.4,65.0,0.5,9.0,Cerrado,MT,0,0,1
25.4,69.0,7.6,0.0,30,304.0,0.7,65.0,0.5,15.1,Cerrado,TO,0,0,0
25.4,69.0,7.6,0.0,30,305.8,0.6,65.0,0.5,7.9,Cerrado,TO,0,0,0
25.4,69.0,7.6,0.0,30,302.1,0.8,65.0,0.7,7.1,Mata Atlantica,TO,0,0,0
25.4,69.0,7.6,0.0,30,305.6,1.2,65.0,0.7,15.8,Mata Atlantica,TO,0,0,1
25.4,69.0,7.6,0.0,30,316.4,1.5,65.0,0.7,8.5,Mata Atlantica,TO,0,0,1
25.4,69.0,7.6,0.0,30,311.1,1.1,65.0,0.5,15.5,Cerrado,MT,0,0,0
25.4,69.0,7.6,0.0,30,299.9,0.9,65.0,0.7,12.1,Mata Atlantica,BA,0,0,0
25.4,69.0,7.6,0.0,30,304.4,0.9,65.0,0.7,8.3,Mata Atlantica,BA,0,0,0
25.4,69.0,7.6,0.0,30,298.8,0.9,65.0,0.7,12.4,Mata Atlantica,BA,0,0,0
25.4,69.0,7.6,0.0,30,305.0,2.2,65.0,0.7,11.6,Mata Atlantica,BA,0,0,0
25.4,69.0,7.6,0.0,30,316.8,2.2,65.0,0.7,15.1,Mata Atlantica,BA,0,0,0
25.4,69.0,7.6,0.0,30,323.1,3.1,65.0,0.7,7.3,Mata Atlantica,BA,0,0,0
25.4,69.0,7.6,0.0,30,306.3,0.8,65.0,0.7,10.2,Mata Atlantica,TO,0,0,1
25.4,69.0,7.6,0.0,30,304.0,0.8,65.0,0.7,9.7,Mata Atlantica,TO,0,0,0
25.4,69.0,7.6,0.0,30,302.3,0.8,65.0,0.7,13.5,Mata Atlantica,TO,0,0,0
25.4,69.0,7.6,0.0,30,304.6,0.8,65.0,0.7,4.9,Mata Atlantica,TO,0,0,0
25.4,69.0,7.6,0.0,30,301.3,0.6,65.0,0.3,15.1,Caatinga,BA,0,0,1
25.4,69.0,7.6,0.0,30,302.7,0.6,65.0,0.3,12.3,Caatinga,BA,0,0,1
25.4,69.0,7.6,0.0,30,308.0,1.1,65.0,0.3,3.4,Caatinga,BA,0,0,0
25.4,69.0,7.6,0.0,30,310.5,1.2,65.0,0.7,16.0,Mata Atlantica,TO,0,0,0
25.4,69.0,7.6,0.0,30,303.2,1.2,65.0,0.7,21.2,Mata Atlantica,TO,0,0,1
25.4,69.0,7.6,0.0,30,314.8,1.6,65.0,0.5,15.0,Cerrado,TO,0,0,1
25.4,69.0,7.6,0.0,30,307.8,1.5,65.0,0.7,17.1,Mata Atlantica,TO,0,0,0
25.4,69.0,7.6,0.0,30,301.0,0.8,65.0,0.5,10.4,Cerrado,MT,0,0,0
25.4,69.0,7.6,0.0,30,302.5,0.8,65.0,0.5,1.7,Cerrado,MT,0,0,0
25.4,69.0,7.6,0.0,30,301.9,0.7,65.0,0.5,0.8,Cerrado,MT,0,0,0
25.4,69.0,7.6,0.0,30,296.6,1.1,65.0,0.3,11.3,Caatinga,BA,0,0,0
25.4,69.0,7.6,0.0,30,303.5,1.1,65.0,0.3,7.0,Caatinga,BA,0,0,0
25.4,69.0,7.6,0.0,30,307.4,0.7,65.0,0.5,5.4,Cerrado,MT,0,0,0
25.4,69.0,7.6,0.0,30,315.4,1.3,65.0,0.5,9.7,Cerrado,MT,0,0,0
25.4,69.0,7.6,0.0,30,312.8,1.3,65.0,0.5,13.1,Cerrado,MT,0,0,0
25.4,69.0,7.6,0.0,30,311.2,0.8,65.0,0.5,2.7,Cerrado,MT,0,0,0
25.4,69.0,7.6,0.0,30,304.8,0.8,65.0,0.5,7.8,Cerrado,MT,0,0,0
25.4,69.0,7.6,0.0,30,301.5,1.2,65.0,0.5,17.5,Cerrado,MT,0,0,1
25.4,69.0,7.6,0.0,30,306.0,1.2,65.0,0.5,4.6,Cerrado,MT,0,0,1
25.4,69.0,7.6,0.0,30,300.1,1.3,65.0,0.7,14.3,Mata Atlantica,BA,0,0,0
25.4,69.0,7.6,0.0,30,307.6,1.0,65.0,0.7,7.6,Mata Atlantica,BA,0,0,0
25.4,69.0,7.6,0.0,30,298.6,1.0,65.0,0.7,12.7,Mata Atlantica,BA,0,0,0
25.4,69.0,7.6,0.0,30,319.4,1.8,65.0,0.5,15.5,Cerrado,MT,0,0,0
25.4,69.0,7.6,0.0,30,311.3,1.8,65.0,0.5,13.7,Cerrado,MT,0,0,0
25.4,69.0,7.6,0.0,30,295.4,1.8,65.0,0.5,14.5,Cerrado,MT,0,0,0
25.4,69.0,7.6,0.0,30,302.6,1.5,65.0,0.5,4.2,Cerrado,MT,0,0,0
25.4,69.0,7.6,0.0,30,309.6,1.4,65.0,0.5,15.6,Cerrado,MT,0,0,1
25.4,69.0,7.6,0.0,30,343.3,5.6,65.0,0.7,5.7,Mata Atlantica,TO,0,0,1
25.4,69.0,7.6,0.0,30,354.1,10.2,65.0,0.7,11.3,Mata Atlantica,TO,0,0,0
25.4,69.0,7.6,0.0,30,321.5,10.2,65.0,0.7,11.3,Mata Atlantica,TO,0,0,0
25.4,69.0,7.6,0.0,30,351.9,7.5,65.0,0.7,12.4,Mata Atlantica,TO,0,0,0
25.4,69.0,7.6,0.0,30,367.0,18.3,95.0,0.7,11.7,Mata Atlantica,TO,0,0,0
25.4,69.0,7.6,0.0,30,367.0,18.3,95.0,0.7,5.8,Mata Atlantica,TO,0,0,0
25.4,69.0,7.6,0.0,30,311.3,5.7,65.0,0.7,3.3,Mata Atlantica,TO,0,0,1
25.4,69.0,7.6,0.0,30,325.6,7.5,65.0,0.7,14.4,Mata Atlantica,TO,0,0,0
25.4,69.0,7.6,0.0,30,342.6,18.3,65.0,0.7,10.9,Mata Atlantica,TO,0,0,0
25.4,69.0,7.6,0.0,30,356.6,18.3,65.0,0.7,15.7,Mata Atlantica,TO,0,0,0
25.4,69.0,7.6,0.0,30,330.8,5.7,65.0,0.7,9.8,Mata Atlantica,TO,0,0,0
25.4,69.0,7.6,0.0,30,304.0,1.4,65.0,0.7,3.0,Mata Atlantica,TO,0,0,1
25.4,69.0,7.6,0.0,30,324.3,2.7,65.0,0.7,14.8,Mata Atlantica,TO,0,0,0
25.4,69.0,7.6,0.0,30,339.2,2.7,65.0,0.7,8.1,Mata Atlantica,TO,0,0,1
25.4,69.0,7.6,0.0,30,311.3,0.8,65.0,0.7,11.7,Mata Atlantica,TO,0,0,1
25.4,69.0,7.6,0.0,30,320.3,2.7,65.0,0.7,6.8,Mata Atlantica,TO,0,0,0
25.4,69.0,7.6,0.0,30,305.1,0.9,65.0,0.5,18.2,Cerrado,MT,0,0,0
25.4,69.0,7.6,0.0,30,308.4,2.3,65.0,0.5,5.6,Cerrado,MT,0,0,1
25.4,69.0,7.6,0.0,30,309.5,2.1,65.0,0.5,8.3,Cerrado,MT,0,0,0
25.4,69.0,7.6,0.0,30,304.2,1.1,65.0,0.5,10.5,Cerrado,MT,0,0,1
25.4,69.0,7.6,0.0,30,328.7,2.0,65.0,0.5,4.5,Cerrado,MT,0,0,0
25.4,69.0,7.6,0.0,30,302.0,0.9,65.0,0.5,11.7,Cerrado,MT,0,0,1
25.4,69.0,7.6,0.0,30,309.4,0.9,65.0,0.5,18.1,Cerrado,MT,0,0,0
25.4,69.0,7.6,0.0,30,298.5,2.0,65.0,0.5,7.5,Cerrado,MT,0,0,1
25.4,69.0,7.6,0.0,30,329.3,2.3,65.0,0.5,12.0,Cerrado,MT,0,0,1
25.4,69.0,7.6,0.0,30,302.1,0.9,65.0,0.5,0.0,Cerrado,MT,0,0,1
25.4,69.0,7.6,0.0,30,305.6,1.8,65.0,0.5,9.8,Cerrado,MT,0,0,1
25.4,69.0,7.6,0.0,30,302.2,2.8,65.0,0.5,8.4,Cerrado,MT,0,0,1
25.4,69.0,7.6,0.0,30,300.4,1.7,65.0,0.5,5.9,Cerrado,MT,0,0,1
25.4,69.0,7.6,0.0,30,309.5,1.8,65.0,0.5,15.4,Cerrado,MT,0,0,1
25.4,69.0,7.6,0.0,30,307.8,1.8,65.0,0.5,8.4,Cerrado,MT,0,0,0
25.4,69.0,7.6,0.0,30,314.0,1.7,65.0,0.5,9.1,Cerrado,MT,0,0,0
25.4,69.0,7.6,0.0,30,319.7,2.4,65.0,0.5,8.1,Cerrado,MT,0,0,1
25.4,69.0,7.6,0.0,30,304.6,1.0,65.0,0.5,0.4,Cerrado,MT,0,0,0
25.4,69.0,7.6,0.0,30,302.8,1.0,65.0,0.5,4.3,Cerrado,MT,0,0,0
25.4,69.0,7.6,0.0,30,321.1,2.7,65.0,0.5,14.8,Cerrado,MT,0,0,1
25.4,69.0,7.6,0.0,30,306.3,0.8,65.0,0.5,0.0,Cerrado,MT,0,0,0
25.4,69.0,7.6,0.0,30,300.2,0.7,65.0,0.5,6.2,Cerrado,MT,0,0,0
25.4,69.0,7.6,0.0,30,303.2,0.8,65.0,0.5,8.0,Cerrado,MT,0,0,1
25.4,69.0,7.6,0.0,30,313.0,2.3,65.0,0.5,18.7,Cerrado,MT,0,0,1
25.4,69.0,7.6,0.0,30,301.1,0.7,65.0,0.7,13.8,Mata Atlantica,TO,0,0,0
25.4,69.0,7.6,0.0,30,302.0,0.7,65.0,0.7,7.2,Mata Atlantica,TO,0,0,1
25.4,69.0,7.6,0.0,30,302.0,0.8,65.0,0.5,16.5,Cerrado,TO,0,0,0
25.4,69.0,7.6,0.0,30,312.3,1.5,65.0,0.5,6.3,Cerrado,TO,0,0,0
25.4,69.0,7.6,0.0,30,306.0,0.8,65.0,0.5,15.0,Cerrado,TO,0,0,1
25.4,69.0,7.6,0.0,30,341.0,7.9,65.0,0.7,3.2,Mata Atlantica,BA,0,0,0
25.4,69.0,7.6,0.0,30,308.8,1.6,65.0,0.7,15.4,Mata Atlantica,TO,0,0,0
25.4,69.0,7.6,0.0,30,303.1,0.8,65.0,0.7,8.0,Mata Atlantica,TO,0,0,1
25.4,69.0,7.6,0.0,30,304.9,0.8,65.0,0.5,4.9,Cerrado,MT,0,0,0
25.4,69.0,7.6,0.0,30,302.7,0.9,65.0,0.5,8.9,Cerrado,MT,0,0,0
25.4,69.0,7.6,0.0,30,303.0,0.8,65.0,0.5,11.4,Cerrado,MT,0,0,0
25.4,69.0,7.6,0.0,30,303.2,1.0,65.0,0.5,7.5,Cerrado,MT,0,0,1
25.4,69.0,7.6,0.0,30,311.6,1.7,65.0,0.7,12.8,Mata Atlantica,TO,0,0,0
25.4,69.0,7.6,0.0,30,304.3,1.4,65.0,0.7,7.1,Mata Atlantica,TO,0,0,0
25.4,69.0,7.6,0.0,30,312.5,1.7,65.0,0.7,13.1,Mata Atlantica,TO,0,0,0
25.4,69.0,7.6,0.0,30,329.6,3.1,65.0,0.7,12.2,Mata Atlantica,TO,0,0,0
25.4,69.0,7.6,0.0,30,314.8,2.5,65.0,0.5,9.7,Cerrado,MT,0,0,1
25.4,69.0,7.6,0.0,30,313.6,1.9,65.0,0.5,7.8,Cerrado,TO,0,0,0
25.4,69.0,7.6,0.0,30,328.6,2.4,65.0,0.5,10.8,Cerrado,TO,0,0,0
25.4,69.0,7.6,0.0,30,306.9,1.3,65.0,0.5,12.8,Cerrado,TO,0,0,0
25.4,69.0,7.6,0.0,30,310.0,1.1,65.0,0.5,20.3,Cerrado,TO,0,0,0
25.4,69.0,7.6,0.0,30,313.3,1.1,65.0,0.5,14.7,Cerrado,TO,0,0,0
25.4,69.0,7.6,0.0,30,302.8,0.8,65.0,0.7,14.9,Mata Atlantica,TO,0,0,0
25.4,69.0,7.6,0.0,30,320.6,1.8,65.0,0.7,25.4,Mata Atlantica,TO,0,0,0
25.4,69.0,7.6,0.0,30,319.3,2.0,65.0,0.7,12.6,Mata Atlantica,TO,0,0,0
25.4,69.0,7.6,0.0,30,302.6,1.3,65.0,0.7,12.4,Mata Atlantica,TO,0,0,0
25.4,69.0,7.6,0.0,30,308.7,1.8,65.0,0.7,13.5,Mata Atlantica,TO,0,0,0
25.4,69.0,7.6,0.0,30,314.1,1.6,65.0,0.5,5.0,Cerrado,MT,0,0,1
25.4,69.0,7.6,0.0,30,306.3,1.4,65.0,0.5,7.8,Cerrado,TO,0,0,0
25.4,69.0,7.6,0.0,30,303.3,0.5,65.0,0.5,7.5,Cerrado,MT,0,0,0
25.4,69.0,7.6,0.0,30,322.0,2.3,65.0,0.5,13.2,Cerrado,MT,0,0,1
25.4,69.0,7.6,0.0,30,329.5,2.6,65.0,0.5,9.1,Cerrado,MT,0,0,1
25.4,69.0,7.6,0.0,30,333.5,2.6,65.0,0.5,10.7,Cerrado,MT,0,0,0
25.4,69.0,7.6,0.0,30,328.8,3.4,65.0,0.5,15.4,Cerrado,MT,0,0,0
25.4,69.0,7.6,0.0,30,304.8,0.4,65.0,0.5,14.3,Cerrado,MT,0,0,0
25.4,69.0,7.6,0.0,30,303.1,0.4,65.0,0.5,9.2,Cerrado,MT,0,0,1
25.4,69.0,7.6,0.0,30,305.7,0.4,65.0,0.5,6.7,Cerrado,MT,0,0,0
25.4,69.0,7.6,0.0,30,307.3,0.9,65.0,0.5,15.7,Cerrado,MT,0,0,1
25.4,69.0,7.6,0.0,30,306.0,0.8,65.0,0.5,13.9,Cerrado,MT,0,0,1
25.4,69.0,7.6,0.0,30,309.7,0.7,65.0,0.8,2.0,Amazonia,PA,0,0,0
25.4,69.0,7.6,0.0,30,309.2,0.8,65.0,0.8,8.4,Amazonia,AM,0,0,1
25.4,69.0,7.6,0.0,30,301.7,0.8,65.0,0.8,10.8,Amazonia,AM,0,0,1
25.4,69.0,7.6,0.0,30,304.0,0.8,65.0,0.8,13.9,Amazonia,AM,0,0,0
25.4,69.0,7.6,0.0,30,305.9,0.9,65.0,0.8,14.6,Amazonia,PA,0,0,1
25.4,69.0,7.6,0.0,30,309.9,1.0,65.0,0.8,11.4,Amazonia,PA,0,0,0
25.4,69.0,7.6,0.0,30,304.8,1.0,65.0,0.8,12.9,Amazonia,PA,0,0,1
25.4,69.0,7.6,0.0,30,312.3,1.7,65.0,0.8,10.3,Amazonia,PA,0,0,0
25.4,69.0,7.6,0.0,30,352.3,7.1,65.0,0.8,6.6,Amazonia,PA,0,0,0
25.4,69.0,7.6,0.0,30,306.1,0.9,65.0,0.8,8.7,Amazonia,PA,0,0,0
25.4,69.0,7.6,0.0,30,312.3,1.6,65.0,0.8,10.1,Amazonia,PA,0,0,0
25.4,69.0,7.6,0.0,30,304.4,1.2,65.0,0.8,9.8,Amazonia,PA,0,0,0
25.4,69.0,7.6,0.0,30,316.7,1.2,65.0,0.8,0.6,Amazonia,PA,0,0,0
25.4,69.0,7.6,0.0,30,305.4,0.8,65.0,0.8,8.0,Amazonia,PA,0,0,0
25.4,69.0,7.6,0.0,30,322.0,2.2,65.0,0.8,10.3,Amazonia,PA,0,0,0
25.4,69.0,7.6,0.0,30,311.0,2.4,65.0,0.8,8.6,Amazonia,PA,0,0,1
25.4,69.0,7.6,0.0,30,307.8,1.6,65.0,0.8,8.8,Amazonia,PA,0,0,1
25.4,69.0,7.6,0.0,30,303.4,1.1,65.0,0.8,12.4,Amazonia,PA,0,0,0
25.4,69.0,7.6,0.0,30,304.5,1.3,65.0,0.8,4.6,Amazonia,PA,0,0,0
25.4,69.0,7.6,0.0,30,310.7,1.3,65.0,0.8,1.9,Amazonia,PA,0,0,0
25.4,69.0,7.6,0.0,30,308.1,1.1,65.0,0.8,8.3,Amazonia,PA,0,0,1
25.4,69.0,7.6,0.0,30,314.0,1.8,65.0,0.8,13.8,Amazonia,PA,0,0,0
25.4,69.0,7.6,0.0,30,312.2,2.2,65.0,0.8,18.4,Amazonia,PA,0,0,0
25.4,69.0,7.6,0.0,30,302.4,0.5,65.0,0.8,13.9,Amazonia,PA,0,0,0
25.4,69.0,7.6,0.0,30,315.3,3.3,65.0,0.8,2.7,Amazonia,PA,0,0,0
25.4,69.0,7.6,0.0,30,337.5,3.3,65.0,0.8,8.8,Amazonia,PA,0,0,1
25.4,69.0,7.6,0.0,30,302.3,1.9,65.0,0.8,11.3,Amazonia,PA,0,0,0
25.4,69.0,7.6,0.0,30,300.6,1.1,65.0,0.8,10.9,Amazonia,PA,0,0,1
25.4,69.0,7.6,0.0,30,310.4,1.9,65.0,0.8,12.7,Amazonia,PA,0,0,1
25.4,69.0,7.6,0.0,30,329.1,1.9,65.0,0.8,5.4,Amazonia,PA,0,0,1
25.4,69.0,7.6,0.0,30,302.6,1.1,65.0,0.8,10.3,Amazonia,PA,0,0,0
25.4,69.0,7.6,0.0,30,309.0,3.4,65.0,0.8,12.1,Amazonia,PA,0,0,0
25.4,69.0,7.6,0.0,30,342.8,3.4,65.0,0.8,14.1,Amazonia,PA,0,0,0
25.4,69.0,7.6,0.0,30,309.8,2.0,65.0,0.8,6.0,Amazonia,PA,0,0,1
25.4,69.0,7.6,0.0,30,311.3,1.1,65.0,0.8,8.3,Amazonia,PA,0,0,0
25.4,69.0,7.6,0.0,30,308.6,0.8,65.0,0.8,0.0,Amazonia,PA,0,0,1
25.4,69.0,7.6,0.0,30,301.4,0.8,65.0,0.8,6.9,Amazonia,PA,0,0,0
25.4,69.0,7.6,0.0,30,313.6,1.6,65.0,0.8,7.4,Amazonia,PA,0,0,1
25.4,69.0,7.6,0.0,30,307.6,1.1,65.0,0.8,4.9,Amazonia,PA,0,0,0
25.4,69.0,7.6,0.0,30,310.2,1.2,65.0,0.8,10.8,Amazonia,PA,0,0,0
25.4,69.0,7.6,0.0,30,313.0,1.7,65.0,0.8,9.7,Amazonia,PA,0,0,0
25.4,69.0,7.6,0.0,30,317.6,1.8,65.0,0.8,0.0,Amazonia,AM,0,0,1
25.4,69.0,7.6,0.0,30,315.7,1.1,65.0,0.8,11.1,Amazonia,AM,0,0,1
25.4,69.0,7.6,0.0,30,317.0,1.7,65.0,0.8,5.4,Amazonia,PA,0,0,0
25.4,69.0,7.6,0.0,30,303.3,0.8,65.0,0.8,12.4,Amazonia,PA,0,0,1
25.4,69.0,7.6,0.0,30,304.6,0.6,65.0,0.8,3.6,Amazonia,PA,0,0,0
25.4,69.0,7.6,0.0,30,303.9,1.5,65.0,0.3,10.2,Caatinga,CE,0,0,1
25.4,69.0,7.6,0.0,30,297.5,1.5,65.0,0.3,8.6,Caatinga,CE,0,0,0
25.4,69.0,7.6,0.0,30,305.8,1.6,65.0,0.5,11.5,Cerrado,MG,0,0,0
25.4,69.0,7.6,0.0,30,310.6,1.3,65.0,0.5,10.6,Cerrado,MG,0,0,0
25.4,69.0,7.6,0.0,30,299.9,1.1,65.0,0.7,8.7,Mata Atlantica,MG,0,0,0
25.4,69.0,7.6,0.0,30,314.6,2.3,65.0,0.7,2.3,Mata Atlantica,MG,0,0,1
25.4,69.0,7.6,0.0,30,298.1,1.7,65.0,0.5,2.6,Cerrado,MG,0,0,0
25.4,69.0,7.6,0.0,30,306.6,0.7,65.0,0.5,7.1,Cerrado,MS,0,0,0
25.4,69.0,7.6,0.0,30,305.3,1.2,65.0,0.5,10.0,Cerrado,MS,0,0,0
25.4,69.0,7.6,0.0,30,319.0,1.2,65.0,0.5,7.0,Cerrado,MS,0,0,1
25.4,69.0,7.6,0.0,30,315.7,1.5,65.0,0.5,13.1,Cerrado,MG,0,0,1
25.4,69.0,7.6,0.0,30,299.6,1.5,65.0,0.5,8.6,Cerrado,MG,0,0,0
25.4,69.0,7.6,0.0,30,303.7,1.0,65.0,0.5,5.2,Cerrado,MG,0,0,0
25.4,69.0,7.6,0.0,30,297.2,1.4,65.0,0.5,8.6,Cerrado,??,0,0,1
25.4,69.0,7.6,0.0,30,303.6,1.4,65.0,0.5,11.1,Cerrado,??,0,0,1
25.4,69.0,7.6,0.0,30,301.4,1.1,65.0,0.5,11.6,Cerrado,MG,0,0,0
25.4,69.0,7.6,0.0,30,303.2,1.3,65.0,0.5,19.4,Cerrado,MS,0,0,0
25.4,69.0,7.6,0.0,30,299.3,1.2,65.0,0.7,6.7,Mata Atlantica,MG,0,0,0
25.4,69.0,7.6,0.0,30,299.8,1.2,65.0,0.7,9.6,Mata Atlantica,MG,0,0,0
25.4,69.0,7.6,0.0,30,325.7,8.4,65.0,0.5,12.1,Desconhecido,??,0,0,0
25.4,69.0,7.6,0.0,30,324.3,3.4,65.0,0.5,9.9,Desconhecido,??,0,0,0
25.4,69.0,7.6,0.0,30,367.0,8.4,95.0,0.5,7.5,Desconhecido,??,0,0,1
25.4,69.0,7.6,0.0,30,307.3,1.2,65.0,0.5,2.3,Cerrado,MS,0,0,0
25.4,69.0,7.6,0.0,30,304.8,2.1,65.0,0.7,7.4,Mata Atlantica,MG,0,0,0
25.4,69.0,7.6,0.0,30,315.7,3.1,65.0,0.7,4.6,Mata Atlantica,MG,0,0,0
25.4,69.0,7.6,0.0,30,312.3,3.1,65.0,0.7,1.4,Mata Atlantica,MG,0,0,1
25.4,69.0,7.6,0.0,30,317.6,2.4,65.0,0.7,6.0,Mata Atlantica,MG,0,0,0
25.4,69.0,7.6,0.0,30,309.7,3.5,65.0,0.7,4.8,Mata Atlantica,MG,0,0,1
25.4,69.0,7.6,0.0,30,312.1,3.1,65.0,0.7,12.9,Mata Atlantica,MG,0,0,0
25.4,69.0,7.6,0.0,30,319.7,3.1,65.0,0.7,13.0,Mata Atlantica,MG,0,0,0
25.4,69.0,7.6,0.0,30,303.7,2.4,65.0,0.7,5.5,Mata Atlantica,MG,0,0,0
25.4,69.0,7.6,0.0,30,304.6,2.4,65.0,0.7,8.7,Mata Atlantica,MG,0,0,0
25.4,69.0,7.6,0.0,30,300.8,3.5,65.0,0.7,0.7,Mata Atlantica,MG,0,0,0
25.4,69.0,7.6,0.0,30,311.5,2.6,65.0,0.7,7.5,Mata Atlantica,MG,0,0,1
25.4,69.0,7.6,0.0,30,298.4,2.9,65.0,0.7,12.0,Mata Atlantica,MG,0,0,0
25.4,69.0,7.6,0.0,30,304.0,2.5,65.0,0.7,14.1,Mata Atlantica,MG,0,0,0
25.4,69.0,7.6,0.0,30,302.3,1.0,65.0,0.5,6.4,Cerrado,MG,0,0,1
25.4,69.0,7.6,0.0,30,316.8,3.4,65.0,0.5,15.3,Desconhecido,??,0,0,0
25.4,69.0,7.6,0.0,30,325.1,3.2,65.0,0.5,2.4,Desconhecido,??,0,0,1
25.4,69.0,7.6,0.0,30,303.5,0.9,65.0,0.5,3.8,Desconhecido,??,0,0,0
25.4,69.0,7.6,0.0,30,307.1,1.5,65.0,0.7,13.5,Mata Atlantica,MG,0,0,0
25.4,69.0,7.6,0.0,30,299.7,0.3,65.0,0.7,18.4,Mata Atlantica,MG,0,0,0
25.4,69.0,7.6,0.0,30,326.5,2.6,65.0,0.5,12.5,Cerrado,MS,0,0,0
25.4,69.0,7.6,0.0,30,328.6,2.6,65.0,0.5,9.8,Cerrado,MS,0,0,1
25.4,69.0,7.6,0.0,30,304.1,2.6,65.0,0.5,0.0,Cerrado,MS,0,0,1
25.4,69.0,7.6,0.0,30,304.3,1.0,65.0,0.7,0.0,Mata Atlantica,MG,0,0,0
25.4,69.0,7.6,0.0,30,300.8,0.5,65.0,0.7,10.6,Mata Atlantica,MG,0,0,1
25.4,69.0,7.6,0.0,30,300.2,0.5,65.0,0.7,8.2,Mata Atlantica,MG,0,0,0
25.4,69.0,7.6,0.0,30,319.6,2.1,65.0,0.7,4.5,Mata Atlantica,GO,0,0,0
25.4,69.0,7.6,0.0,30,302.0,0.5,65.0,0.7,10.3,Mata Atlantica,GO,0,0,1
25.4,69.0,7.6,0.0,30,298.6,0.9,65.0,0.7,10.6,Mata Atlantica,GO,0,0,0
25.4,69.0,7.6,0.0,30,322.4,5.7,65.0,0.5,14.7,Cerrado,??,0,0,1
25.4,69.0,7.6,0.0,30,358.1,5.7,65.0,0.5,10.7,Cerrado,??,0,0,1
25.4,69.0,7.6,0.0,30,309.3,4.0,65.0,0.5,16.1,Cerrado,??,0,0,1
25.4,69.0,7.6,0.0,30,326.0,5.7,65.0,0.5,10.0,Cerrado,??,0,0,0
25.4,69.0,7.6,0.0,30,331.3,5.7,65.0,0.5,9.4,Cerrado,??,0,0,0
25.4,69.0,7.6,0.0,30,318.2,4.0,65.0,0.5,15.3,Cerrado,??,0,0,1
25.4,69.0,7.6,0.0,30,300.9,0.8,65.0,0.5,5.1,Cerrado,??,0,0,1
25.4,69.0,7.6,0.0,30,345.2,14.8,65.0,0.5,24.1,Cerrado,??,0,0,1
25.4,69.0,7.6,0.0,30,346.3,14.8,65.0,0.5,11.9,Cerrado,??,0,0,0
25.4,69.0,7.6,0.0,30,303.0,1.7,65.0,0.5,11.9,Cerrado,??,0,0,0
25.4,69.0,7.6,0.0,30,310.4,1.7,65.0,0.5,12.6,Cerrado,??,0,0,0
25.4,69.0,7.6,0.0,30,321.2,1.7,65.0,0.5,19.4,Cerrado,??,0,0,1
25.4,69.0,7.6,0.0,30,343.4,6.3,65.0,0.5,14.0,Cerrado,??,0,0,1
25.4,69.0,7.6,0.0,30,327.0,4.4,65.0,0.5,2.0,Cerrado,??,0,0,0
25.4,69.0,7.6,0.0,30,301.5,1.2,65.0,0.5,17.0,Cerrado,??,0,0,0
25.4,69.0,7.6,0.0,30,309.8,1.2,65.0,0.5,8.3,Cerrado,??,0,0,0
25.4,69.0,7.6,0.0,30,324.1,4.3,65.0,0.5,10.5,Cerrado,??,0,0,0
25.4,69.0,7.6,0.0,30,314.1,4.3,65.0,0.5,3.6,Cerrado,??,0,0,0
25.4,69.0,7.6,0.0,30,347.4,9.5,65.0,0.5,12.6,Cerrado,??,0,0,0
25.4,69.0,7.6,0.0,30,329.9,4.4,65.0,0.5,6.7,Cerrado,??,0,0,1
25.4,69.0,7.6,0.0,30,344.5,9.5,65.0,0.5,10.5,Cerrado,??,0,0,1
25.4,69.0,7.6,0.0,30,348.4,4.3,65.0,0.5,8.6,Cerrado,??,0,0,0
25.4,69.0,7.6,0.0,30,301.8,4.3,65.0,0.5,19.6,Cerrado,??,0,0,1
25.4,69.0,7.6,0.0,30,317.0,2.7,65.0,0.5,19.9,Cerrado,??,0,0,0
25.4,69.0,7.6,0.0,30,327.2,6.8,65.0,0.5,10.2,Cerrado,??,0,0,1
25.4,69.0,7.6,0.0,30,329.9,6.8,65.0,0.5,10.3,Cerrado,??,0,0,0
25.4,69.0,7.6,0.0,30,346.3,6.8,65.0,0.5,8.1,Cerrado,??,0,0,1
25.4,69.0,7.6,0.0,30,329.9,6.8,65.0,0.5,15.5,Cerrado,??,0,0,0
25.4,69.0,7.6,0.0,30,311.1,1.5,65.0,0.5,8.4,Cerrado,??,0,0,0
25.4,69.0,7.6,0.0,30,347.0,7.8,65.0,0.5,7.9,Cerrado,??,0,0,0
25.4,69.0,7.6,0.0,30,314.5,7.8,65.0,0.5,14.9,Cerrado,??,0,0,0
25.4,69.0,7.6,0.0,30,332.0,4.8,65.0,0.5,7.3,Cerrado,??,0,0,1
25.4,69.0,7.6,0.0,30,351.0,7.8,65.0,0.5,9.8,Cerrado,??,0,0,0
25.4,69.0,7.6,0.0,30,330.2,4.2,65.0,0.5,2.1,Cerrado,??,0,0,1
25.4,69.0,7.6,0.0,30,313.0,2.7,65.0,0.5,13.5,Cerrado,??,0,0,1
25.4,69.0,7.6,0.0,30,352.6,6.5,65.0,0.5,19.7,Cerrado,??,0,0,0
25.4,69.0,7.6,0.0,30,345.1,6.5,65.0,0.5,13.6,Cerrado,??,0,0,1
25.4,69.0,7.6,0.0,30,310.2,6.5,65.0,0.5,17.3,Cerrado,??,0,0,0
25.4,69.0,7.6,0.0,30,328.3,6.2,65.0,0.5,5.8,Cerrado,MS,0,0,0
25.4,69.0,7.6,0.0,30,302.5,4.0,65.0,0.5,11.2,Cerrado,MS,0,0,0
25.4,69.0,7.6,0.0,30,344.4,6.2,65.0,0.5,5.3,Cerrado,MS,0,0,0
25.4,69.0,7.6,0.0,30,331.0,4.0,65.0,0.5,8.9,Cerrado,MS,0,0,0
25.4,69.0,7.6,0.0,30,329.5,1.5,65.0,0.5,13.9,Cerrado,MS,0,0,0
25.4,69.0,7.6,0.0,30,303.6,1.1,65.0,0.5,10.5,Cerrado,MS,0,0,0
25.4,69.0,7.6,0.0,30,313.9,1.1,65.0,0.5,2.9,Cerrado,MS,0,0,1
25.4,69.0,7.6,0.0,30,325.5,5.2,65.0,0.5,3.4,Desconhecido,??,0,0,1
25.4,69.0,7.6,0.0,30,329.2,7.0,65.0,0.5,3.1,Desconhecido,??,0,0,1
25.4,69.0,7.6,0.0,30,308.5,0.8,65.0,0.5,12.5,Cerrado,??,0,0,0
25.4,69.0,7.6,0.0,30,316.1,1.0,65.0,0.5,20.3,Cerrado,MS,0,0,0
25.4,69.0,7.6,0.0,30,300.4,0.8,65.0,0.5,16.8,Cerrado,??,0,0,0
25.4,69.0,7.6,0.0,30,311.2,0.8,65.0,0.5,0.5,Cerrado,??,0,0,1
25.4,69.0,7.6,0.0,30,327.2,2.8,65.0,0.5,17.1,Cerrado,??,0,0,0
25.4,69.0,7.6,0.0,30,322.8,2.8,65.0,0.5,14.7,Cerrado,??,0,0,0
25.4,69.0,7.6,0.0,30,310.8,1.1,65.0,0.5,2.3,Cerrado,??,0,0,1
25.4,69.0,7.6,0.0,30,303.4,0.6,65.0,0.5,8.5,Cerrado,??,0,0,1
25.4,69.0,7.6,0.0,30,304.7,3.1,65.0,0.5,15.5,Cerrado,??,0,0,1
25.4,69.0,7.6,0.0,30,314.7,2.4,65.0,0.5,12.8,Cerrado,??,0,0,1
25.4,69.0,7.6,0.0,30,342.1,3.1,65.0,0.5,3.5,Cerrado,??,0,0,1
25.4,69.0,7.6,0.0,30,300.6,0.6,65.0,0.5,13.1,Cerrado,??,0,0,0
25.4,69.0,7.6,0.0,30,306.3,0.9,65.0,0.5,0.0,Cerrado,??,0,0,0
25.4,69.0,7.6,0.0,30,306.2,0.6,65.0,0.5,8.9,Cerrado,??,0,0,0
25.4,69.0,7.6,0.0,30,306.1,0.9,65.0,0.5,15.7,Cerrado,??,0,0,1
25.4,69.0,7.6,0.0,30,311.5,1.4,65.0,0.5,10.1,Cerrado,??,0,0,0
25.4,69.0,7.6,0.0,30,325.0,2.4,65.0,0.5,7.5,Cerrado,??,0,0,0
25.4,69.0,7.6,0.0,30,313.1,0.8,65.0,0.5,14.4,Cerrado,??,0,0,0
25.4,69.0,7.6,0.0,30,302.7,0.8,65.0,0.5,14.9,Cerrado,??,0,0,0
25.4,69.0,7.6,0.0,30,313.3,1.7,65.0,0.5,16.6,Cerrado,??,0,0,1
25.4,69.0,7.6,0.0,30,309.5,1.0,65.0,0.5,14.4,Cerrado,??,0,0,1
25.4,69.0,7.6,0.0,30,312.7,1.4,65.0,0.5,15.4,Cerrado,??,0,0,0
25.4,69.0,7.6,0.0,30,312.1,1.1,65.0,0.5,13.7,Cerrado,??,0,0,1
25.4,69.0,7.6,0.0,30,307.8,1.1,65.0,0.5,11.3,Cerrado,??,0,0,0
25.4,69.0,7.6,0.0,30,311.8,2.0,65.0,0.5,10.4,Desconhecido,MT,0,0,0
25.4,69.0,7.6,0.0,30,318.5,3.3,65.0,0.5,8.8,Desconhecido,??,0,0,1
25.4,69.0,7.6,0.0,30,305.9,2.0,65.0,0.5,3.9,Desconhecido,??,0,0,0
25.4,69.0,7.6,0.0,30,304.8,2.4,65.0,0.5,5.2,Desconhecido,MT,0,0,0
25.4,69.0,7.6,0.0,30,323.7,4.4,65.0,0.5,8.6,Desconhecido,??,0,0,0
25.4,69.0,7.6,0.0,30,321.4,2.4,65.0,0.5,11.2,Desconhecido,??,0,0,0
25.4,69.0,7.6,0.0,30,318.4,2.1,65.0,0.5,17.2,Desconhecido,??,0,0,1
25.4,69.0,7.6,0.0,30,322.1,1.5,65.0,0.5,9.8,Desconhecido,??,0,0,1
25.4,69.0,7.6,0.0,30,306.0,1.5,65.0,0.5,15.0,Desconhecido,??,0,0,0
25.4,69.0,7.6,0.0,30,300.7,0.6,65.0,0.5,15.4,Desconhecido,??,0,0,0
25.4,69.0,7.6,0.0,30,308.4,0.7,65.0,0.5,8.8,Cerrado,MT,0,0,0
25.4,69.0,7.6,0.0,30,321.6,2.7,65.0,0.5,13.0,Cerrado,MT,0,0,0
25.4,69.0,7.6,0.0,30,318.2,2.7,65.0,0.5,8.8,Cerrado,MT,0,0,1
25.4,69.0,7.6,0.0,30,321.5,2.7,65.0,0.5,16.6,Cerrado,MT,0,0,1
25.4,69.0,7.6,0.0,30,336.4,2.7,65.0,0.5,13.2,Cerrado,MT,0,0,1
25.4,69.0,7.6,0.0,30,313.7,2.7,65.0,0.5,4.0,Cerrado,MT,0,0,0
25.4,69.0,7.6,0.0,30,322.3,5.0,65.0,0.5,10.8,Cerrado,MT,0,0,0
25.4,69.0,7.6,0.0,30,346.1,7.0,65.0,0.5,18.2,Cerrado,MT,0,0,0
25.4,69.0,7.6,0.0,30,350.6,7.0,65.0,0.5,9.1,Cerrado,MT,0,0,0
25.4,69.0,7.6,0.0,30,302.4,1.4,65.0,0.5,12.2,Cerrado,MT,0,0,1
25.4,69.0,7.6,0.0,30,325.3,3.1,65.0,0.5,12.7,Cerrado,MT,0,0,1
25.4,69.0,7.6,0.0,30,346.5,5.0,65.0,0.5,4.8,Cerrado,MT,0,0,1
25.4,69.0,7.6,0.0,30,339.2,5.0,65.0,0.5,12.6,Cerrado,MT,0,0,0
25.4,69.0,7.6,0.0,30,318.0,3.4,65.0,0.5,3.0,Cerrado,MT,0,0,0
25.4,69.0,7.6,0.0,30,344.7,8.0,65.0,0.5,6.9,Cerrado,MT,0,0,1
25.4,69.0,7.6,0.0,30,339.2,8.0,65.0,0.5,15.4,Cerrado,MT,0,0,0
25.4,69.0,7.6,0.0,30,367.0,13.9,95.0,0.5,11.8,Cerrado,MT,0,0,1
25.4,69.0,7.6,0.0,30,344.8,13.9,65.0,0.5,8.5,Cerrado,MT,0,0,0
25.4,69.0,7.6,0.0,30,327.7,3.4,65.0,0.5,12.2,Cerrado,MT,0,0,1
25.4,69.0,7.6,0.0,30,348.9,8.0,65.0,0.5,9.7,Cerrado,MT,0,0,1
25.4,69.0,7.6,0.0,30,336.2,8.0,65.0,0.5,10.1,Cerrado,MT,0,0,1
25.4,69.0,7.6,0.0,30,349.9,13.9,65.0,0.5,13.3,Cerrado,MT,0,0,1
25.4,69.0,7.6,0.0,30,338.2,13.9,65.0,0.5,6.4,Cerrado,MT,0,0,0
25.4,69.0,7.6,0.0,30,304.7,1.4,65.0,0.5,10.2,Cerrado,MT,0,0,1
25.4,69.0,7.6,0.0,30,353.3,7.5,65.0,0.5,8.4,Cerrado,MT,0,0,1
25.4,69.0,7.6,0.0,30,367.0,8.5,95.0,0.5,2.1,Cerrado,MT,0,0,0
25.4,69.0,7.6,0.0,30,345.5,7.3,65.0,0.5,5.4,Cerrado,??,0,0,1
25.4,69.0,7.6,0.0,30,347.0,7.3,65.0,0.5,17.8,Cerrado,??,0,0,0
25.4,69.0,7.6,0.0,30,345.0,8.6,65.0,0.5,11.9,Cerrado,??,0,0,1
25.4,69.0,7.6,0.0,30,353.1,8.3,65.0,0.5,3.4,Cerrado,MT,0,0,1
25.4,69.0,7.6,0.0,30,340.4,4.7,65.0,0.5,2.3,Desconhecido,??,0,0,0
25.4,69.0,7.6,0.0,30,354.6,9.7,65.0,0.5,9.4,Desconhecido,??,0,0,0
25.4,69.0,7.6,0.0,30,327.7,4.0,65.0,0.5,17.8,Cerrado,??,0,0,1
25.4,69.0,7.6,0.0,30,351.6,7.6,65.0,0.5,9.1,Cerrado,MT,0,0,1
25.4,69.0,7.6,0.0,30,332.3,7.6,65.0,0.5,16.5,Cerrado,MT,0,0,0
25.4,69.0,7.6,0.0,30,335.3,7.9,65.0,0.5,11.8,Cerrado,MT,0,0,1
25.4,69.0,7.6,0.0,30,338.8,6.5,65.0,0.5,12.4,Cerrado,MT,0,0,0
25.4,69.0,7.6,0.0,30,348.4,7.4,65.0,0.5,3.3,Cerrado,MT,0,0,0
25.4,69.0,7.6,0.0,30,338.7,6.5,65.0,0.5,14.7,Cerrado,MT,0,0,0
25.4,69.0,7.6,0.0,30,356.9,6.5,65.0,0.5,8.3,Cerrado,MT,0,0,0
25.4,69.0,7.6,0.0,30,337.2,7.4,65.0,0.5,14.3,Cerrado,MT,0,0,0
25.4,69.0,7.6,0.0,30,346.8,7.4,65.0,0.5,5.9,Cerrado,MT,0,0,1
25.4,69.0,7.6,0.0,30,330.1,4.0,65.0,0.5,10.9,Cerrado,MT,0,0,1
25.4,69.0,7.6,0.0,30,334.0,6.8,65.0,0.5,11.8,Cerrado,MT,0,0,1
25.4,69.0,7.6,0.0,30,348.0,6.8,65.0,0.5,9.2,Cerrado,MT,0,0,0
25.4,69.0,7.6,0.0,30,346.0,6.6,65.0,0.5,12.0,Cerrado,MT,0,0,0
25.4,69.0,7.6,0.0,30,343.4,6.6,65.0,0.5,8.7,Cerrado,MT,0,0,0
25.4,69.0,7.6,0.0,30,355.0,10.9,65.0,0.5,6.8,Cerrado,MT,0,0,1
25.4,69.0,7.6,0.0,30,367.0,6.8,95.0,0.5,18.0,Cerrado,MT,0,0,1
25.4,69.0,7.6,0.0,30,332.9,6.8,65.0,0.5,15.2,Cerrado,MT,0,0,1
25.4,69.0,7.6,0.0,30,341.4,6.6,65.0,0.5,6.2,Cerrado,MT,0,0,0
25.4,69.0,7.6,0.0,30,350.7,6.6,65.0,0.5,12.8,Cerrado,MT,0,0,0
25.4,69.0,7.6,0.0,30,355.5,10.9,65.0,0.5,6.3,Cerrado,MT,0,0,1
25.4,69.0,7.6,0.0,30,334.4,10.9,65.0,0.5,4.1,Cerrado,MT,0,0,1
25.4,69.0,7.6,0.0,30,351.7,17.6,65.0,0.5,15.2,Cerrado,MT,0,0,1
25.4,69.0,7.6,0.0,30,337.4,3.4,65.0,0.5,1.5,Cerrado,MT,0,0,1
25.4,69.0,7.6,0.0,30,331.8,3.4,65.0,0.5,14.6,Cerrado,MT,0,0,0
25.4,69.0,7.6,0.0,30,339.6,9.8,65.0,0.5,8.7,Desconhecido,??,0,0,1
25.4,69.0,7.6,0.0,30,333.0,4.4,65.0,0.5,8.9,Desconhecido,??,0,0,0
25.4,69.0,7.6,0.0,30,332.4,6.2,65.0,0.5,12.0,Desconhecido,??,0,0,0
25.4,69.0,7.6,0.0,30,327.7,3.0,65.0,0.5,12.9,Desconhecido,MT,0,0,0
25.4,69.0,7.6,0.0,30,339.8,7.5,65.0,0.5,5.9,Desconhecido,??,0,0,0
25.4,69.0,7.6,0.0,30,345.7,7.8,65.0,0.5,13.6,Desconhecido,??,0,0,1
25.4,69.0,7.6,0.0,30,345.2,7.8,65.0,0.5,10.6,Desconhecido,??,0,0,0
25.4,69.0,7.6,0.0,30,333.6,7.5,65.0,0.5,3.7,Desconhecido,??,0,0,0
25.4,69.0,7.6,0.0,30,341.9,6.9,65.0,0.5,9.2,Desconhecido,??,0,0,0
25.4,69.0,7.6,0.0,30,327.9,4.9,65.0,0.5,16.9,Desconhecido,??,0,0,0
25.4,69.0,7.6,0.0,30,330.4,4.9,65.0,0.5,18.4,Desconhecido,??,0,0,0
25.4,69.0,7.6,0.0,30,330.3,4.7,65.0,0.5,13.6,Desconhecido,??,0,0,1
25.4,69.0,7.6,0.0,30,329.6,5.8,65.0,0.5,4.0,Desconhecido,??,0,0,1
25.4,69.0,7.6,0.0,30,347.2,5.4,65.0,0.5,12.5,Cerrado,MT,0,0,1
25.4,69.0,7.6,0.0,30,351.2,9.5,65.0,0.5,14.3,Cerrado,MT,0,0,0
25.4,69.0,7.6,0.0,30,331.9,4.7,65.0,0.5,13.6,Cerrado,MT,0,0,0
25.4,69.0,7.6,0.0,30,353.7,4.7,65.0,0.5,13.9,Cerrado,MT,0,0,1
25.4,69.0,7.6,0.0,30,344.2,10.4,65.0,0.5,11.8,Cerrado,MT,0,0,1
25.4,69.0,7.6,0.0,30,342.4,10.4,65.0,0.5,9.6,Cerrado,MT,0,0,0
25.4,69.0,7.6,0.0,30,330.9,4.7,65.0,0.5,7.0,Cerrado,MT,0,0,1
25.4,69.0,7.6,0.0,30,329.1,4.7,65.0,0.5,0.5,Cerrado,MT,0,0,1
25.4,69.0,7.6,0.0,30,333.0,5.4,65.0,0.5,11.7,Cerrado,MT,0,0,1
25.4,69.0,7.6,0.0,30,335.6,5.0,65.0,0.5,10.9,Cerrado,MT,0,0,1
25.4,69.0,7.6,0.0,30,334.6,4.9,65.0,0.5,12.8,Cerrado,MT,0,0,1
25.4,69.0,7.6,0.0,30,332.8,5.5,65.0,0.5,3.3,Cerrado,MT,0,0,1
25.4,69.0,7.6,0.0,30,330.8,7.0,65.0,0.5,13.2,Cerrado,MT,0,0,0
25.4,69.0,7.6,0.0,30,335.4,6.2,65.0,0.5,20.3,Cerrado,MT,0,0,0
25.4,69.0,7.6,0.0,30,352.6,19.8,65.0,0.5,10.4,Cerrado,MT,0,0,1
25.4,69.0,7.6,0.0,30,343.3,6.3,65.0,0.5,9.7,Cerrado,MT,0,0,1
25.4,69.0,7.6,0.0,30,354.6,6.3,65.0,0.5,11.5,Cerrado,MT,0,0,0
25.4,69.0,7.6,0.0,30,336.7,6.3,65.0,0.5,20.2,Cerrado,MT,0,0,0
25.4,69.0,7.6,0.0,30,335.5,7.9,65.0,0.5,4.9,Cerrado,MT,0,0,1
25.4,69.0,7.6,0.0,30,338.8,4.2,65.0,0.5,11.0,Cerrado,MT,0,0,0
25.4,69.0,7.6,0.0,30,328.7,4.2,65.0,0.5,6.0,Cerrado,MT,0,0,0
25.4,69.0,7.6,0.0,30,332.2,4.6,65.0,0.5,7.3,Cerrado,MT,0,0,0
25.4,69.0,7.6,0.0,30,328.3,4.6,65.0,0.5,9.8,Cerrado,MT,0,0,0
25.4,69.0,7.6,0.0,30,329.5,4.1,65.0,0.5,16.7,Cerrado,MT,0,0,0
25.4,69.0,7.6,0.0,30,332.5,8.6,65.0,0.5,19.0,Cerrado,MT,0,0,0
25.4,69.0,7.6,0.0,30,327.5,6.9,65.0,0.5,12.2,Cerrado,MT,0,0,1
25.4,69.0,7.6,0.0,30,337.1,8.9,65.0,0.5,8.1,Cerrado,MT,0,0,1
25.4,69.0,7.6,0.0,30,355.4,8.9,65.0,0.5,22.5,Cerrado,MT,0,0,1
25.4,69.0,7.6,0.0,30,332.1,6.2,65.0,0.5,7.9,Desconhecido,MT,0,0,1
25.4,69.0,7.6,0.0,30,339.5,5.0,65.0,0.5,7.1,Desconhecido,MT,0,0,1
25.4,69.0,7.6,0.0,30,337.4,3.3,65.0,0.5,1.1,Cerrado,MT,0,0,1
25.4,69.0,7.6,0.0,30,336.9,4.6,65.0,0.5,17.0,Cerrado,MT,0,0,0
25.4,69.0,7.6,0.0,30,334.4,11.7,65.0,0.5,14.8,Cerrado,MT,0,0,0
25.4,69.0,7.6,0.0,30,347.8,28.9,65.0,0.5,22.1,Cerrado,MT,0,0,1
25.4,69.0,7.6,0.0,30,333.2,5.8,65.0,0.5,3.1,Cerrado,MT,0,0,1
25.4,69.0,7.6,0.0,30,337.5,5.8,65.0,0.5,17.3,Cerrado,MT,0,0,1
25.4,69.0,7.6,0.0,30,333.9,4.6,65.0,0.5,10.4,Cerrado,MT,0,0,1
25.4,69.0,7.6,0.0,30,338.3,6.0,65.0,0.5,14.0,Cerrado,MT,0,0,0
25.4,69.0,7.6,0.0,30,348.2,4.6,65.0,0.5,1.8,Cerrado,MT,0,0,1
25.4,69.0,7.6,0.0,30,349.3,6.0,65.0,0.5,17.3,Cerrado,MT,0,0,1
25.4,69.0,7.6,0.0,30,331.2,3.2,65.0,0.5,13.9,Cerrado,MT,0,0,1
25.4,69.0,7.6,0.0,30,334.3,3.2,65.0,0.5,9.8,Cerrado,MT,0,0,0
25.4,69.0,7.6,0.0,30,330.5,4.9,65.0,0.5,13.2,Cerrado,MT,0,0,0
25.4,69.0,7.6,0.0,30,337.9,5.2,65.0,0.5,6.2,Cerrado,MT,0,0,0
25.4,69.0,7.6,0.0,30,339.6,5.2,65.0,0.5,7.1,Cerrado,MT,0,0,0
25.4,69.0,7.6,0.0,30,341.1,3.4,65.0,0.5,7.7,Cerrado,MT,0,0,1
25.4,69.0,7.6,0.0,30,335.9,3.4,65.0,0.5,0.7,Cerrado,MT,0,0,1
25.4,69.0,7.6,0.0,30,349.2,6.7,65.0,0.5,14.3,Cerrado,MT,0,0,0
25.4,69.0,7.6,0.0,30,353.5,6.7,65.0,0.5,16.0,Cerrado,MT,0,0,0
25.4,69.0,7.6,0.0,30,334.7,5.0,65.0,0.5,6.5,Cerrado,MT,0,0,1
25.4,69.0,7.6,0.0,30,346.7,6.4,65.0,0.5,11.7,Cerrado,MT,0,0,0
25.4,69.0,7.6,0.0,30,348.1,6.4,65.0,0.5,8.7,Cerrado,MT,0,0,1
25.4,69.0,7.6,0.0,30,339.5,4.2,65.0,0.5,11.6,Cerrado,MT,0,0,0
25.4,69.0,7.6,0.0,30,331.4,7.4,65.0,0.5,6.9,Cerrado,MT,0,0,0
25.4,69.0,7.6,0.0,30,336.1,5.8,65.0,0.5,5.6,Cerrado,MT,0,0,0
25.4,69.0,7.6,0.0,30,334.3,3.6,65.0,0.5,15.3,Cerrado,MT,0,0,1
25.4,69.0,7.6,0.0,30,339.2,5.6,65.0,0.5,9.7,Cerrado,MT,0,0,0
25.4,69.0,7.6,0.0,30,342.9,5.6,65.0,0.5,20.1,Cerrado,MT,0,0,0
25.4,69.0,7.6,0.0,30,348.7,7.1,65.0,0.5,10.2,Desconhecido,??,0,0,0
25.4,69.0,7.6,0.0,30,347.4,7.5,65.0,0.6,5.4,Pantanal,MT,0,0,0
25.4,69.0,7.6,0.0,30,340.7,4.1,65.0,0.6,16.1,Pantanal,MT,0,0,0
25.4,69.0,7.6,0.0,30,342.8,4.1,65.0,0.6,13.2,Pantanal,MT,0,0,0
25.4,69.0,7.6,0.0,30,333.7,3.7,65.0,0.5,13.6,Desconhecido,??,0,0,0
25.4,69.0,7.6,0.0,30,351.7,18.3,65.0,0.6,16.0,Pantanal,MT,0,0,0
25.4,69.0,7.6,0.0,30,327.3,3.3,65.0,0.5,6.7,Desconhecido,MT,0,0,0
25.4,69.0,7.6,0.0,30,345.4,13.0,65.0,0.5,9.4,Desconhecido,MT,0,0,1
25.4,69.0,7.6,0.0,30,329.7,5.2,65.0,0.6,9.1,Pantanal,MT,0,0,0
25.4,69.0,7.6,0.0,30,328.8,7.0,65.0,0.5,3.5,Desconhecido,MT,0,0,0
25.4,69.0,7.6,0.0,30,338.4,9.1,65.0,0.5,8.7,Desconhecido,MT,0,0,1
25.4,69.0,7.6,0.0,30,350.1,17.8,65.0,0.5,16.7,Desconhecido,MT,0,0,0
25.4,69.0,7.6,0.0,30,349.2,5.2,65.0,0.6,11.2,Pantanal,MT,0,0,0
25.4,69.0,7.6,0.0,30,343.0,7.0,65.0,0.5,3.3,Desconhecido,MT,0,0,0
25.4,69.0,7.6,0.0,30,332.9,5.9,65.0,0.5,2.2,Desconhecido,MT,0,0,0
25.4,69.0,7.6,0.0,30,338.0,5.9,65.0,0.5,18.3,Desconhecido,MT,0,0,1
25.4,69.0,7.6,0.0,30,337.2,7.6,65.0,0.5,9.5,Desconhecido,MT,0,0,0
25.4,69.0,7.6,0.0,30,337.7,7.6,65.0,0.5,6.8,Desconhecido,MT,0,0,0
25.4,69.0,7.6,0.0,30,347.0,5.9,65.0,0.5,8.6,Desconhecido,MT,0,0,0
25.4,69.0,7.6,0.0,30,336.1,7.8,65.0,0.5,2.6,Desconhecido,MT,0,0,0
25.4,69.0,7.6,0.0,30,348.3,7.6,65.0,0.5,17.1,Desconhecido,MT,0,0,0
25.4,69.0,7.6,0.0,30,330.8,6.2,65.0,0.5,8.0,Desconhecido,MT,0,0,0
25.4,69.0,7.6,0.0,30,332.3,5.2,65.0,0.5,16.8,Desconhecido,MT,0,0,0
25.4,69.0,7.6,0.0,30,326.8,3.7,65.0,0.5,10.3,Desconhecido,MT,0,0,1
25.4,69.0,7.6,0.0,30,336.2,3.7,65.0,0.5,17.1,Desconhecido,MT,0,0,0
25.4,69.0,7.6,0.0,30,331.6,4.3,65.0,0.5,11.3,Desconhecido,MT,0,0,0
25.4,69.0,7.6,0.0,30,334.1,2.4,65.0,0.5,14.3,Desconhecido,MT,0,0,0
25.4,69.0,7.6,0.0,30,332.3,2.8,65.0,0.5,13.6,Desconhecido,MT,0,0,0
25.4,69.0,7.6,0.0,30,340.5,9.9,65.0,0.5,13.1,Desconhecido,??,0,0,0
25.4,69.0,7.6,0.0,30,340.1,9.9,65.0,0.5,11.7,Desconhecido,??,0,0,0
25.4,69.0,7.6,0.0,30,340.6,5.8,65.0,0.5,8.8,Desconhecido,MT,0,0,1
25.4,69.0,7.6,0.0,30,339.0,6.3,65.0,0.5,19.6,Desconhecido,MT,0,0,1
25.4,69.0,7.6,0.0,30,332.0,4.2,65.0,0.5,5.5,Cerrado,MT,0,0,0
25.4,69.0,7.6,0.0,30,334.6,4.4,65.0,0.5,10.0,Desconhecido,??,0,0,1
25.4,69.0,7.6,0.0,30,335.2,6.0,65.0,0.5,10.1,Desconhecido,MT,0,0,0
25.4,69.0,7.6,0.0,30,325.2,6.0,65.0,0.5,12.0,Desconhecido,MT,0,0,1
25.4,69.0,7.6,0.0,30,349.6,14.0,65.0,0.5,7.9,Desconhecido,MT,0,0,0
25.4,69.0,7.6,0.0,30,332.4,3.4,65.0,0.5,11.6,Cerrado,MT,0,0,0
25.4,69.0,7.6,0.0,30,330.7,5.7,65.0,0.5,9.2,Cerrado,MT,0,0,0
25.4,69.0,7.6,0.0,30,341.3,14.1,65.0,0.5,2.1,Cerrado,GO,0,0,1
25.4,69.0,7.6,0.0,30,338.5,14.1,65.0,0.5,10.0,Cerrado,GO,0,0,1
25.4,69.0,7.6,0.0,30,340.3,0.9,65.0,0.5,4.5,Desconhecido,??,0,0,0
25.4,69.0,7.6,0.0,30,336.1,4.1,65.0,0.5,1.3,Cerrado,MT,0,0,1
25.4,69.0,7.6,0.0,30,333.0,6.4,65.0,0.5,10.7,Cerrado,MT,0,0,0
25.4,69.0,7.6,0.0,30,342.0,20.2,65.0,0.5,12.4,Cerrado,MT,0,0,1
25.4,69.0,7.6,0.0,30,348.0,20.2,65.0,0.5,12.6,Cerrado,MT,0,0,1
25.4,69.0,7.6,0.0,30,330.3,12.2,65.0,0.5,12.8,Cerrado,MT,0,0,0
25.4,69.0,7.6,0.0,30,349.8,25.2,65.0,0.5,0.3,Cerrado,MT,0,0,0
25.4,69.0,7.6,0.0,30,336.5,25.2,65.0,0.5,3.2,Cerrado,MT,0,0,1
25.4,69.0,7.6,0.0,30,344.3,20.2,65.0,0.5,19.9,Cerrado,MT,0,0,1
25.4,69.0,7.6,0.0,30,340.6,20.2,65.0,0.5,4.8,Cerrado,MT,0,0,1
25.4,69.0,7.6,0.0,30,347.2,25.2,65.0,0.5,13.1,Cerrado,MT,0,0,0
25.4,69.0,7.6,0.0,30,332.0,3.4,65.0,0.7,6.6,Mata Atlantica,GO,0,0,0
25.4,69.0,7.6,0.0,30,328.1,4.7,65.0,0.5,10.4,Desconhecido,??,0,0,0
25.4,69.0,7.6,0.0,30,343.8,0.1,65.0,0.5,6.8,Desconhecido,??,0,0,0
25.4,69.0,7.6,0.0,30,347.5,0.5,65.0,0.7,12.8,Mata Atlantica,BA,0,0,0
25.4,69.0,7.6,0.0,30,326.2,5.6,65.0,0.5,10.7,Desconhecido,??,0,0,0
25.4,69.0,7.6,0.0,30,328.3,9.4,65.0,0.5,7.8,Desconhecido,??,0,0,0
25.4,69.0,7.6,0.0,30,367.0,4.9,95.0,0.5,4.7,Desconhecido,??,0,0,0
25.4,69.0,7.6,0.0,30,328.4,7.2,65.0,0.5,11.3,Desconhecido,??,0,0,0
25.4,69.0,7.6,0.0,30,327.4,4.9,65.0,0.5,3.9,Desconhecido,??,0,0,0
25.4,69.0,7.6,0.0,30,330.0,13.9,65.0,0.5,12.1,Desconhecido,??,0,0,0
25.4,69.0,7.6,0.0,30,343.7,6.2,65.0,0.5,23.1,Desconhecido,??,0,0,0
25.4,69.0,7.6,0.0,30,336.2,3.3,65.0,0.5,16.8,Desconhecido,RO,0,0,0
25.4,69.0,7.6,0.0,30,330.7,3.3,65.0,0.5,13.6,Desconhecido,RO,0,0,0
25.4,69.0,7.6,0.0,30,339.2,4.3,65.0,0.5,9.6,Desconhecido,RO,0,0,1
25.4,69.0,7.6,0.0,30,338.2,2.0,65.0,0.5,0.3,Desconhecido,RO,0,0,0
25.4,69.0,7.6,0.0,30,340.5,4.4,65.0,0.5,3.4,Desconhecido,RO,0,0,0
25.4,69.0,7.6,0.0,30,330.5,4.6,65.0,0.5,16.4,Cerrado,MT,0,0,0
25.4,69.0,7.6,0.0,30,353.5,10.9,65.0,0.5,6.1,Cerrado,MT,0,0,0
25.4,69.0,7.6,0.0,30,328.6,4.1,65.0,0.5,6.5,Desconhecido,??,0,0,0
25.4,69.0,7.6,0.0,30,334.1,7.9,65.0,0.3,9.2,Caatinga,BA,0,0,0
25.4,69.0,7.6,0.0,30,338.8,12.6,65.0,0.3,4.7,Caatinga,BA,0,0,0
25.4,69.0,7.6,0.0,30,339.5,7.9,65.0,0.3,3.9,Caatinga,BA,0,0,0
25.4,69.0,7.6,0.0,30,329.2,8.1,65.0,0.5,9.7,Cerrado,MT,0,0,0
25.4,69.0,7.6,0.0,30,334.6,3.5,65.0,0.5,5.5,Desconhecido,RO,0,0,0
25.4,69.0,7.6,0.0,30,328.0,3.5,65.0,0.5,6.3,Desconhecido,RO,0,0,0
25.4,69.0,7.6,0.0,30,352.4,6.2,65.0,0.7,6.1,Mata Atlantica,GO,0,0,0
25.4,69.0,7.6,0.0,30,338.3,6.2,65.0,0.7,12.6,Mata Atlantica,GO,0,0,0
25.4,69.0,7.6,0.0,30,329.1,1.7,65.0,0.5,8.8,Desconhecido,RO,0,0,1
25.4,69.0,7.6,0.0,30,339.5,4.8,65.0,0.5,9.1,Desconhecido,RO,0,0,1
25.4,69.0,7.6,0.0,30,336.7,5.3,65.0,0.5,13.0,Cerrado,GO,0,0,1
25.4,69.0,7.6,0.0,30,343.5,6.8,65.0,0.5,9.3,Cerrado,GO,0,0,1
25.4,69.0,7.6,0.0,30,349.2,5.3,65.0,0.5,8.6,Cerrado,GO,0,0,1
25.4,69.0,7.6,0.0,30,331.2,5.1,65.0,0.5,12.4,Cerrado,GO,0,0,1
25.4,69.0,7.6,0.0,30,331.8,6.8,65.0,0.5,13.3,Cerrado,GO,0,0,0
25.4,69.0,7.6,0.0,30,334.9,5.0,65.0,0.5,9.3,Cerrado,GO,0,0,0
25.4,69.0,7.6,0.0,30,343.8,16.6,65.0,0.5,10.4,Cerrado,GO,0,0,0
25.4,69.0,7.6,0.0,30,352.1,12.6,65.0,0.5,6.1,Cerrado,GO,0,0,1
25.4,69.0,7.6,0.0,30,334.0,6.5,65.0,0.5,5.7,Cerrado,MT,0,0,1
25.4,69.0,7.6,0.0,30,341.3,5.3,65.0,0.7,13.8,Mata Atlantica,GO,0,0,0
25.4,69.0,7.6,0.0,30,348.3,15.6,65.0,0.3,12.2,Caatinga,BA,0,0,0
25.4,69.0,7.6,0.0,30,339.6,7.6,65.0,0.5,12.3,Cerrado,MT,0,0,0
25.4,69.0,7.6,0.0,30,340.9,5.5,65.0,0.5,11.4,Cerrado,MT,0,0,1
25.4,69.0,7.6,0.0,30,333.4,5.5,65.0,0.5,10.2,Cerrado,MT,0,0,0
25.4,69.0,7.6,0.0,30,333.1,32.3,65.0,0.5,13.5,Cerrado,MT,0,0,0
25.4,69.0,7.6,0.0,30,343.4,32.3,65.0,0.5,14.7,Cerrado,MT,0,0,1
25.4,69.0,7.6,0.0,30,332.3,32.3,65.0,0.5,14.6,Cerrado,MT,0,0,1
25.4,69.0,7.6,0.0,30,350.0,12.7,65.0,0.3,9.5,Caatinga,BA,0,0,1
25.4,69.0,7.6,0.0,30,348.6,9.4,65.0,0.3,16.9,Caatinga,BA,0,0,0
25.4,69.0,7.6,0.0,30,349.4,21.5,65.0,0.7,11.1,Mata Atlantica,TO,0,0,1
25.4,69.0,7.6,0.0,30,367.0,28.3,95.0,0.7,13.2,Mata Atlantica,TO,0,0,0
25.4,69.0,7.6,0.0,30,367.0,10.4,95.0,0.7,11.4,Mata Atlantica,TO,0,0,0
25.4,69.0,7.6,0.0,30,367.0,10.9,95.0,0.7,11.2,Mata Atlantica,TO,0,0,0
25.4,69.0,7.6,0.0,30,344.6,10.9,65.0,0.7,6.3,Mata Atlantica,TO,0,0,0
25.4,69.0,7.6,0.0,30,333.2,5.2,65.0,0.5,13.5,Cerrado,TO,0,0,0
25.4,69.0,7.6,0.0,30,342.1,14.8,65.0,0.5,24.2,Cerrado,TO,0,0,0
25.4,69.0,7.6,0.0,30,341.2,5.6,65.0,0.7,8.1,Mata Atlantica,TO,0,0,0
25.4,69.0,7.6,0.0,30,336.8,6.6,65.0,0.7,10.4,Mata Atlantica,TO,0,0,0
25.4,69.0,7.6,0.0,30,334.9,4.6,65.0,0.7,7.8,Mata Atlantica,TO,0,0,0
25.4,69.0,7.6,0.0,30,342.8,6.1,65.0,0.7,7.6,Mata Atlantica,TO,0,0,0
25.4,69.0,7.6,0.0,30,337.3,4.4,65.0,0.7,17.7,Mata Atlantica,TO,0,0,0
25.4,69.0,7.6,0.0,30,351.4,5.2,65.0,0.7,6.6,Mata Atlantica,TO,0,0,0
25.4,69.0,7.6,0.0,30,356.5,9.8,65.0,0.7,7.6,Mata Atlantica,TO,0,0,0
25.4,69.0,7.6,0.0,30,367.0,9.8,95.0,0.7,2.1,Mata Atlantica,TO,0,0,0
25.4,69.0,7.6,0.0,30,354.6,15.5,65.0,0.7,6.2,Mata Atlantica,TO,0,0,0
25.4,69.0,7.6,0.0,30,367.0,15.5,95.0,0.7,1.5,Mata Atlantica,TO,0,0,0
25.4,69.0,7.6,0.0,30,336.9,9.8,65.0,0.7,13.2,Mata Atlantica,TO,0,0,0
25.4,69.0,7.6,0.0,30,341.0,14.1,65.0,0.3,24.0,Caatinga,BA,0,0,1
25.4,69.0,7.6,0.0,30,340.5,15.7,65.0,0.3,8.2,Caatinga,BA,0,0,0
25.4,69.0,7.6,0.0,30,367.0,23.4,95.0,0.3,1.7,Caatinga,BA,0,0,0
25.4,69.0,7.6,0.0,30,367.0,15.7,95.0,0.3,14.5,Caatinga,BA,0,0,0
25.4,69.0,7.6,0.0,30,367.0,29.3,95.0,0.3,6.4,Caatinga,BA,0,0,0
25.4,69.0,7.6,0.0,30,367.0,15.1,95.0,0.7,16.5,Mata Atlantica,TO,0,0,1
25.4,69.0,7.6,0.0,30,350.3,7.4,65.0,0.5,8.6,Cerrado,MT,0,0,1
25.4,69.0,7.6,0.0,30,350.4,11.8,65.0,0.5,6.8,Cerrado,MT,0,0,1
25.4,69.0,7.6,0.0,30,332.0,6.5,65.0,0.3,9.1,Caatinga,BA,0,0,0
25.4,69.0,7.6,0.0,30,340.8,8.5,65.0,0.5,13.8,Cerrado,MT,0,0,1
25.4,69.0,7.6,0.0,30,342.5,6.5,65.0,0.5,8.9,Cerrado,MT,0,0,0
25.4,69.0,7.6,0.0,30,348.7,8.0,65.0,0.7,7.5,Mata Atlantica,TO,0,0,0
25.4,69.0,7.6,0.0,30,336.6,4.1,65.0,0.7,9.0,Mata Atlantica,TO,0,0,0
25.4,69.0,7.6,0.0,30,340.0,9.1,65.0,0.7,3.6,Mata Atlantica,BA,0,0,1
25.4,69.0,7.6,0.0,30,340.1,5.2,65.0,0.5,12.0,Cerrado,MT,0,0,0
25.4,69.0,7.6,0.0,30,347.3,10.6,65.0,0.5,1.1,Cerrado,MT,0,0,1
25.4,69.0,7.6,0.0,30,331.7,2.2,65.0,0.7,7.8,Mata Atlantica,TO,0,0,0
25.4,69.0,7.6,0.0,30,349.2,15.1,65.0,0.5,13.8,Cerrado,MT,0,0,1
25.4,69.0,7.6,0.0,30,335.9,5.2,65.0,0.5,11.5,Cerrado,MT,0,0,0
25.4,69.0,7.6,0.0,30,341.2,10.6,65.0,0.7,13.0,Mata Atlantica,TO,0,0,1
25.4,69.0,7.6,0.0,30,367.0,12.8,95.0,0.7,9.7,Mata Atlantica,TO,0,0,0
25.4,69.0,7.6,0.0,30,342.5,10.6,65.0,0.7,15.8,Mata Atlantica,TO,0,0,0
25.4,69.0,7.6,0.0,30,367.0,12.8,95.0,0.7,14.6,Mata Atlantica,TO,0,0,0
25.4,69.0,7.6,0.0,30,350.4,7.3,65.0,0.5,12.2,Cerrado,MT,0,0,1
25.4,69.0,7.6,0.0,30,350.5,46.3,65.0,0.5,14.6,Cerrado,MT,0,0,1
25.4,69.0,7.6,0.0,30,336.8,46.3,65.0,0.5,13.8,Cerrado,MT,0,0,1
25.4,69.0,7.6,0.0,30,348.7,46.3,65.0,0.5,7.8,Cerrado,MT,0,0,0
25.4,69.0,7.6,0.0,30,343.9,8.1,65.0,0.7,3.3,Mata Atlantica,TO,0,0,0
25.4,69.0,7.6,0.0,30,335.1,2.8,65.0,0.5,12.1,Cerrado,MT,0,0,0
25.4,69.0,7.6,0.0,30,342.2,4.8,65.0,0.7,12.7,Mata Atlantica,TO,0,0,1
25.4,69.0,7.6,0.0,30,336.5,4.8,65.0,0.7,15.5,Mata Atlantica,TO,0,0,1
25.4,69.0,7.6,0.0,30,330.0,1.0,65.0,0.7,5.3,Mata Atlantica,TO,0,0,1
25.4,69.0,7.6,0.0,30,367.0,15.0,95.0,0.5,5.5,Cerrado,TO,0,0,1
25.4,69.0,7.6,0.0,30,347.1,8.7,65.0,0.5,12.3,Cerrado,TO,0,0,1
25.4,69.0,7.6,0.0,30,339.9,5.4,65.0,0.5,9.6,Cerrado,MT,0,0,0
25.4,69.0,7.6,0.0,30,344.3,8.3,65.0,0.7,0.6,Mata Atlantica,TO,0,0,0
25.4,69.0,7.6,0.0,30,340.1,10.8,65.0,0.5,11.9,Cerrado,MT,0,0,0
25.4,69.0,7.6,0.0,30,330.5,5.9,65.0,0.5,0.7,Cerrado,MT,0,0,0
25.4,69.0,7.6,0.0,30,334.4,5.9,65.0,0.5,5.3,Cerrado,MT,0,0,0
25.4,69.0,7.6,0.0,30,330.0,3.8,65.0,0.5,16.8,Cerrado,MT,0,0,0
25.4,69.0,7.6,0.0,30,342.0,5.6,65.0,0.5,19.1,Cerrado,MT,0,0,1
25.4,69.0,7.6,0.0,30,339.4,5.6,65.0,0.5,3.9,Cerrado,MT,0,0,1
25.4,69.0,7.6,0.0,30,339.1,4.2,65.0,0.7,8.4,Mata Atlantica,TO,0,0,1
25.4,69.0,7.6,0.0,30,340.6,5.5,65.0,0.5,10.2,Cerrado,TO,0,0,0
25.4,69.0,7.6,0.0,30,336.4,7.7,65.0,0.7,18.9,Mata Atlantica,BA,0,0,1
25.4,69.0,7.6,0.0,30,339.5,7.0,65.0,0.7,7.5,Mata Atlantica,BA,0,0,0
25.4,69.0,7.6,0.0,30,333.5,2.7,65.0,0.7,7.6,Mata Atlantica,TO,0,0,0
25.4,69.0,7.6,0.0,30,337.9,2.5,65.0,0.7,17.7,Mata Atlantica,TO,0,0,0
25.4,69.0,7.6,0.0,30,337.4,5.1,65.0,0.5,8.1,Cerrado,TO,0,0,1
25.4,69.0,7.6,0.0,30,337.5,7.2,65.0,0.7,13.6,Mata Atlantica,TO,0,0,0
25.4,69.0,7.6,0.0,30,347.8,7.2,65.0,0.7,2.6,Mata Atlantica,TO,0,0,0
25.4,69.0,7.6,0.0,30,347.8,6.2,65.0,0.7,9.1,Mata Atlantica,TO,0,0,0
25.4,69.0,7.6,0.0,30,336.4,6.2,65.0,0.7,1.7,Mata Atlantica,TO,0,0,0
25.4,69.0,7.6,0.0,30,367.0,9.9,95.0,0.7,4.7,Mata Atlantica,TO,0,0,1
25.4,69.0,7.6,0.0,30,334.8,6.2,65.0,0.7,14.2,Mata Atlantica,TO,0,0,1
25.4,69.0,7.6,0.0,30,341.8,9.9,65.0,0.7,9.8,Mata Atlantica,TO,0,0,1
25.4,69.0,7.6,0.0,30,333.1,3.2,65.0,0.5,8.4,Cerrado,TO,0,0,1
25.4,69.0,7.6,0.0,30,338.2,7.7,65.0,0.5,6.3,Cerrado,TO,0,0,0
25.4,69.0,7.6,0.0,30,339.7,26.0,65.0,0.7,8.9,Mata Atlantica,TO,0,0,0
25.4,69.0,7.6,0.0,30,351.6,53.4,65.0,0.7,11.5,Mata Atlantica,TO,0,0,1
25.4,69.0,7.6,0.0,30,367.0,53.4,95.0,0.7,14.9,Mata Atlantica,TO,0,0,0
25.4,69.0,7.6,0.0,30,341.3,49.5,65.0,0.7,0.0,Mata Atlantica,TO,0,0,0
25.4,69.0,7.6,0.0,30,330.9,17.1,65.0,0.7,5.8,Mata Atlantica,TO,0,0,0
25.4,69.0,7.6,0.0,30,367.0,49.5,95.0,0.7,10.8,Mata Atlantica,TO,0,0,1
25.4,69.0,7.6,0.0,30,334.9,21.8,65.0,0.7,9.5,Mata Atlantica,TO,0,0,1
25.4,69.0,7.6,0.0,30,333.5,5.1,65.0,0.7,12.0,Mata Atlantica,TO,0,0,0
25.4,69.0,7.6,0.0,30,332.4,5.0,65.0,0.7,11.3,Mata Atlantica,TO,0,0,0
25.4,69.0,7.6,0.0,30,334.1,26.0,65.0,0.7,8.5,Mata Atlantica,TO,0,0,0
25.4,69.0,7.6,0.0,30,352.8,53.4,65.0,0.7,7.4,Mata Atlantica,TO,0,0,0
25.4,69.0,7.6,0.0,30,341.7,53.4,65.0,0.7,8.8,Mata Atlantica,TO,0,0,0
25.4,69.0,7.6,0.0,30,345.0,49.5,65.0,0.7,15.7,Mata Atlantica,TO,0,0,0
25.4,69.0,7.6,0.0,30,356.0,49.5,65.0,0.7,6.3,Mata Atlantica,TO,0,0,0
25.4,69.0,7.6,0.0,30,339.2,2.4,65.0,0.7,9.7,Mata Atlantica,TO,0,0,0
25.4,69.0,7.6,0.0,30,350.3,28.2,65.0,0.5,10.9,Cerrado,TO,0,0,1
25.4,69.0,7.6,0.0,30,343.9,3.9,65.0,0.5,17.8,Cerrado,TO,0,0,0
25.4,69.0,7.6,0.0,30,332.4,2.5,65.0,0.5,8.5,Cerrado,TO,0,0,0
25.4,69.0,7.6,0.0,30,349.0,34.1,65.0,0.5,14.8,Cerrado,TO,0,0,1
25.4,69.0,7.6,0.0,30,343.3,48.4,65.0,0.5,16.2,Cerrado,TO,0,0,1
25.4,69.0,7.6,0.0,30,341.5,34.1,65.0,0.5,9.7,Cerrado,TO,0,0,1
25.4,69.0,7.6,0.0,30,347.6,48.4,65.0,0.5,8.9,Cerrado,TO,0,0,1
25.4,69.0,7.6,0.0,30,345.4,34.1,65.0,0.5,8.4,Cerrado,TO,0,0,0
25.4,69.0,7.6,0.0,30,342.2,12.9,65.0,0.5,8.7,Cerrado,TO,0,0,0
25.4,69.0,7.6,0.0,30,348.9,18.0,65.0,0.5,14.3,Cerrado,TO,0,0,1
25.4,69.0,7.6,0.0,30,340.3,4.8,65.0,0.7,11.2,Mata Atlantica,TO,0,0,0
25.4,69.0,7.6,0.0,30,342.7,4.8,65.0,0.7,11.2,Mata Atlantica,TO,0,0,1
25.4,69.0,7.6,0.0,30,334.7,6.5,65.0,0.5,4.4,Cerrado,TO,0,0,0
25.4,69.0,7.6,0.0,30,341.0,10.2,65.0,0.5,5.2,Cerrado,TO,0,0,1
25.4,69.0,7.6,0.0,30,340.5,14.7,65.0,0.5,20.7,Cerrado,TO,0,0,1
25.4,69.0,7.6,0.0,30,341.7,10.2,65.0,0.5,9.1,Cerrado,TO,0,0,0
25.4,69.0,7.6,0.0,30,347.4,14.7,65.0,0.5,6.1,Cerrado,TO,0,0,0
25.4,69.0,7.6,0.0,30,335.6,6.3,65.0,0.5,17.2,Cerrado,TO,0,0,0
25.4,69.0,7.6,0.0,30,340.0,9.9,65.0,0.5,11.4,Cerrado,TO,0,0,1
25.4,69.0,7.6,0.0,30,339.7,5.9,65.0,0.5,12.9,Cerrado,TO,0,0,0
25.4,69.0,7.6,0.0,30,343.7,5.9,65.0,0.5,9.3,Cerrado,TO,0,0,1
25.4,69.0,7.6,0.0,30,367.0,13.4,95.0,0.7,8.4,Mata Atlantica,TO,0,0,0
25.4,69.0,7.6,0.0,30,330.4,10.1,65.0,0.7,9.2,Mata Atlantica,TO,0,0,0
25.4,69.0,7.6,0.0,30,354.6,10.0,65.0,0.3,3.1,Caatinga,BA,0,0,0
25.4,69.0,7.6,0.0,30,352.9,20.1,65.0,0.5,9.6,Cerrado,TO,0,0,1
25.4,69.0,7.6,0.0,30,339.7,13.9,65.0,0.5,11.5,Cerrado,TO,0,0,1
25.4,69.0,7.6,0.0,30,346.6,18.5,65.0,0.5,19.3,Cerrado,TO,0,0,1
25.4,69.0,7.6,0.0,30,367.0,15.9,95.0,0.7,10.4,Mata Atlantica,TO,0,0,0
25.4,69.0,7.6,0.0,30,339.2,6.7,65.0,0.7,0.0,Mata Atlantica,TO,0,0,0
25.4,69.0,7.6,0.0,30,367.0,7.3,95.0,0.7,9.5,Mata Atlantica,TO,0,0,0
25.4,69.0,7.6,0.0,30,348.5,7.3,65.0,0.7,23.7,Mata Atlantica,TO,0,0,0
25.4,69.0,7.6,0.0,30,330.1,6.8,65.0,0.7,14.3,Mata Atlantica,TO,0,0,0
25.4,69.0,7.6,0.0,30,367.0,6.8,95.0,0.7,5.9,Mata Atlantica,TO,0,0,1
25.4,69.0,7.6,0.0,30,330.8,6.4,65.0,0.7,13.0,Mata Atlantica,TO,0,0,0
25.4,69.0,7.6,0.0,30,330.4,2.6,65.0,0.7,6.3,Mata Atlantica,TO,0,0,1
25.4,69.0,7.6,0.0,30,348.7,5.1,65.0,0.7,3.2,Mata Atlantica,TO,0,0,0
25.4,69.0,7.6,0.0,30,330.8,5.9,65.0,0.7,8.3,Mata Atlantica,TO,0,0,1
25.4,69.0,7.6,0.0,30,332.1,5.4,65.0,0.7,10.5,Mata Atlantica,TO,0,0,1
25.4,69.0,7.6,0.0,30,333.0,5.4,65.0,0.7,0.6,Mata Atlantica,TO,0,0,0
25.4,69.0,7.6,0.0,30,328.7,5.6,65.0,0.5,4.3,Desconhecido,??,0,0,0
25.4,69.0,7.6,0.0,30,327.6,3.9,65.0,0.5,10.1,Desconhecido,??,0,0,0
25.4,69.0,7.6,0.0,30,343.8,7.5,65.0,0.5,8.0,Desconhecido,??,0,0,0
25.4,69.0,7.6,0.0,30,331.5,3.7,65.0,0.5,12.0,Desconhecido,RO,0,0,0
25.4,69.0,7.6,0.0,30,326.6,2.7,65.0,0.5,3.9,Cerrado,MT,0,0,0
25.4,69.0,7.6,0.0,30,330.5,3.9,65.0,0.5,13.6,Cerrado,MT,0,0,0
25.4,69.0,7.6,0.0,30,328.0,3.8,65.0,0.5,4.1,Desconhecido,??,0,0,0
25.4,69.0,7.6,0.0,30,337.4,8.4,65.0,0.5,18.2,Cerrado,MT,0,0,0
25.4,69.0,7.6,0.0,30,355.7,13.2,65.0,0.5,1.4,Cerrado,MT,0,0,0
25.4,69.0,7.6,0.0,30,336.8,6.1,65.0,0.5,4.5,Cerrado,MT,0,0,0
25.4,69.0,7.6,0.0,30,341.3,11.1,65.0,0.5,12.1,Cerrado,MT,0,0,0
25.4,69.0,7.6,0.0,30,344.5,3.8,65.0,0.5,18.3,Cerrado,MT,0,0,0
25.4,69.0,7.6,0.0,30,342.6,3.8,65.0,0.5,11.6,Cerrado,MT,0,0,0
25.4,69.0,7.6,0.0,30,353.6,5.9,65.0,0.5,12.8,Cerrado,MT,0,0,0
25.4,69.0,7.6,0.0,30,336.0,44.6,65.0,0.5,10.1,Cerrado,MT,0,0,0
25.4,69.0,7.6,0.0,30,342.5,44.6,65.0,0.5,4.9,Cerrado,MT,0,0,1
25.4,69.0,7.6,0.0,30,344.1,7.2,65.0,0.5,7.5,Cerrado,MT,0,0,0
25.4,69.0,7.6,0.0,30,336.1,4.8,65.0,0.5,3.9,Cerrado,MT,0,0,0
25.4,69.0,7.6,0.0,30,332.9,3.0,65.0,0.5,3.6,Cerrado,MT,0,0,0
25.4,69.0,7.6,0.0,30,352.9,15.4,65.0,0.5,12.0,Cerrado,MT,0,0,1
25.4,69.0,7.6,0.0,30,343.4,5.1,65.0,0.5,4.4,Cerrado,MT,0,0,0
25.4,69.0,7.6,0.0,30,332.9,5.3,65.0,0.7,11.6,Mata Atlantica,TO,0,0,1
25.4,69.0,7.6,0.0,30,334.8,3.1,65.0,0.7,3.5,Mata Atlantica,TO,0,0,0
25.4,69.0,7.6,0.0,30,337.0,6.9,65.0,0.8,11.5,Amazonia,PA,0,0,1
25.4,69.0,7.6,0.0,30,337.7,4.1,65.0,0.8,7.6,Amazonia,PA,0,0,1
25.4,69.0,7.6,0.0,30,340.1,6.4,65.0,0.8,17.0,Amazonia,PA,0,0,1
25.4,69.0,7.6,0.0,30,350.0,6.4,65.0,0.8,11.6,Amazonia,PA,0,0,0
25.4,69.0,7.6,0.0,30,342.4,4.4,65.0,0.8,16.2,Amazonia,PA,0,0,0
25.4,69.0,7.6,0.0,30,332.5,4.1,65.0,0.8,6.2,Amazonia,PA,0,0,1
25.4,69.0,7.6,0.0,30,337.5,4.1,65.0,0.8,10.3,Amazonia,PA,0,0,0
25.4,69.0,7.6,0.0,30,353.9,6.4,65.0,0.8,5.1,Amazonia,PA,0,0,1
25.4,69.0,7.6,0.0,30,336.2,6.4,65.0,0.8,7.9,Amazonia,PA,0,0,0
25.4,69.0,7.6,0.0,30,333.3,7.0,65.0,0.8,8.7,Amazonia,PA,0,0,0
25.4,69.0,7.6,0.0,30,337.5,5.3,65.0,0.8,6.4,Amazonia,PA,0,0,0
25.4,69.0,7.6,0.0,30,333.4,3.8,65.0,0.8,3.9,Amazonia,PA,0,0,0
25.4,69.0,7.6,0.0,30,332.5,5.6,65.0,0.8,2.9,Amazonia,PA,0,0,0
25.4,69.0,7.6,0.0,30,336.0,4.8,65.0,0.8,0.0,Amazonia,AM,0,0,0
25.4,69.0,7.6,0.0,30,332.1,2.2,65.0,0.8,4.7,Amazonia,PA,0,0,0
25.4,69.0,7.6,0.0,30,335.0,2.2,65.0,0.8,13.1,Amazonia,PA,0,0,1
25.4,69.0,7.6,0.0,30,337.8,17.3,65.0,0.8,2.0,Amazonia,AM,0,0,0
25.4,69.0,7.6,0.0,30,345.5,7.0,65.0,0.8,3.2,Amazonia,AM,0,0,0
25.4,69.0,7.6,0.0,30,336.0,5.2,65.0,0.8,19.0,Amazonia,PA,0,0,0
25.4,69.0,7.6,0.0,30,336.8,2.9,65.0,0.8,6.8,Amazonia,PA,0,0,0
25.4,69.0,7.6,0.0,30,335.5,25.0,65.0,0.8,11.6,Amazonia,PA,0,0,1
25.4,69.0,7.6,0.0,30,331.4,5.2,65.0,0.5,13.2,Desconhecido,??,0,0,0
25.4,69.0,7.6,0.0,30,335.7,5.8,65.0,0.5,13.3,Desconhecido,??,0,0,0
25.4,69.0,7.6,0.0,30,302.2,0.7,65.0,0.7,2.4,Mata Atlantica,??,0,0,0
25.4,69.0,7.6,0.0,30,302.1,2.7,65.0,0.7,8.8,Mata Atlantica,MA,0,0,0
25.4,69.0,7.6,0.0,30,311.6,2.7,65.0,0.7,1.9,Mata Atlantica,MA,0,0,0
25.4,69.0,7.6,0.0,30,307.3,3.9,65.0,0.7,22.2,Mata Atlantica,MA,0,0,0
25.4,69.0,7.6,0.0,30,300.6,1.7,65.0,0.3,2.0,Caatinga,MA,0,0,1
25.4,69.0,7.6,0.0,30,303.4,1.7,65.0,0.3,4.8,Caatinga,MA,0,0,0
25.4,69.0,7.6,0.0,30,317.1,2.9,65.0,0.3,4.8,Caatinga,MA,0,0,0
25.4,69.0,7.6,0.0,30,302.0,1.9,65.0,0.3,2.5,Caatinga,MA,0,0,0
25.4,69.0,7.6,0.0,30,309.6,2.9,65.0,0.3,16.8,Caatinga,MA,0,0,0
25.4,69.0,7.6,0.0,30,347.2,11.2,65.0,0.3,22.1,Caatinga,MA,0,0,0
25.4,69.0,7.6,0.0,30,309.7,6.3,65.0,0.3,7.6,Caatinga,MA,0,0,0
25.4,69.0,7.6,0.0,30,352.4,11.2,65.0,0.3,3.4,Caatinga,MA,0,0,1
25.4,69.0,7.6,0.0,30,367.0,10.5,95.0,0.3,0.0,Caatinga,MA,0,0,0
25.4,69.0,7.6,0.0,30,322.5,9.7,65.0,0.3,8.8,Caatinga,MA,0,0,0
25.4,69.0,7.6,0.0,30,341.7,10.5,65.0,0.3,8.4,Caatinga,MA,0,0,0
25.4,69.0,7.6,0.0,30,315.6,7.0,65.0,0.3,6.7,Caatinga,MA,0,0,1
25.4,69.0,7.6,0.0,30,315.8,9.5,65.0,0.3,11.1,Caatinga,MA,0,0,1
25.4,69.0,7.6,0.0,30,340.4,7.0,65.0,0.3,12.0,Caatinga,MA,0,0,0
25.4,69.0,7.6,0.0,30,342.5,6.7,65.0,0.3,11.6,Caatinga,MA,0,0,1
25.4,69.0,7.6,0.0,30,337.0,9.5,65.0,0.3,8.4,Caatinga,MA,0,0,0
25.4,69.0,7.6,0.0,30,323.0,6.7,65.0,0.3,4.5,Caatinga,MA,0,0,0
25.4,69.0,7.6,0.0,30,307.5,2.6,65.0,0.3,13.3,Caatinga,CE,0,0,1
25.4,69.0,7.6,0.0,30,345.9,5.6,65.0,0.3,10.1,Caatinga,CE,0,0,0
25.4,69.0,7.6,0.0,30,307.3,1.0,65.0,0.3,14.4,Caatinga,CE,0,0,1
25.4,69.0,7.6,0.0,30,306.7,1.0,65.0,0.3,14.0,Caatinga,CE,0,0,0
25.4,69.0,7.6,0.0,30,308.1,1.4,65.0,0.3,2.9,Caatinga,CE,0,0,1
25.4,69.0,7.6,0.0,30,301.6,0.8,65.0,0.3,2.8,Caatinga,CE,0,0,0
25.4,69.0,7.6,0.0,30,304.8,0.8,65.0,0.3,6.2,Caatinga,CE,0,0,0
25.4,69.0,7.6,0.0,30,310.6,1.7,65.0,0.3,4.7,Caatinga,BA,0,0,0
25.4,69.0,7.6,0.0,30,305.2,0.8,65.0,0.3,13.8,Caatinga,BA,0,0,1
25.4,69.0,7.6,0.0,30,331.6,6.3,65.0,0.7,11.8,Mata Atlantica,BA,0,0,0
25.4,69.0,7.6,0.0,30,305.7,1.6,65.0,0.3,15.5,Caatinga,BA,0,0,1
25.4,69.0,7.6,0.0,30,317.7,1.6,65.0,0.3,12.0,Caatinga,BA,0,0,1
25.4,69.0,7.6,0.0,30,302.5,0.6,65.0,0.3,11.0,Caatinga,BA,0,0,0
25.4,69.0,7.6,0.0,30,306.0,0.9,65.0,0.3,16.0,Caatinga,BA,0,0,1
25.4,69.0,7.6,0.0,30,317.1,2.0,65.0,0.3,12.3,Caatinga,BA,0,0,1
25.4,69.0,7.6,0.0,30,303.6,0.9,65.0,0.7,10.3,Mata Atlantica,??,0,0,0
25.4,69.0,7.6,0.0,30,305.2,0.6,65.0,0.3,17.4,Caatinga,BA,0,0,0
25.4,69.0,7.6,0.0,30,304.3,0.6,65.0,0.3,10.6,Caatinga,BA,0,0,0
25.4,69.0,7.6,0.0,30,317.0,2.8,65.0,0.7,8.5,Mata Atlantica,BA,0,0,1
25.4,69.0,7.6,0.0,30,297.6,2.8,65.0,0.7,5.8,Mata Atlantica,BA,0,0,0
25.4,69.0,7.6,0.0,30,324.0,3.8,65.0,0.7,13.5,Mata Atlantica,BA,0,0,1
25.4,69.0,7.6,0.0,30,297.8,2.8,65.0,0.7,16.2,Mata Atlantica,BA,0,0,1
25.4,69.0,7.6,0.0,30,326.4,2.8,65.0,0.7,9.7,Mata Atlantica,BA,0,0,0
25.4,69.0,7.6,0.0,30,300.7,3.8,65.0,0.7,16.5,Mata Atlantica,BA,0,0,0
25.4,69.0,7.6,0.0,30,325.8,10.6,65.0,0.7,0.1,Mata Atlantica,BA,0,0,0
25.4,69.0,7.6,0.0,30,299.0,1.8,65.0,0.7,9.7,Mata Atlantica,BA,0,0,1
25.4,69.0,7.6,0.0,30,324.5,6.4,65.0,0.7,9.8,Mata Atlantica,BA,0,0,0
25.4,69.0,7.6,0.0,30,302.7,2.5,65.0,0.7,6.4,Mata Atlantica,BA,0,0,0
25.4,69.0,7.6,0.0,30,320.0,2.5,65.0,0.7,21.9,Mata Atlantica,BA,0,0,0
25.4,69.0,7.6,0.0,30,305.8,0.6,65.0,0.3,9.7,Caatinga,BA,0,0,1
25.4,69.0,7.6,0.0,30,304.6,0.6,65.0,0.3,8.0,Caatinga,BA,0,0,0
25.4,69.0,7.6,0.0,30,302.1,2.7,65.0,0.7,10.1,Mata Atlantica,MA,0,0,0
25.4,69.0,7.6,0.0,30,317.5,3.4,65.0,0.7,0.0,Mata Atlantica,MA,0,0,1
25.4,69.0,7.6,0.0,30,305.8,3.4,65.0,0.7,6.2,Mata Atlantica,MA,0,0,0
25.4,69.0,7.6,0.0,30,305.7,1.5,65.0,0.7,14.9,Mata Atlantica,MG,0,0,0
25.4,69.0,7.6,0.0,30,309.4,2.1,65.0,0.7,6.9,Mata Atlantica,MG,0,0,0
25.4,69.0,7.6,0.0,30,320.4,2.8,65.0,0.7,5.9,Mata Atlantica,MG,0,0,1
25.4,69.0,7.6,0.0,30,298.4,1.5,65.0,0.7,16.5,Mata Atlantica,MG,0,0,0
25.4,69.0,7.6,0.0,30,307.3,2.8,65.0,0.7,16.7,Mata Atlantica,MG,0,0,0
25.4,69.0,7.6,0.0,30,307.2,3.8,65.0,0.7,12.6,Mata Atlantica,MG,0,0,0
25.4,69.0,7.6,0.0,30,298.5,3.3,65.0,0.7,7.7,Mata Atlantica,MG,0,0,0
25.4,69.0,7.6,0.0,30,326.9,4.5,65.0,0.7,8.8,Mata Atlantica,MG,0,0,0
25.4,69.0,7.6,0.0,30,316.3,2.7,65.0,0.7,6.0,Mata Atlantica,MG,0,0,0
25.4,69.0,7.6,0.0,30,298.9,1.5,65.0,0.7,5.0,Mata Atlantica,MG,0,0,0
25.4,69.0,7.6,0.0,30,302.3,1.6,65.0,0.7,4.8,Mata Atlantica,MG,0,0,0
25.4,69.0,7.6,0.0,30,301.8,1.5,65.0,0.7,6.9,Mata Atlantica,MG,0,0,0
25.4,69.0,7.6,0.0,30,304.3,2.3,65.0,0.7,4.8,Mata Atlantica,MG,0,0,1
25.4,69.0,7.6,0.0,30,306.4,1.8,65.0,0.7,2.2,Mata Atlantica,MG,0,0,0
25.4,69.0,7.6,0.0,30,299.3,1.0,65.0,0.7,11.1,Mata Atlantica,MG,0,0,0
25.4,69.0,7.6,0.0,30,295.5,0.4,65.0,0.7,11.2,Mata Atlantica,MG,0,0,0
25.4,69.0,7.6,0.0,30,300.7,0.8,65.0,0.7,18.5,Mata Atlantica,MG,0,0,0
25.4,69.0,7.6,0.0,30,316.0,2.2,65.0,0.7,6.7,Mata Atlantica,MG,0,0,0
25.4,69.0,7.6,0.0,30,299.4,0.6,65.0,0.7,11.5,Mata Atlantica,BA,0,0,0
25.4,69.0,7.6,0.0,30,298.7,0.4,65.0,0.7,11.6,Mata Atlantica,BA,0,0,0
25.4,69.0,7.6,0.0,30,318.4,2.8,65.0,0.7,8.7,Mata Atlantica,??,0,0,1
25.4,69.0,7.6,0.0,30,345.6,4.0,65.0,0.7,13.7,Mata Atlantica,??,0,0,1
25.4,69.0,7.6,0.0,30,315.6,4.0,65.0,0.7,13.9,Mata Atlantica,??,0,0,0
25.4,69.0,7.6,0.0,30,297.6,2.1,65.0,0.5,11.6,Cerrado,MG,0,0,1
25.4,69.0,7.6,0.0,30,300.8,2.2,65.0,0.7,8.7,Mata Atlantica,MG,0,0,0
25.4,69.0,7.6,0.0,30,320.2,2.2,65.0,0.7,8.2,Mata Atlantica,MG,0,0,0
25.4,69.0,7.6,0.0,30,308.9,2.1,65.0,0.5,3.2,Cerrado,MG,0,0,0
25.4,69.0,7.6,0.0,30,298.6,1.4,65.0,0.7,6.0,Mata Atlantica,MG,0,0,0
25.4,69.0,7.6,0.0,30,308.4,3.3,65.0,0.7,6.9,Mata Atlantica,MG,0,0,0
25.4,69.0,7.6,0.0,30,306.7,1.4,65.0,0.7,4.4,Mata Atlantica,MG,0,0,1
25.4,69.0,7.6,0.0,30,310.6,1.4,65.0,0.7,12.2,Mata Atlantica,MG,0,0,0
25.4,69.0,7.6,0.0,30,300.3,1.6,65.0,0.5,16.0,Cerrado,MG,0,0,1
25.4,69.0,7.6,0.0,30,309.2,1.6,65.0,0.5,5.5,Cerrado,MG,0,0,1
25.4,69.0,7.6,0.0,30,304.5,0.5,65.0,0.8,11.4,Amazonia,PA,0,0,0
25.4,69.0,7.6,0.0,30,305.9,0.5,65.0,0.8,4.8,Amazonia,PA,0,0,0
25.4,69.0,7.6,0.0,30,311.5,2.7,65.0,0.7,8.5,Mata Atlantica,BA,0,0,1
25.4,69.0,7.6,0.0,30,303.6,2.8,65.0,0.7,6.5,Mata Atlantica,BA,0,0,1
25.4,69.0,7.6,0.0,30,318.6,2.8,65.0,0.7,13.0,Mata Atlantica,BA,0,0,0
25.4,69.0,7.6,0.0,30,304.8,2.6,65.0,0.7,6.6,Mata Atlantica,BA,0,0,0
25.4,69.0,7.6,0.0,30,315.1,4.2,65.0,0.7,15.1,Mata Atlantica,BA,0,0,1
25.4,69.0,7.6,0.0,30,295.3,1.2,65.0,0.7,8.8,Mata Atlantica,BA,0,0,0
25.4,69.0,7.6,0.0,30,299.8,1.2,65.0,0.7,6.8,Mata Atlantica,BA,0,0,0
25.4,69.0,7.6,0.0,30,321.0,2.1,65.0,0.7,3.7,Mata Atlantica,TO,0,0,0
25.4,69.0,7.6,0.0,30,307.1,2.1,65.0,0.7,11.3,Mata Atlantica,TO,0,0,0
25.4,69.0,7.6,0.0,30,344.8,2.9,65.0,0.7,14.5,Mata Atlantica,TO,0,0,0
25.4,69.0,7.6,0.0,30,305.5,2.9,65.0,0.7,11.4,Mata Atlantica,TO,0,0,0
25.4,69.0,7.6,0.0,30,322.3,2.1,65.0,0.7,21.2,Mata Atlantica,TO,0,0,0
25.4,69.0,7.6,0.0,30,330.5,2.1,65.0,0.7,17.1,Mata Atlantica,TO,0,0,1
25.4,69.0,7.6,0.0,30,307.7,1.5,65.0,0.7,8.5,Mata Atlantica,TO,0,0,1
25.4,69.0,7.6,0.0,30,319.7,1.5,65.0,0.7,8.4,Mata Atlantica,TO,0,0,0
25.4,69.0,7.6,0.0,30,301.0,0.7,65.0,0.7,12.3,Mata Atlantica,TO,0,0,1
25.4,69.0,7.6,0.0,30,306.3,1.5,65.0,0.7,5.8,Mata Atlantica,TO,0,0,0
25.4,69.0,7.6,0.0,30,301.6,0.7,65.0,0.7,15.8,Mata Atlantica,TO,0,0,1
25.4,69.0,7.6,0.0,30,301.3,0.9,65.0,0.7,11.8,Mata Atlantica,TO,0,0,0
25.4,69.0,7.6,0.0,30,327.1,1.9,65.0,0.7,11.3,Mata Atlantica,TO,0,0,0
25.4,69.0,7.6,0.0,30,301.3,1.9,65.0,0.7,13.4,Mata Atlantica,TO,0,0,0
25.4,69.0,7.6,0.0,30,326.9,2.0,65.0,0.7,18.6,Mata Atlantica,TO,0,0,0
25.4,69.0,7.6,0.0,30,315.2,2.0,65.0,0.7,10.9,Mata Atlantica,TO,0,0,0
25.4,69.0,7.6,0.0,30,307.8,1.0,65.0,0.7,9.4,Mata Atlantica,TO,0,0,0
25.4,69.0,7.6,0.0,30,302.2,1.4,65.0,0.5,17.5,Cerrado,MT,0,0,1
25.4,69.0,7.6,0.0,30,367.0,8.1,95.0,0.7,14.8,Mata Atlantica,TO,0,0,1
25.4,69.0,7.6,0.0,30,344.4,6.2,65.0,0.7,8.4,Mata Atlantica,TO,0,0,0
25.4,69.0,7.6,0.0,30,310.1,6.2,65.0,0.7,10.0,Mata Atlantica,TO,0,0,0
25.4,69.0,7.6,0.0,30,316.7,2.1,65.0,0.7,11.0,Mata Atlantica,TO,0,0,1
25.4,69.0,7.6,0.0,30,313.4,2.6,65.0,0.7,11.8,Mata Atlantica,TO,0,0,0
25.4,69.0,7.6,0.0,30,303.8,2.6,65.0,0.7,3.2,Mata Atlantica,TO,0,0,1
25.4,69.0,7.6,0.0,30,367.0,7.8,95.0,0.7,2.3,Mata Atlantica,TO,0,0,1
25.4,69.0,7.6,0.0,30,367.0,7.8,95.0,0.7,5.6,Mata Atlantica,TO,0,0,1
25.4,69.0,7.6,0.0,30,318.3,3.7,65.0,0.7,5.2,Mata Atlantica,TO,0,0,0
25.4,69.0,7.6,0.0,30,355.3,15.0,65.0,0.8,6.8,Amazonia,PA,0,0,0
25.4,69.0,7.6,0.0,30,367.0,25.0,95.0,0.8,13.2,Amazonia,PA,0,0,1
25.4,69.0,7.6,0.0,30,367.0,27.3,95.0,0.8,9.2,Amazonia,PA,0,0,1
25.4,69.0,7.6,0.0,30,367.0,65.3,95.0,0.8,11.0,Amazonia,PA,0,0,0
25.4,69.0,7.6,0.0,30,367.0,27.3,95.0,0.8,3.9,Amazonia,PA,0,0,1
25.4,69.0,7.6,0.0,30,335.5,17.1,65.0,0.8,7.7,Amazonia,PA,0,0,1
25.4,69.0,7.6,0.0,30,351.9,25.0,65.0,0.8,12.9,Amazonia,PA,0,0,0
25.4,69.0,7.6,0.0,30,350.6,24.7,65.0,0.8,13.0,Amazonia,PA,0,0,1
25.4,69.0,7.6,0.0,30,367.0,65.3,95.0,0.8,6.4,Amazonia,PA,0,0,1
25.4,69.0,7.6,0.0,30,367.0,24.7,95.0,0.8,10.8,Amazonia,PA,0,0,0
25.4,69.0,7.6,0.0,30,336.2,8.4,65.0,0.8,21.0,Amazonia,PA,0,0,0
25.4,69.0,7.6,0.0,30,335.3,24.7,65.0,0.8,9.9,Amazonia,PA,0,0,1
25.4,69.0,7.6,0.0,30,343.2,7.9,65.0,0.8,6.5,Amazonia,PA,0,0,1
25.4,69.0,7.6,0.0,30,343.5,3.9,65.0,0.8,9.1,Amazonia,PA,0,0,1
25.4,69.0,7.6,0.0,30,345.8,3.5,65.0,0.8,10.5,Amazonia,PA,0,0,1
25.4,69.0,7.6,0.0,30,340.8,6.9,65.0,0.8,9.2,Amazonia,PA,0,0,1
25.4,69.0,7.6,0.0,30,335.2,3.6,65.0,0.8,9.8,Amazonia,PA,0,0,1
25.4,69.0,7.6,0.0,30,337.2,5.0,65.0,0.8,2.8,Amazonia,PA,0,0,1
25.4,69.0,7.6,0.0,30,334.6,4.8,65.0,0.8,5.2,Amazonia,PA,0,0,1
25.4,69.0,7.6,0.0,30,353.6,6.6,65.0,0.8,9.3,Amazonia,PA,0,0,1
25.4,69.0,7.6,0.0,30,330.4,1.2,65.0,0.8,9.2,Amazonia,PA,0,0,0
25.4,69.0,7.6,0.0,30,333.5,2.5,65.0,0.8,7.2,Amazonia,PA,0,0,1
25.4,69.0,7.6,0.0,30,343.9,5.8,65.0,0.8,9.1,Amazonia,PA,0,0,1
25.4,69.0,7.6,0.0,30,338.7,5.8,65.0,0.8,10.3,Amazonia,PA,0,0,0
25.4,69.0,7.6,0.0,30,347.6,27.8,65.0,0.8,14.4,Amazonia,PA,0,0,0
25.4,69.0,7.6,0.0,30,349.5,27.8,65.0,0.8,9.5,Amazonia,PA,0,0,1
25.4,69.0,7.6,0.0,30,344.1,7.6,65.0,0.8,12.0,Amazonia,PA,0,0,0
25.4,69.0,7.6,0.0,30,345.2,7.6,65.0,0.8,7.3,Amazonia,PA,0,0,0
25.4,69.0,7.6,0.0,30,333.0,2.9,65.0,0.8,12.9,Amazonia,PA,0,0,1
25.4,69.0,7.6,0.0,30,334.2,5.9,65.0,0.8,11.9,Amazonia,PA,0,0,0
25.4,69.0,7.6,0.0,30,354.1,8.0,65.0,0.8,14.3,Amazonia,PA,0,0,0
25.4,69.0,7.6,0.0,30,333.7,8.0,65.0,0.8,13.6,Amazonia,PA,0,0,0
25.4,69.0,7.6,0.0,30,353.2,8.0,65.0,0.8,12.9,Amazonia,PA,0,0,1
25.4,69.0,7.6,0.0,30,344.4,6.7,65.0,0.8,9.5,Amazonia,PA,0,0,1
25.4,69.0,7.6,0.0,30,353.2,8.1,65.0,0.8,11.2,Amazonia,PA,0,0,0
25.4,69.0,7.6,0.0,30,345.7,24.1,65.0,0.8,15.3,Amazonia,PA,0,0,0
25.4,69.0,7.6,0.0,30,349.7,6.6,65.0,0.8,6.7,Amazonia,PA,0,0,0
25.4,69.0,7.6,0.0,30,338.4,7.8,65.0,0.8,6.9,Amazonia,PA,0,0,1
25.4,69.0,7.6,0.0,30,347.0,5.9,65.0,0.8,10.9,Amazonia,PA,0,0,0
25.4,69.0,7.6,0.0,30,330.7,5.9,65.0,0.8,12.1,Amazonia,PA,0,0,0
25.4,69.0,7.6,0.0,30,344.6,6.5,65.0,0.8,5.9,Amazonia,PA,0,0,0
25.4,69.0,7.6,0.0,30,331.5,4.8,65.0,0.8,9.6,Amazonia,PA,0,0,1
25.4,69.0,7.6,0.0,30,340.3,3.2,65.0,0.8,9.5,Amazonia,PA,0,0,0
25.4,69.0,7.6,0.0,30,328.7,3.0,65.0,0.8,0.0,Amazonia,AM,0,0,1
25.4,69.0,7.6,0.0,30,353.9,12.0,65.0,0.8,8.9,Amazonia,PA,0,0,0
25.4,69.0,7.6,0.0,30,338.0,5.1,65.0,0.8,9.2,Amazonia,PA,0,0,1
25.4,69.0,7.6,0.0,30,345.1,4.7,65.0,0.8,9.2,Amazonia,PA,0,0,0
25.4,69.0,7.6,0.0,30,333.0,5.7,65.0,0.8,17.1,Amazonia,AM,0,0,0
25.4,69.0,7.6,0.0,30,347.2,10.5,65.0,0.8,3.9,Amazonia,PA,0,0,1
25.4,69.0,7.6,0.0,30,332.1,4.3,65.0,0.8,5.9,Amazonia,PA,0,0,0
25.4,69.0,7.6,0.0,30,330.5,3.8,65.0,0.8,0.0,Amazonia,PA,0,0,0
25.4,69.0,7.6,0.0,30,331.4,3.8,65.0,0.8,7.6,Amazonia,PA,0,0,0
25.4,69.0,7.6,0.0,30,351.2,5.5,65.0,0.8,8.0,Amazonia,PA,0,0,0
25.4,69.0,7.6,0.0,30,333.8,5.5,65.0,0.8,7.5,Amazonia,PA,0,0,1
25.4,69.0,7.6,0.0,30,341.6,3.3,65.0,0.8,15.5,Amazonia,PA,0,0,0
25.4,69.0,7.6,0.0,30,331.6,4.6,65.0,0.8,14.3,Amazonia,PA,0,0,1
25.4,69.0,7.6,0.0,30,348.9,4.6,65.0,0.8,10.4,Amazonia,PA,0,0,1
25.4,69.0,7.6,0.0,30,337.6,4.6,65.0,0.8,8.1,Amazonia,PA,0,0,1
25.4,69.0,7.6,0.0,30,339.5,4.0,65.0,0.8,15.1,Amazonia,PA,0,0,0
25.4,69.0,7.6,0.0,30,333.0,4.2,65.0,0.8,9.9,Amazonia,AM,0,0,0
25.4,69.0,7.6,0.0,30,340.2,18.3,65.0,0.8,5.9,Amazonia,PA,0,0,1
25.4,69.0,7.6,0.0,30,334.5,4.2,65.0,0.8,1.4,Amazonia,PA,0,0,1
25.4,69.0,7.6,0.0,30,339.1,4.2,65.0,0.8,7.8,Amazonia,PA,0,0,1
25.4,69.0,7.6,0.0,30,349.8,6.4,65.0,0.8,13.8,Amazonia,PA,0,0,1
25.4,69.0,7.6,0.0,30,343.5,12.4,65.0,0.8,21.4,Amazonia,PA,0,0,1
25.4,69.0,7.6,0.0,30,330.6,3.5,65.0,0.8,10.3,Amazonia,PA,0,0,0
25.4,69.0,7.6,0.0,30,339.7,7.0,65.0,0.8,6.2,Amazonia,PA,0,0,1
25.4,69.0,7.6,0.0,30,341.6,7.0,65.0,0.8,4.1,Amazonia,PA,0,0,0
25.4,69.0,7.6,0.0,30,333.9,7.4,65.0,0.7,12.8,Mata Atlantica,MA,0,0,0
25.4,69.0,7.6,0.0,30,345.2,7.4,65.0,0.7,1.2,Mata Atlantica,MA,0,0,0
25.4,69.0,7.6,0.0,30,340.6,9.3,65.0,0.8,12.8,Amazonia,PA,0,0,1
25.4,69.0,7.6,0.0,30,329.0,4.3,65.0,0.7,14.1,Mata Atlantica,MA,0,0,0
25.4,69.0,7.6,0.0,30,333.9,32.8,65.0,0.8,12.2,Amazonia,AM,0,0,1
25.4,69.0,7.6,0.0,30,327.9,1.8,65.0,0.8,8.9,Amazonia,AM,0,0,0
25.4,69.0,7.6,0.0,30,327.8,2.8,65.0,0.8,12.8,Amazonia,AM,0,0,0
25.4,69.0,7.6,0.0,30,328.4,1.7,65.0,0.8,10.9,Amazonia,PA,0,0,0
25.4,69.0,7.6,0.0,30,333.2,8.7,65.0,0.8,6.1,Amazonia,PA,0,0,0
25.4,69.0,7.6,0.0,30,335.8,3.2,65.0,0.8,19.3,Amazonia,AM,0,0,0
25.4,69.0,7.6,0.0,30,331.9,2.5,65.0,0.8,8.2,Amazonia,AM,0,0,0
25.4,69.0,7.6,0.0,30,333.4,6.7,65.0,0.8,13.9,Amazonia,PA,0,0,0
25.4,69.0,7.6,0.0,30,367.0,6.3,95.0,0.8,0.0,Amazonia,PA,0,0,1
25.4,69.0,7.6,0.0,30,354.7,5.8,65.0,0.8,16.4,Amazonia,PA,0,0,1
25.4,69.0,7.6,0.0,30,333.9,4.6,65.0,0.8,17.3,Amazonia,AM,0,0,0
25.4,69.0,7.6,0.0,30,335.6,2.7,65.0,0.8,10.1,Amazonia,AM,0,0,0
25.4,69.0,7.6,0.0,30,331.4,3.8,65.0,0.8,12.8,Amazonia,AM,0,0,1
25.4,69.0,7.6,0.0,30,332.6,2.5,65.0,0.8,12.8,Amazonia,AM,0,0,0
25.4,69.0,7.6,0.0,30,338.8,4.2,65.0,0.8,6.8,Amazonia,AM,0,0,1
25.4,69.0,7.6,0.0,30,328.6,1.9,65.0,0.8,12.7,Amazonia,AM,0,0,0
25.4,69.0,7.6,0.0,30,340.4,6.3,65.0,0.8,6.0,Amazonia,AM,0,0,1
25.4,69.0,7.6,0.0,30,336.5,9.2,65.0,0.8,7.0,Amazonia,AM,0,0,1
25.4,69.0,7.6,0.0,30,347.1,9.2,65.0,0.8,15.6,Amazonia,AM,0,0,0
25.4,69.0,7.6,0.0,30,344.9,9.1,65.0,0.8,14.9,Amazonia,AM,0,0,0
25.4,69.0,7.6,0.0,30,334.5,1.5,65.0,0.8,6.5,Amazonia,AM,0,0,0
25.4,69.0,7.6,0.0,30,335.4,7.7,65.0,0.8,6.3,Amazonia,AM,0,0,0
25.4,69.0,7.6,0.0,30,333.7,2.0,65.0,0.8,6.8,Amazonia,AM,0,0,0
25.4,69.0,7.6,0.0,30,328.6,1.7,65.0,0.8,13.7,Amazonia,AM,0,0,1
25.4,69.0,7.6,0.0,30,343.0,6.4,65.0,0.8,5.0,Amazonia,AM,0,0,1
25.4,69.0,7.6,0.0,30,353.6,7.6,65.0,0.8,11.8,Amazonia,AM,0,0,0
25.4,69.0,7.6,0.0,30,333.8,17.1,65.0,0.8,13.7,Amazonia,AM,0,0,0
25.4,69.0,7.6,0.0,30,341.8,6.2,65.0,0.8,9.6,Amazonia,AM,0,0,0
25.4,69.0,7.6,0.0,30,332.1,2.9,65.0,0.8,15.1,Amazonia,AM,0,0,0
25.4,69.0,7.6,0.0,30,332.0,2.9,65.0,0.8,8.5,Amazonia,AM,0,0,0
25.4,69.0,7.6,0.0,30,347.6,8.7,65.0,0.8,8.9,Amazonia,AM,0,0,0
25.4,69.0,7.6,0.0,30,343.7,9.2,65.0,0.8,5.1,Amazonia,AM,0,0,0
25.4,69.0,7.6,0.0,30,337.5,3.5,65.0,0.8,15.1,Amazonia,AM,0,0,0
25.4,69.0,7.6,0.0,30,336.4,5.5,65.0,0.8,6.2,Amazonia,AM,0,0,0
25.4,69.0,7.6,0.0,30,331.4,2.1,65.0,0.8,11.7,Amazonia,AM,0,0,1
25.4,69.0,7.6,0.0,30,337.5,5.3,65.0,0.8,9.6,Amazonia,AM,0,0,1
25.4,69.0,7.6,0.0,30,335.7,5.1,65.0,0.8,4.7,Amazonia,AM,0,0,0
25.4,69.0,7.6,0.0,30,329.5,4.5,65.0,0.5,7.0,Desconhecido,??,0,0,0
25.4,69.0,7.6,0.0,30,347.7,6.7,65.0,0.5,16.9,Desconhecido,??,0,0,1
25.4,69.0,7.6,0.0,30,341.9,9.5,65.0,0.5,11.0,Desconhecido,??,0,0,0
25.4,69.0,7.6,0.0,30,336.2,4.0,65.0,0.5,5.0,Desconhecido,??,0,0,0
25.4,69.0,7.6,0.0,30,353.0,6.9,65.0,0.5,11.5,Desconhecido,??,0,0,1
25.4,69.0,7.6,0.0,30,334.9,7.1,65.0,0.5,9.3,Desconhecido,??,0,0,0
25.4,69.0,7.6,0.0,30,330.2,7.4,65.0,0.5,27.3,Desconhecido,??,0,0,0
25.4,69.0,7.6,0.0,30,330.1,5.6,65.0,0.5,11.4,Desconhecido,??,0,0,0
25.4,69.0,7.6,0.0,30,328.2,4.9,65.0,0.5,8.1,Desconhecido,??,0,0,0
25.4,69.0,7.6,0.0,30,330.1,3.2,65.0,0.5,17.1,Desconhecido,??,0,0,0
25.4,69.0,7.6,0.0,30,333.9,3.1,65.0,0.5,0.8,Desconhecido,??,0,0,0
25.4,69.0,7.6,0.0,30,329.0,2.4,65.0,0.5,10.5,Desconhecido,??,0,0,0
25.4,69.0,7.6,0.0,30,347.0,4.8,65.0,0.5,20.0,Desconhecido,??,0,0,0
25.4,69.0,7.6,0.0,30,341.9,4.8,65.0,0.5,9.4,Desconhecido,??,0,0,0
25.4,69.0,7.6,0.0,30,328.6,2.7,65.0,0.5,1.3,Desconhecido,??,0,0,0
25.4,69.0,7.6,0.0,30,336.2,5.4,65.0,0.5,8.0,Desconhecido,??,0,0,0
25.4,69.0,7.6,0.0,30,334.9,3.7,65.0,0.5,17.3,Desconhecido,??,0,0,0
25.4,69.0,7.6,0.0,30,367.0,6.7,95.0,0.5,11.9,Desconhecido,??,0,0,0
25.4,69.0,7.6,0.0,30,313.4,2.9,65.0,0.5,5.8,Desconhecido,??,0,0,0
25.4,69.0,7.6,0.0,30,315.8,4.4,65.0,0.6,6.6,Pantanal,MT,0,0,0
25.4,69.0,7.6,0.0,30,356.2,7.8,65.0,0.6,7.2,Pantanal,MT,0,0,1
25.4,69.0,7.6,0.0,30,302.5,1.2,65.0,0.5,11.8,Desconhecido,MT,0,0,0
25.4,69.0,7.6,0.0,30,307.9,7.8,65.0,0.6,16.7,Pantanal,MT,0,0,0
25.4,69.0,7.6,0.0,30,335.5,4.4,65.0,0.6,15.3,Pantanal,MT,0,0,0
25.4,69.0,7.6,0.0,30,338.1,7.8,65.0,0.6,12.3,Pantanal,MT,0,0,0
25.4,69.0,7.6,0.0,30,302.7,2.6,65.0,0.5,3.3,Desconhecido,MT,0,0,0
25.4,69.0,7.6,0.0,30,314.0,2.6,65.0,0.5,3.4,Desconhecido,MT,0,0,1
25.4,69.0,7.6,0.0,30,306.3,1.2,65.0,0.6,12.7,Pantanal,MT,0,0,0
25.4,69.0,7.6,0.0,30,310.3,4.3,65.0,0.5,3.3,Desconhecido,MT,0,0,0
25.4,69.0,7.6,0.0,30,312.1,2.2,65.0,0.6,8.9,Pantanal,MT,0,0,0
25.4,69.0,7.6,0.0,30,303.4,1.2,65.0,0.6,11.5,Pantanal,MT,0,0,0
25.4,69.0,7.6,0.0,30,325.7,2.6,65.0,0.5,4.3,Desconhecido,MT,0,0,1
25.4,69.0,7.6,0.0,30,331.3,4.3,65.0,0.5,4.9,Desconhecido,MT,0,0,0
25.4,69.0,7.6,0.0,30,321.0,3.1,65.0,0.5,9.5,Desconhecido,MT,0,0,0
25.4,69.0,7.6,0.0,30,316.1,3.2,65.0,0.5,12.5,Desconhecido,MT,0,0,1
25.4,69.0,7.6,0.0,30,317.0,3.1,65.0,0.5,15.3,Desconhecido,MT,0,0,1
25.4,69.0,7.6,0.0,30,321.2,3.2,65.0,0.5,13.0,Desconhecido,MT,0,0,1
25.4,69.0,7.6,0.0,30,311.4,1.9,65.0,0.5,10.4,Desconhecido,MT,0,0,0
25.4,69.0,7.6,0.0,30,308.0,1.8,65.0,0.5,6.3,Desconhecido,MT,0,0,0
25.4,69.0,7.6,0.0,30,305.0,1.1,65.0,0.5,4.6,Cerrado,MT,0,0,0
25.4,69.0,7.6,0.0,30,327.3,6.8,65.0,0.5,7.4,Desconhecido,??,0,0,0
25.4,69.0,7.6,0.0,30,314.7,2.1,65.0,0.5,12.0,Desconhecido,MT,0,0,0
25.4,69.0,7.6,0.0,30,309.4,1.2,65.0,0.5,11.7,Desconhecido,MT,0,0,1
25.4,69.0,7.6,0.0,30,309.3,2.1,65.0,0.5,0.0,Desconhecido,MT,0,0,0
25.4,69.0,7.6,0.0,30,315.3,2.1,65.0,0.5,6.1,Desconhecido,MT,0,0,0
25.4,69.0,7.6,0.0,30,308.2,1.2,65.0,0.5,16.0,Desconhecido,MT,0,0,0
25.4,69.0,7.6,0.0,30,300.9,2.1,65.0,0.5,10.4,Desconhecido,MT,0,0,0
25.4,69.0,7.6,0.0,30,305.4,2.1,65.0,0.5,2.9,Desconhecido,MT,0,0,0
25.4,69.0,7.6,0.0,30,303.4,1.2,65.0,0.7,21.8,Mata Atlantica,GO,0,0,0
25.4,69.0,7.6,0.0,30,335.8,3.4,65.0,0.5,9.9,Cerrado,MT,0,0,0
25.4,69.0,7.6,0.0,30,335.0,5.8,65.0,0.5,11.9,Desconhecido,??,0,0,0
25.4,69.0,7.6,0.0,30,349.2,10.0,65.0,0.5,12.0,Desconhecido,??,0,0,1
25.4,69.0,7.6,0.0,30,307.9,0.6,65.0,0.5,8.2,Desconhecido,PR,0,0,0
25.4,69.0,7.6,0.0,30,304.3,0.2,65.0,0.5,6.4,Desconhecido,PR,0,0,1
25.4,69.0,7.6,0.0,30,330.6,4.7,65.0,0.7,20.6,Mata Atlantica,??,0,0,1
25.4,69.0,7.6,0.0,30,297.7,0.7,65.0,0.5,15.0,Desconhecido,SP,0,0,1
25.4,69.0,7.6,0.0,30,367.0,7.2,95.0,0.7,14.1,Mata Atlantica,??,0,0,1
25.4,69.0,7.6,0.0,30,307.4,7.2,65.0,0.7,12.9,Mata Atlantica,??,0,0,0
25.4,69.0,7.6,0.0,30,299.2,0.5,65.0,0.5,5.0,Cerrado,MS,0,0,0
25.4,69.0,7.6,0.0,30,298.9,2.0,65.0,0.5,16.4,Desconhecido,??,0,0,0
25.4,69.0,7.6,0.0,30,296.7,0.7,65.0,0.7,5.8,Mata Atlantica,SP,0,0,0
25.4,69.0,7.6,0.0,30,301.8,0.8,65.0,0.5,11.4,Cerrado,MS,0,0,1
25.4,69.0,7.6,0.0,30,304.6,1.2,65.0,0.5,1.8,Desconhecido,??,0,0,0
25.4,69.0,7.6,0.0,30,304.0,0.8,65.0,0.5,0.0,Cerrado,MS,0,0,0
25.4,69.0,7.6,0.0,30,306.1,0.8,65.0,0.5,11.6,Cerrado,MS,0,0,1
25.4,69.0,7.6,0.0,30,312.0,0.9,65.0,0.5,6.0,Cerrado,MS,0,0,0
25.4,69.0,7.6,0.0,30,302.2,0.9,65.0,0.5,0.1,Cerrado,MS,0,0,1
25.4,69.0,7.6,0.0,30,303.3,0.6,65.0,0.5,12.7,Cerrado,MS,0,0,1
25.4,69.0,7.6,0.0,30,338.4,5.6,65.0,0.5,20.6,Desconhecido,??,0,0,0
25.4,69.0,7.6,0.0,30,303.9,4.4,65.0,0.5,16.9,Desconhecido,??,0,0,0
25.4,69.0,7.6,0.0,30,306.1,0.9,65.0,0.5,8.7,Cerrado,MS,0,0,0
25.4,69.0,7.6,0.0,30,307.7,1.8,65.0,0.5,10.0,Desconhecido,??,0,0,0
25.4,69.0,7.6,0.0,30,304.0,1.4,65.0,0.5,14.4,Desconhecido,??,0,0,0
25.4,69.0,7.6,0.0,30,307.9,1.8,65.0,0.5,15.6,Cerrado,??,0,0,0
25.4,69.0,7.6,0.0,30,314.7,1.2,65.0,0.5,8.3,Desconhecido,??,0,0,0
25.4,69.0,7.6,0.0,30,321.4,2.3,65.0,0.5,10.2,Desconhecido,??,0,0,1
25.4,69.0,7.6,0.0,30,300.3,1.2,65.0,0.5,11.5,Desconhecido,??,0,0,0
25.4,69.0,7.6,0.0,30,308.5,1.5,65.0,0.5,12.8,Desconhecido,??,0,0,0
25.4,69.0,7.6,0.0,30,303.4,1.1,65.0,0.5,9.3,Desconhecido,??,0,0,0
25.4,69.0,7.6,0.0,30,315.9,2.2,65.0,0.5,9.4,Desconhecido,??,0,0,0
25.4,69.0,7.6,0.0,30,321.0,2.2,65.0,0.5,16.9,Desconhecido,??,0,0,1
25.4,69.0,7.6,0.0,30,335.1,4.8,65.0,0.5,16.0,Desconhecido,??,0,0,0
25.4,69.0,7.6,0.0,30,313.2,3.1,65.0,0.5,12.4,Desconhecido,??,0,0,0
25.4,69.0,7.6,0.0,30,321.0,2.3,65.0,0.5,18.6,Desconhecido,??,0,0,0
25.4,69.0,7.6,0.0,30,295.7,0.7,65.0,0.5,8.1,Desconhecido,??,0,0,0
25.4,69.0,7.6,0.0,30,296.1,0.7,65.0,0.5,18.1,Desconhecido,??,0,0,0
25.4,69.0,7.6,0.0,30,312.7,2.0,65.0,0.5,12.7,Desconhecido,??,0,0,0
25.4,69.0,7.6,0.0,30,330.9,2.0,65.0,0.5,26.4,Desconhecido,??,0,0,0
25.4,69.0,7.6,0.0,30,299.7,2.0,65.0,0.5,4.0,Desconhecido,??,0,0,0
25.4,69.0,7.6,0.0,30,306.0,2.0,65.0,0.5,6.6,Desconhecido,??,0,0,0
25.4,69.0,7.6,0.0,30,315.0,2.7,65.0,0.5,12.1,Desconhecido,??,0,0,0
25.4,69.0,7.6,0.0,30,295.7,0.6,65.0,0.5,12.0,Desconhecido,??,0,0,0
25.4,69.0,7.6,0.0,30,307.4,2.8,65.0,0.5,19.8,Desconhecido,??,0,0,1
25.4,69.0,7.6,0.0,30,311.7,2.0,65.0,0.5,6.7,Desconhecido,??,0,0,0
25.4,69.0,7.6,0.0,30,304.3,1.1,65.0,0.5,14.5,Desconhecido,??,0,0,0
25.4,69.0,7.6,0.0,30,303.3,2.3,65.0,0.5,15.8,Desconhecido,??,0,0,0
25.4,69.0,7.6,0.0,30,345.3,3.5,65.0,0.5,13.5,Desconhecido,??,0,0,0
25.4,69.0,7.6,0.0,30,328.2,5.0,65.0,0.7,5.2,Mata Atlantica,??,0,0,1
25.4,69.0,7.6,0.0,30,339.1,7.1,65.0,0.7,17.0,Mata Atlantica,??,0,0,1
25.4,69.0,7.6,0.0,30,349.0,7.1,65.0,0.7,16.1,Mata Atlantica,??,0,0,1
25.4,69.0,7.6,0.0,30,340.0,7.6,65.0,0.7,13.0,Mata Atlantica,MG,0,0,1
25.4,69.0,7.6,0.0,30,344.1,5.1,65.0,0.7,11.0,Mata Atlantica,MG,0,0,1
25.4,69.0,7.6,0.0,30,334.6,5.1,65.0,0.7,11.1,Mata Atlantica,MG,0,0,0
25.4,69.0,7.6,0.0,30,334.1,3.4,65.0,0.7,9.6,Mata Atlantica,MG,0,0,1
25.4,69.0,7.6,0.0,30,331.8,5.9,65.0,0.7,13.2,Mata Atlantica,MG,0,0,1
25.4,69.0,7.6,0.0,30,326.3,1.8,65.0,0.7,10.2,Mata Atlantica,MG,0,0,0
25.4,69.0,7.6,0.0,30,367.0,5.6,95.0,0.3,5.8,Caatinga,BA,0,0,0
25.4,69.0,7.6,0.0,30,327.6,5.6,65.0,0.3,4.8,Caatinga,BA,0,0,0
25.4,69.0,7.6,0.0,30,367.0,4.9,95.0,0.3,6.2,Caatinga,BA,0,0,0
25.4,69.0,7.6,0.0,30,325.5,4.9,65.0,0.3,11.1,Caatinga,BA,0,0,0
25.4,69.0,7.6,0.0,30,333.7,28.0,65.0,0.3,9.9,Caatinga,BA,0,0,0
25.4,69.0,7.6,0.0,30,367.0,164.5,95.0,0.3,11.1,Caatinga,BA,0,0,1
25.4,69.0,7.6,0.0,30,338.4,9.4,65.0,0.3,12.5,Caatinga,BA,0,0,0
25.4,69.0,7.6,0.0,30,354.6,12.1,65.0,0.3,6.9,Caatinga,BA,0,0,0
25.4,69.0,7.6,0.0,30,350.8,8.8,65.0,0.3,17.3,Caatinga,BA,0,0,0
25.4,69.0,7.6,0.0,30,338.3,9.6,65.0,0.7,8.7,Mata Atlantica,BA,0,0,0
25.4,69.0,7.6,0.0,30,345.1,7.9,65.0,0.7,7.8,Mata Atlantica,BA,0,0,0
25.4,69.0,7.6,0.0,30,335.3,8.4,65.0,0.3,12.4,Caatinga,BA,0,0,1
25.4,69.0,7.6,0.0,30,340.9,7.4,65.0,0.3,0.8,Caatinga,BA,0,0,0
25.4,69.0,7.6,0.0,30,367.0,7.4,95.0,0.3,6.0,Caatinga,BA,0,0,1
25.4,69.0,7.6,0.0,30,330.6,13.6,65.0,0.3,14.9,Caatinga,BA,0,0,0
25.4,69.0,7.6,0.0,30,340.7,7.4,65.0,0.3,1.3,Caatinga,BA,0,0,0
25.4,69.0,7.6,0.0,30,346.2,7.4,65.0,0.3,15.6,Caatinga,BA,0,0,1
25.4,69.0,7.6,0.0,30,332.1,0.8,65.0,0.3,17.6,Caatinga,BA,0,0,1
25.4,69.0,7.6,0.0,30,336.9,3.9,65.0,0.7,8.2,Mata Atlantica,BA,0,0,0
25.4,69.0,7.6,0.0,30,349.3,6.8,65.0,0.7,11.5,Mata Atlantica,BA,0,0,0
25.4,69.0,7.6,0.0,30,338.8,5.2,65.0,0.7,15.6,Mata Atlantica,BA,0,0,0
25.4,69.0,7.6,0.0,30,340.2,20.0,65.0,0.3,7.7,Caatinga,BA,0,0,0
25.4,69.0,7.6,0.0,30,340.0,6.4,65.0,0.3,14.3,Caatinga,BA,0,0,0
25.4,69.0,7.6,0.0,30,367.0,16.4,95.0,0.3,6.6,Caatinga,BA,0,0,0
25.4,69.0,7.6,0.0,30,336.7,10.3,65.0,0.7,7.6,Mata Atlantica,BA,0,0,1
25.4,69.0,7.6,0.0,30,367.0,16.9,95.0,0.7,6.0,Mata Atlantica,BA,0,0,0
25.4,69.0,7.6,0.0,30,367.0,17.9,95.0,0.7,11.7,Mata Atlantica,BA,0,0,0
25.4,69.0,7.6,0.0,30,336.1,2.3,65.0,0.3,15.8,Caatinga,BA,0,0,0
25.4,69.0,7.6,0.0,30,331.4,2.7,65.0,0.3,9.1,Caatinga,BA,0,0,1
25.4,69.0,7.6,0.0,30,348.2,12.8,65.0,0.7,3.6,Mata Atlantica,TO,0,0,0
25.4,69.0,7.6,0.0,30,341.6,10.3,65.0,0.7,4.6,Mata Atlantica,TO,0,0,0
25.4,69.0,7.6,0.0,30,335.2,7.8,65.0,0.7,12.0,Mata Atlantica,TO,0,0,0
25.4,69.0,7.6,0.0,30,335.4,2.6,65.0,0.3,19.2,Caatinga,BA,0,0,0
25.4,69.0,7.6,0.0,30,343.1,10.3,65.0,0.3,12.0,Caatinga,BA,0,0,1
25.4,69.0,7.6,0.0,30,347.8,13.4,65.0,0.3,8.1,Caatinga,BA,0,0,0
25.4,69.0,7.6,0.0,30,349.5,8.5,65.0,0.3,13.8,Caatinga,BA,0,0,0
25.4,69.0,7.6,0.0,30,367.0,12.6,95.0,0.8,8.8,Amazonia,PA,0,0,1
25.4,69.0,7.6,0.0,30,336.9,12.6,65.0,0.8,8.1,Amazonia,PA,0,0,1
25.4,69.0,7.6,0.0,30,367.0,19.8,95.0,0.8,5.2,Amazonia,PA,0,0,0
25.4,69.0,7.6,0.0,30,344.0,18.4,65.0,0.8,17.0,Amazonia,PA,0,0,1
25.4,69.0,7.6,0.0,30,349.9,12.6,65.0,0.8,0.0,Amazonia,PA,0,0,1
25.4,69.0,7.6,0.0,30,335.6,12.6,65.0,0.8,14.0,Amazonia,PA,0,0,0
25.4,69.0,7.6,0.0,30,344.6,19.8,65.0,0.8,7.7,Amazonia,PA,0,0,1
25.4,69.0,7.6,0.0,30,335.0,18.4,65.0,0.8,7.9,Amazonia,PA,0,0,0
25.4,69.0,7.6,0.0,30,330.8,3.5,65.0,0.3,18.5,Caatinga,BA,0,0,1
25.4,69.0,7.6,0.0,30,341.5,5.8,65.0,0.3,6.4,Caatinga,BA,0,0,1
25.4,69.0,7.6,0.0,30,345.0,4.7,65.0,0.3,6.6,Caatinga,BA,0,0,0
25.4,69.0,7.6,0.0,30,342.6,7.3,65.0,0.3,9.3,Caatinga,??,0,0,0
25.4,69.0,7.6,0.0,30,354.5,19.2,65.0,0.3,12.1,Caatinga,??,0,0,0
25.4,69.0,7.6,0.0,30,339.3,6.3,65.0,0.3,7.8,Caatinga,CE,0,0,0
25.4,69.0,7.6,0.0,30,346.4,8.3,65.0,0.3,2.1,Caatinga,MA,0,0,0
25.4,69.0,7.6,0.0,30,334.6,7.0,65.0,0.7,5.7,Mata Atlantica,MA,0,0,0
25.4,69.0,7.6,0.0,30,367.0,6.1,95.0,0.3,16.4,Caatinga,MA,0,0,1
25.4,69.0,7.6,0.0,30,336.7,7.3,65.0,0.3,10.4,Caatinga,MA,0,0,1
25.4,69.0,7.6,0.0,30,340.9,6.7,65.0,0.3,12.3,Caatinga,MA,0,0,0
25.4,69.0,7.6,0.0,30,367.0,10.2,95.0,0.3,8.7,Caatinga,MA,0,0,0
25.4,69.0,7.6,0.0,30,367.0,10.2,95.0,0.3,6.7,Caatinga,MA,0,0,1
25.4,69.0,7.6,0.0,30,332.2,6.6,65.0,0.3,18.4,Caatinga,MA,0,0,0
25.4,69.0,7.6,0.0,30,340.5,9.7,65.0,0.3,9.1,Caatinga,MA,0,0,0
25.4,69.0,7.6,0.0,30,327.9,6.9,65.0,0.8,7.8,Amazonia,PA,0,0,0
25.4,69.0,7.6,0.0,30,332.2,3.4,65.0,0.3,15.5,Caatinga,MA,0,0,0
25.4,69.0,7.6,0.0,30,330.7,4.1,65.0,0.3,6.4,Caatinga,MA,0,0,0
25.4,69.0,7.6,0.0,30,344.9,4.3,65.0,0.3,7.0,Caatinga,MA,0,0,0
25.4,69.0,7.6,0.0,30,334.2,11.8,65.0,0.3,10.1,Caatinga,MA,0,0,0
25.4,69.0,7.6,0.0,30,367.0,12.6,95.0,0.3,10.0,Caatinga,MA,0,0,0
25.4,69.0,7.6,0.0,30,344.2,14.4,65.0,0.3,11.3,Caatinga,MA,0,0,1
25.4,69.0,7.6,0.0,30,354.0,12.6,65.0,0.3,20.5,Caatinga,MA,0,0,0
25.4,69.0,7.6,0.0,30,367.0,12.3,95.0,0.3,11.7,Caatinga,MA,0,0,1
25.4,69.0,7.6,0.0,30,349.3,12.3,65.0,0.3,0.0,Caatinga,MA,0,0,0
25.4,69.0,7.6,0.0,30,367.0,12.6,95.0,0.3,11.6,Caatinga,MA,0,0,1
25.4,69.0,7.6,0.0,30,339.4,12.3,65.0,0.3,10.2,Caatinga,MA,0,0,1
25.4,69.0,7.6,0.0,30,336.4,9.5,65.0,0.7,10.2,Mata Atlantica,MA,0,0,0
25.4,69.0,7.6,0.0,30,339.9,7.1,65.0,0.7,11.2,Mata Atlantica,MA,0,0,0
25.4,69.0,7.6,0.0,30,346.0,11.7,65.0,0.7,9.9,Mata Atlantica,MA,0,0,0
25.4,69.0,7.6,0.0,30,337.8,8.7,65.0,0.7,9.7,Mata Atlantica,MA,0,0,1
25.4,69.0,7.6,0.0,30,331.1,2.8,65.0,0.3,13.1,Caatinga,MA,0,0,0
25.4,69.0,7.6,0.0,30,329.4,5.4,65.0,0.3,7.3,Caatinga,MA,0,0,1
25.4,69.0,7.6,0.0,30,330.9,7.0,65.0,0.3,5.3,Caatinga,MA,0,0,0
25.4,69.0,7.6,0.0,30,335.5,4.5,65.0,0.3,25.1,Caatinga,MA,0,0,0
25.4,69.0,7.6,0.0,30,351.7,7.4,65.0,0.3,6.4,Caatinga,MA,0,0,0
25.4,69.0,7.6,0.0,30,340.7,4.2,65.0,0.3,10.5,Caatinga,MA,0,0,1
25.4,69.0,7.6,0.0,30,355.1,6.2,65.0,0.3,2.5,Caatinga,MA,0,0,0
25.4,69.0,7.6,0.0,30,333.8,10.9,65.0,0.8,10.6,Amazonia,PA,0,0,0
25.4,69.0,7.6,0.0,30,333.4,5.6,65.0,0.5,5.3,Desconhecido,??,0,0,1
25.4,69.0,7.6,0.0,30,327.7,5.8,65.0,0.5,7.8,Desconhecido,??,0,0,0
25.4,69.0,7.6,0.0,30,327.9,5.6,65.0,0.5,15.2,Desconhecido,??,0,0,0
25.4,69.0,7.6,0.0,30,330.0,5.9,65.0,0.5,12.4,Desconhecido,??,0,0,1
25.4,69.0,7.6,0.0,30,341.6,5.6,65.0,0.5,12.8,Desconhecido,??,0,0,0
25.4,69.0,7.6,0.0,30,334.3,8.0,65.0,0.5,1.1,Desconhecido,??,0,0,0
25.4,69.0,7.6,0.0,30,331.0,5.7,65.0,0.45,19.2,Pampa,RS,0,0,0
25.4,69.0,7.6,0.0,30,329.3,5.7,65.0,0.45,4.0,Pampa,RS,0,0,0
25.4,69.0,7.6,0.0,30,326.7,2.7,65.0,0.5,17.6,Desconhecido,??,0,0,0
25.4,69.0,7.6,0.0,30,331.1,1.9,65.0,0.5,15.1,Desconhecido,??,0,0,0
25.4,69.0,7.6,0.0,30,329.4,1.7,65.0,0.5,12.9,Desconhecido,??,0,0,0
25.4,69.0,7.6,0.0,30,339.0,11.4,65.0,0.5,5.7,Desconhecido,??,0,0,0
25.4,69.0,7.6,0.0,30,341.5,8.6,65.0,0.5,10.8,Desconhecido,??,0,0,0
25.4,69.0,7.6,0.0,30,330.0,4.5,65.0,0.5,7.6,Desconhecido,??,0,0,0
25.4,69.0,7.6,0.0,30,330.8,8.5,65.0,0.5,10.1,Desconhecido,??,0,0,0
25.4,69.0,7.6,0.0,30,325.8,3.0,65.0,0.5,8.8,Desconhecido,??,0,0,1
25.4,69.0,7.6,0.0,30,348.8,7.5,65.0,0.45,0.0,Pampa,RS,0,0,0
25.4,69.0,7.6,0.0,30,356.2,12.7,65.0,0.45,15.6,Pampa,RS,0,0,1
25.4,69.0,7.6,0.0,30,326.9,12.7,65.0,0.45,9.6,Pampa,RS,0,0,1
25.4,69.0,7.6,0.0,30,328.9,3.0,65.0,0.45,7.6,Pampa,RS,0,0,0
25.4,69.0,7.6,0.0,30,329.5,0.6,65.0,0.5,7.2,Desconhecido,??,0,0,0
25.4,69.0,7.6,0.0,30,338.1,4.6,65.0,0.5,11.8,Desconhecido,RS,0,0,0
25.4,69.0,7.6,0.0,30,348.9,4.3,65.0,0.7,5.5,Mata Atlantica,??,0,0,0
25.4,69.0,7.6,0.0,30,367.0,8.9,95.0,0.7,0.0,Mata Atlantica,??,0,0,0
25.4,69.0,7.6,0.0,30,345.0,8.9,65.0,0.7,12.0,Mata Atlantica,??,0,0,1
25.4,69.0,7.6,0.0,30,367.0,12.8,95.0,0.7,12.6,Mata Atlantica,??,0,0,0
25.4,69.0,7.6,0.0,30,367.0,14.3,95.0,0.7,9.0,Mata Atlantica,??,0,0,0
25.4,69.0,7.6,0.0,30,367.0,12.0,95.0,0.7,4.3,Mata Atlantica,??,0,0,0
25.4,69.0,7.6,0.0,30,326.1,0.3,65.0,0.5,10.4,Desconhecido,??,0,0,0
25.4,69.0,7.6,0.0,30,349.9,7.6,65.0,0.5,2.7,Desconhecido,??,0,0,0
25.4,69.0,7.6,0.0,30,349.2,7.3,65.0,0.5,4.9,Desconhecido,??,0,0,1
25.4,69.0,7.6,0.0,30,347.3,7.0,65.0,0.5,6.2,Desconhecido,??,0,0,0
25.4,69.0,7.6,0.0,30,335.6,2.9,65.0,0.5,14.2,Cerrado,MS,0,0,0
25.4,69.0,7.6,0.0,30,337.0,6.3,65.0,0.5,8.2,Cerrado,MS,0,0,1
25.4,69.0,7.6,0.0,30,347.2,9.2,65.0,0.5,7.8,Cerrado,MS,0,0,0
25.4,69.0,7.6,0.0,30,330.4,9.2,65.0,0.5,19.8,Cerrado,MS,0,0,1
25.4,69.0,7.6,0.0,30,347.4,12.7,65.0,0.5,11.8,Cerrado,MS,0,0,1
25.4,69.0,7.6,0.0,30,344.7,12.7,65.0,0.5,11.7,Cerrado,MS,0,0,1
25.4,69.0,7.6,0.0,30,339.3,3.8,65.0,0.5,8.2,Cerrado,MS,0,0,1
25.4,69.0,7.6,0.0,30,335.0,5.0,65.0,0.5,7.0,Cerrado,MS,0,0,0
25.4,69.0,7.6,0.0,30,340.8,5.0,65.0,0.5,0.0,Cerrado,MS,0,0,1
25.4,69.0,7.6,0.0,30,339.2,5.3,65.0,0.7,14.8,Mata Atlantica,MG,0,0,0
25.4,69.0,7.6,0.0,30,340.2,4.4,65.0,0.7,12.2,Mata Atlantica,MG,0,0,0
25.4,69.0,7.6,0.0,30,356.1,20.7,65.0,0.5,9.1,Cerrado,MG,0,0,0
25.4,69.0,7.6,0.0,30,329.8,9.1,65.0,0.5,9.3,Cerrado,MG,0,0,1
25.4,69.0,7.6,0.0,30,348.1,3.7,65.0,0.5,13.7,Cerrado,MG,0,0,0
25.4,69.0,7.6,0.0,30,329.9,3.7,65.0,0.5,2.2,Cerrado,MG,0,0,1
25.4,69.0,7.6,0.0,30,327.0,3.7,65.0,0.5,7.1,Cerrado,MG,0,0,1
25.4,69.0,7.6,0.0,30,334.1,3.5,65.0,0.6,4.3,Pantanal,MS,0,0,1
25.4,69.0,7.6,0.0,30,332.4,4.2,65.0,0.6,18.9,Pantanal,MS,0,0,1
25.4,69.0,7.6,0.0,30,347.4,13.0,65.0,0.5,14.4,Cerrado,MS,0,0,0
25.4,69.0,7.6,0.0,30,334.1,2.8,65.0,0.5,0.0,Cerrado,??,0,0,0
25.4,69.0,7.6,0.0,30,347.5,34.2,65.0,0.7,2.4,Mata Atlantica,MG,0,0,0
25.4,69.0,7.6,0.0,30,339.1,12.3,65.0,0.7,9.3,Mata Atlantica,MG,0,0,0
25.4,69.0,7.6,0.0,30,342.4,12.3,65.0,0.7,7.6,Mata Atlantica,MG,0,0,0
25.4,69.0,7.6,0.0,30,332.7,2.0,65.0,0.6,3.4,Pantanal,MS,0,0,0
25.4,69.0,7.6,0.0,30,335.8,5.9,65.0,0.5,19.7,Cerrado,??,0,0,1
25.4,69.0,7.6,0.0,30,357.0,18.2,65.0,0.5,11.6,Cerrado,??,0,0,1
25.4,69.0,7.6,0.0,30,338.8,8.2,65.0,0.5,12.4,Cerrado,??,0,0,1
25.4,69.0,7.6,0.0,30,349.3,24.5,65.0,0.5,6.5,Cerrado,??,0,0,1
25.4,69.0,7.6,0.0,30,333.9,8.2,65.0,0.5,13.6,Cerrado,??,0,0,1
25.4,69.0,7.6,0.0,30,346.5,24.5,65.0,0.5,8.1,Cerrado,??,0,0,0
25.4,69.0,7.6,0.0,30,339.7,5.2,65.0,0.5,8.6,Cerrado,MS,0,0,0
25.4,69.0,7.6,0.0,30,342.1,2.9,65.0,0.6,13.1,Pantanal,MS,0,0,1
25.4,69.0,7.6,0.0,30,334.5,4.0,65.0,0.6,1.9,Pantanal,??,0,0,0
25.4,69.0,7.6,0.0,30,342.4,3.6,65.0,0.5,18.0,Cerrado,MS,0,0,0
25.4,69.0,7.6,0.0,30,350.8,8.2,65.0,0.5,10.9,Cerrado,MS,0,0,1
25.4,69.0,7.6,0.0,30,331.4,4.9,65.0,0.5,16.4,Cerrado,MS,0,0,1
25.4,69.0,7.6,0.0,30,332.9,4.9,65.0,0.5,4.6,Cerrado,MS,0,0,0
25.4,69.0,7.6,0.0,30,341.7,9.2,65.0,0.5,5.4,Cerrado,MG,0,0,0
25.4,69.0,7.6,0.0,30,333.7,2.2,65.0,0.6,4.2,Pantanal,MS,0,0,0
25.4,69.0,7.6,0.0,30,332.7,2.1,65.0,0.6,11.3,Pantanal,MS,0,0,0
25.4,69.0,7.6,0.0,30,340.5,2.8,65.0,0.6,10.3,Pantanal,MS,0,0,1
25.4,69.0,7.6,0.0,30,332.9,3.6,65.0,0.5,7.7,Cerrado,MS,0,0,0
25.4,69.0,7.6,0.0,30,333.3,4.1,65.0,0.5,4.9,Cerrado,MS,0,0,1
25.4,69.0,7.6,0.0,30,329.1,2.0,65.0,0.5,3.7,Cerrado,??,0,0,0
25.4,69.0,7.6,0.0,30,343.1,5.5,65.0,0.5,9.8,Cerrado,??,0,0,1
25.4,69.0,7.6,0.0,30,330.1,3.6,65.0,0.5,7.7,Cerrado,??,0,0,1
25.4,69.0,7.6,0.0,30,345.4,3.6,65.0,0.5,6.6,Cerrado,??,0,0,0
25.4,69.0,7.6,0.0,30,338.0,5.6,65.0,0.5,17.7,Cerrado,??,0,0,1
25.4,69.0,7.6,0.0,30,340.6,5.6,65.0,0.5,9.6,Cerrado,??,0,0,0
25.4,69.0,7.6,0.0,30,335.1,5.6,65.0,0.7,16.4,Mata Atlantica,MA,0,0,0
25.4,69.0,7.6,0.0,30,346.1,10.1,65.0,0.7,7.3,Mata Atlantica,MA,0,0,0
25.4,69.0,7.6,0.0,30,339.8,117.8,65.0,0.7,11.2,Mata Atlantica,MA,0,0,1
25.4,69.0,7.6,0.0,30,332.7,4.7,65.0,0.7,9.7,Mata Atlantica,MA,0,0,0
25.4,69.0,7.6,0.0,30,331.7,3.6,65.0,0.7,1.5,Mata Atlantica,MA,0,0,0
25.4,69.0,7.6,0.0,30,333.9,7.4,65.0,0.8,17.1,Amazonia,PA,0,0,0
25.4,69.0,7.6,0.0,30,326.4,5.0,65.0,0.8,9.3,Amazonia,PA,0,0,0
25.4,69.0,7.6,0.0,30,334.4,5.4,65.0,0.7,13.7,Mata Atlantica,MA,0,0,0
25.4,69.0,7.6,0.0,30,331.3,4.5,65.0,0.7,6.2,Mata Atlantica,MA,0,0,0
25.4,69.0,7.6,0.0,30,353.8,15.4,65.0,0.7,9.2,Mata Atlantica,MA,0,0,0
25.4,69.0,7.6,0.0,30,341.9,12.2,65.0,0.7,5.7,Mata Atlantica,MA,0,0,0
25.4,69.0,7.6,0.0,30,330.1,5.6,65.0,0.7,16.2,Mata Atlantica,MA,0,0,0
25.4,69.0,7.6,0.0,30,334.1,4.4,65.0,0.3,11.6,Caatinga,MA,0,0,0
25.4,69.0,7.6,0.0,30,345.0,11.0,65.0,0.3,11.8,Caatinga,MA,0,0,0
25.4,69.0,7.6,0.0,30,332.0,7.0,65.0,0.7,16.8,Mata Atlantica,MA,0,0,0
25.4,69.0,7.6,0.0,30,331.9,7.0,65.0,0.7,15.8,Mata Atlantica,MA,0,0,0
25.4,69.0,7.6,0.0,30,334.2,2.0,65.0,0.7,13.8,Mata Atlantica,??,0,0,0
25.4,69.0,7.6,0.0,30,332.4,2.9,65.0,0.8,2.9,Amazonia,PA,0,0,0
25.4,69.0,7.6,0.0,30,329.5,3.0,65.0,0.8,6.5,Amazonia,PA,0,0,1
25.4,69.0,7.6,0.0,30,328.2,1.6,65.0,0.5,5.0,Cerrado,MA,0,0,0
25.4,69.0,7.6,0.0,30,339.7,2.4,65.0,0.3,13.6,Caatinga,MA,0,0,0
25.4,69.0,7.6,0.0,30,331.7,2.5,65.0,0.3,10.9,Caatinga,CE,0,0,0
25.4,69.0,7.6,0.0,30,334.4,3.4,65.0,0.5,3.0,Desconhecido,??,0,0,0
25.4,69.0,7.6,0.0,30,329.1,18.3,65.0,0.5,9.1,Desconhecido,??,0,0,1
25.4,69.0,7.6,0.0,30,356.6,18.3,65.0,0.5,2.5,Desconhecido,??,0,0,0
25.4,69.0,7.6,0.0,30,336.9,18.3,65.0,0.5,9.7,Desconhecido,??,0,0,0
25.4,69.0,7.6,0.0,30,331.2,5.1,65.0,0.5,1.7,Desconhecido,??,0,0,0
25.4,69.0,7.6,0.0,30,367.0,5.1,95.0,0.5,12.6,Desconhecido,??,0,0,0
25.4,69.0,7.6,0.0,30,355.2,5.7,65.0,0.5,11.9,Desconhecido,??,0,0,0
25.4,69.0,7.6,0.0,30,335.9,5.7,65.0,0.5,19.5,Desconhecido,??,0,0,0
25.4,69.0,7.6,0.0,30,331.9,6.5,65.0,0.5,14.2,Desconhecido,??,0,0,1
25.4,69.0,7.6,0.0,30,344.5,4.6,65.0,0.5,7.9,Desconhecido,??,0,0,0
25.4,69.0,7.6,0.0,30,341.0,9.0,65.0,0.5,14.1,Desconhecido,??,0,0,1
25.4,69.0,7.6,0.0,30,345.6,9.0,65.0,0.5,3.0,Desconhecido,??,0,0,1
25.4,69.0,7.6,0.0,30,349.0,11.0,65.0,0.45,5.2,Pampa,RS,0,0,0
25.4,69.0,7.6,0.0,30,335.0,1.7,65.0,0.5,11.7,Desconhecido,??,0,0,1
25.4,69.0,7.6,0.0,30,329.9,2.3,65.0,0.45,0.0,Pampa,RS,0,0,0
25.4,69.0,7.6,0.0,30,325.9,3.3,65.0,0.5,9.8,Desconhecido,??,0,0,0
25.4,69.0,7.6,0.0,30,346.1,7.9,65.0,0.5,4.9,Desconhecido,RS,0,0,0
25.4,69.0,7.6,0.0,30,335.7,3.3,65.0,0.5,10.5,Desconhecido,RS,0,0,1
25.4,69.0,7.6,0.0,30,327.0,4.6,65.0,0.5,4.6,Desconhecido,??,0,0,0
25.4,69.0,7.6,0.0,30,329.8,0.6,65.0,0.5,12.1,Desconhecido,??,0,0,0
25.4,69.0,7.6,0.0,30,330.9,4.2,65.0,0.5,10.1,Desconhecido,RS,0,0,0
25.4,69.0,7.6,0.0,30,351.8,12.3,65.0,0.5,17.0,Desconhecido,??,0,0,0
25.4,69.0,7.6,0.0,30,331.0,2.1,65.0,0.5,10.0,Desconhecido,??,0,0,0
25.4,69.0,7.6,0.0,30,332.2,3.1,65.0,0.5,6.2,Desconhecido,??,0,0,0
25.4,69.0,7.6,0.0,30,342.5,4.2,65.0,0.5,8.8,Desconhecido,PR,0,0,0
25.4,69.0,7.6,0.0,30,343.0,6.2,65.0,0.5,3.3,Desconhecido,??,0,0,0
25.4,69.0,7.6,0.0,30,326.9,2.9,65.0,0.5,12.0,Desconhecido,??,0,0,0
25.4,69.0,7.6,0.0,30,331.3,2.9,65.0,0.5,12.9,Desconhecido,??,0,0,0
25.4,69.0,7.6,0.0,30,330.2,4.2,65.0,0.5,22.3,Desconhecido,PR,0,0,0
25.4,69.0,7.6,0.0,30,333.9,3.2,65.0,0.5,6.9,Desconhecido,??,0,0,1
25.4,69.0,7.6,0.0,30,331.8,3.0,65.0,0.5,8.7,Desconhecido,??,0,0,0
25.4,69.0,7.6,0.0,30,332.7,5.5,65.0,0.5,7.1,Desconhecido,??,0,0,0
25.4,69.0,7.6,0.0,30,343.5,5.8,65.0,0.5,11.1,Desconhecido,??,0,0,0
25.4,69.0,7.6,0.0,30,327.1,0.3,65.0,0.5,11.9,Desconhecido,??,0,0,1
25.4,69.0,7.6,0.0,30,338.8,3.5,65.0,0.5,9.7,Desconhecido,??,0,0,0
25.4,69.0,7.6,0.0,30,326.2,2.9,65.0,0.5,15.4,Desconhecido,??,0,0,0
25.4,69.0,7.6,0.0,30,330.5,3.1,65.0,0.5,6.9,Desconhecido,??,0,0,0
25.4,69.0,7.6,0.0,30,349.2,13.7,65.0,0.5,14.9,Desconhecido,??,0,0,1
25.4,69.0,7.6,0.0,30,325.3,4.3,65.0,0.5,12.7,Desconhecido,??,0,0,0
25.4,69.0,7.6,0.0,30,331.6,4.7,65.0,0.5,9.9,Desconhecido,??,0,0,0
25.4,69.0,7.6,0.0,30,331.2,4.7,65.0,0.5,8.4,Desconhecido,??,0,0,0
25.4,69.0,7.6,0.0,30,347.5,4.3,65.0,0.5,22.1,Desconhecido,??,0,0,0
25.4,69.0,7.6,0.0,30,339.0,3.4,65.0,0.5,5.9,Desconhecido,??,0,0,0
25.4,69.0,7.6,0.0,30,342.1,11.8,65.0,0.5,11.5,Desconhecido,??,0,0,0
25.4,69.0,7.6,0.0,30,350.0,17.8,65.0,0.5,6.2,Desconhecido,??,0,0,1
25.4,69.0,7.6,0.0,30,331.8,11.8,65.0,0.5,18.9,Desconhecido,??,0,0,0
25.4,69.0,7.6,0.0,30,347.3,17.8,65.0,0.5,14.4,Desconhecido,??,0,0,0
25.4,69.0,7.6,0.0,30,327.0,2.2,65.0,0.5,6.6,Desconhecido,??,0,0,0
25.4,69.0,7.6,0.0,30,344.9,5.2,65.0,0.5,12.6,Desconhecido,??,0,0,1
25.4,69.0,7.6,0.0,30,332.8,6.9,65.0,0.7,11.3,Mata Atlantica,??,0,0,0
25.4,69.0,7.6,0.0,30,336.0,6.5,65.0,0.5,7.4,Desconhecido,??,0,0,0
25.4,69.0,7.6,0.0,30,342.7,7.8,65.0,0.5,13.8,Desconhecido,??,0,0,1
25.4,69.0,7.6,0.0,30,330.6,4.0,65.0,0.5,11.9,Desconhecido,??,0,0,1
25.4,69.0,7.6,0.0,30,334.5,3.9,65.0,0.5,11.1,Desconhecido,??,0,0,0
25.4,69.0,7.6,0.0,30,330.5,3.6,65.0,0.5,9.8,Desconhecido,??,0,0,0
25.4,69.0,7.6,0.0,30,330.7,4.5,65.0,0.5,12.2,Desconhecido,??,0,0,0
25.4,69.0,7.6,0.0,30,340.5,7.5,65.0,0.5,11.1,Desconhecido,??,0,0,0
25.4,69.0,7.6,0.0,30,340.9,5.1,65.0,0.5,10.3,Desconhecido,??,0,0,0
25.4,69.0,7.6,0.0,30,332.6,3.8,65.0,0.5,6.8,Desconhecido,??,0,0,0
25.4,69.0,7.6,0.0,30,347.1,29.8,65.0,0.5,18.5,Desconhecido,??,0,0,0
25.4,69.0,7.6,0.0,30,332.8,10.0,65.0,0.5,4.7,Desconhecido,??,0,0,0
25.4,69.0,7.6,0.0,30,330.0,2.9,65.0,0.5,12.1,Desconhecido,??,0,0,0
25.4,69.0,7.6,0.0,30,342.3,2.9,65.0,0.5,8.4,Desconhecido,??,0,0,0
25.4,69.0,7.6,0.0,30,327.8,2.4,65.0,0.5,18.8,Desconhecido,??,0,0,1
25.4,69.0,7.6,0.0,30,330.6,3.9,65.0,0.5,5.5,Desconhecido,??,0,0,0
25.4,69.0,7.6,0.0,30,330.2,2.6,65.0,0.5,6.3,Desconhecido,??,0,0,0
25.4,69.0,7.6,0.0,30,327.1,2.7,65.0,0.5,5.2,Desconhecido,??,0,0,0
25.4,69.0,7.6,0.0,30,326.4,3.4,65.0,0.5,11.6,Desconhecido,??,0,0,0
25.4,69.0,7.6,0.0,30,346.3,6.6,65.0,0.5,3.1,Desconhecido,??,0,0,1
25.4,69.0,7.6,0.0,30,347.6,5.1,65.0,0.5,7.6,Desconhecido,??,0,0,0
25.4,69.0,7.6,0.0,30,325.0,1.6,65.0,0.5,0.0,Desconhecido,??,0,0,0
25.4,69.0,7.6,0.0,30,333.3,3.1,65.0,0.5,11.2,Desconhecido,??,0,0,0
25.4,69.0,7.6,0.0,30,337.0,4.7,65.0,0.5,7.5,Desconhecido,??,0,0,0
25.4,69.0,7.6,0.0,30,332.0,3.3,65.0,0.5,2.6,Desconhecido,MS,0,0,0
25.4,69.0,7.6,0.0,30,334.1,12.0,65.0,0.5,15.4,Desconhecido,??,0,0,0
25.4,69.0,7.6,0.0,30,334.8,12.0,65.0,0.5,3.5,Desconhecido,??,0,0,0
25.4,69.0,7.6,0.0,30,332.6,10.7,65.0,0.5,14.0,Desconhecido,??,0,0,0
25.4,69.0,7.6,0.0,30,330.7,3.9,65.0,0.5,6.5,Desconhecido,??,0,0,0
25.4,69.0,7.6,0.0,30,333.8,2.9,65.0,0.5,18.0,Cerrado,MS,0,0,1
25.4,69.0,7.6,0.0,30,326.3,1.6,65.0,0.5,13.7,Cerrado,??,0,0,0
25.4,69.0,7.6,0.0,30,332.7,2.8,65.0,0.5,5.0,Cerrado,??,0,0,1
25.4,69.0,7.6,0.0,30,332.8,2.8,65.0,0.5,5.4,Cerrado,??,0,0,0
25.4,69.0,7.6,0.0,30,326.3,2.8,65.0,0.5,13.0,Cerrado,??,0,0,1
25.4,69.0,7.6,0.0,30,341.8,2.8,65.0,0.5,8.7,Cerrado,??,0,0,0
25.4,69.0,7.6,0.0,30,352.2,9.7,65.0,0.5,9.2,Cerrado,MS,0,0,0
25.4,69.0,7.6,0.0,30,328.3,2.1,65.0,0.5,16.4,Cerrado,MS,0,0,0
25.4,69.0,7.6,0.0,30,327.9,2.9,65.0,0.5,6.3,Cerrado,MS,0,0,0
25.4,69.0,7.6,0.0,30,329.1,1.8,65.0,0.5,10.5,Cerrado,MS,0,0,1
25.4,69.0,7.6,0.0,30,367.0,9.9,95.0,0.5,14.8,Desconhecido,??,0,0,0
25.4,69.0,7.6,0.0,30,367.0,10.9,95.0,0.5,14.0,Desconhecido,??,0,0,0
25.4,69.0,7.6,0.0,30,329.9,12.7,65.0,0.5,9.2,Cerrado,MS,0,0,0
25.4,69.0,7.6,0.0,30,334.2,12.7,65.0,0.5,8.6,Cerrado,MS,0,0,1
25.4,69.0,7.6,0.0,30,330.5,2.3,65.0,0.5,1.3,Cerrado,MS,0,0,0
25.4,69.0,7.6,0.0,30,349.2,6.3,65.0,0.5,4.7,Cerrado,SP,0,0,1
25.4,69.0,7.6,0.0,30,327.4,2.4,65.0,0.5,11.6,Cerrado,MS,0,0,1
25.4,69.0,7.6,0.0,30,330.9,3.2,65.0,0.5,9.3,Cerrado,MS,0,0,1
25.4,69.0,7.6,0.0,30,347.6,6.0,65.0,0.5,10.4,Cerrado,MS,0,0,1
25.4,69.0,7.6,0.0,30,355.6,6.0,65.0,0.5,15.2,Cerrado,MS,0,0,0
25.4,69.0,7.6,0.0,30,356.4,10.6,65.0,0.5,4.1,Cerrado,MG,0,0,1
25.4,69.0,7.6,0.0,30,367.0,10.6,95.0,0.5,8.8,Cerrado,MG,0,0,0
25.4,69.0,7.6,0.0,30,367.0,9.1,95.0,0.5,10.9,Cerrado,MG,0,0,0
25.4,69.0,7.6,0.0,30,332.7,9.1,65.0,0.5,6.5,Cerrado,MG,0,0,1
25.4,69.0,7.6,0.0,30,337.4,14.5,65.0,0.5,17.2,Cerrado,??,0,0,1
25.4,69.0,7.6,0.0,30,344.1,14.5,65.0,0.5,14.5,Cerrado,??,0,0,1
25.4,69.0,7.6,0.0,30,298.8,3.7,65.0,0.7,11.5,Mata Atlantica,TO,0,0,1
25.4,69.0,7.6,0.0,30,322.7,2.6,65.0,0.7,19.0,Mata Atlantica,TO,0,0,0
25.4,69.0,7.6,0.0,30,321.6,7.8,65.0,0.7,2.5,Mata Atlantica,TO,0,0,1
25.4,69.0,7.6,0.0,30,329.2,7.8,65.0,0.7,10.0,Mata Atlantica,TO,0,0,0
25.4,69.0,7.6,0.0,30,324.9,3.7,65.0,0.7,11.8,Mata Atlantica,TO,0,0,1
25.4,69.0,7.6,0.0,30,314.1,3.0,65.0,0.7,5.4,Mata Atlantica,TO,0,0,0
25.4,69.0,7.6,0.0,30,307.4,1.3,65.0,0.5,11.5,Cerrado,MT,0,0,1
25.4,69.0,7.6,0.0,30,330.8,5.9,65.0,0.5,4.5,Cerrado,MT,0,0,0
25.4,69.0,7.6,0.0,30,338.0,6.7,65.0,0.5,13.5,Cerrado,MT,0,0,1
25.4,69.0,7.6,0.0,30,332.1,6.7,65.0,0.5,15.3,Cerrado,MT,0,0,1
25.4,69.0,7.6,0.0,30,345.0,6.7,65.0,0.5,11.4,Cerrado,MT,0,0,1
25.4,69.0,7.6,0.0,30,314.2,2.1,65.0,0.5,0.7,Cerrado,MT,0,0,0
25.4,69.0,7.6,0.0,30,311.2,2.1,65.0,0.5,5.2,Cerrado,MT,0,0,0
25.4,69.0,7.6,0.0,30,324.8,2.7,65.0,0.5,12.8,Cerrado,MT,0,0,0
25.4,69.0,7.6,0.0,30,301.5,0.8,65.0,0.5,10.1,Cerrado,MT,0,0,1
25.4,69.0,7.6,0.0,30,305.5,1.4,65.0,0.5,0.0,Cerrado,MT,0,0,1
25.4,69.0,7.6,0.0,30,302.6,0.5,65.0,0.5,16.2,Cerrado,MT,0,0,0
25.4,69.0,7.6,0.0,30,303.2,0.5,65.0,0.5,10.7,Cerrado,MT,0,0,0
25.4,69.0,7.6,0.0,30,301.1,0.7,65.0,0.5,5.9,Cerrado,MT,0,0,0
25.4,69.0,7.6,0.0,30,316.6,2.6,65.0,0.5,15.0,Cerrado,MT,0,0,1
25.4,69.0,7.6,0.0,30,336.3,2.6,65.0,0.5,6.6,Cerrado,MT,0,0,1
25.4,69.0,7.6,0.0,30,322.0,2.5,65.0,0.5,6.6,Cerrado,MT,0,0,0
25.4,69.0,7.6,0.0,30,315.7,2.6,65.0,0.5,11.8,Cerrado,MT,0,0,0
25.4,69.0,7.6,0.0,30,327.2,2.6,65.0,0.5,18.9,Cerrado,MT,0,0,1
25.4,69.0,7.6,0.0,30,302.7,1.8,65.0,0.5,18.1,Cerrado,MT,0,0,0
25.4,69.0,7.6,0.0,30,323.1,1.8,65.0,0.5,11.8,Cerrado,MT,0,0,0
25.4,69.0,7.6,0.0,30,315.8,2.1,65.0,0.5,12.3,Cerrado,MT,0,0,0
25.4,69.0,7.6,0.0,30,305.7,1.0,65.0,0.5,14.0,Cerrado,MT,0,0,1
25.4,69.0,7.6,0.0,30,310.6,1.0,65.0,0.5,3.7,Cerrado,MT,0,0,0
25.4,69.0,7.6,0.0,30,309.5,1.0,65.0,0.5,13.2,Cerrado,MT,0,0,1
25.4,69.0,7.6,0.0,30,297.3,0.9,65.0,0.7,6.3,Mata Atlantica,TO,0,0,0
25.4,69.0,7.6,0.0,30,299.5,0.9,65.0,0.7,11.6,Mata Atlantica,TO,0,0,0
25.4,69.0,7.6,0.0,30,310.8,1.5,65.0,0.5,8.9,Cerrado,MT,0,0,1
25.4,69.0,7.6,0.0,30,300.4,0.4,65.0,0.5,12.5,Cerrado,MT,0,0,0
25.4,69.0,7.6,0.0,30,301.5,0.9,65.0,0.5,10.6,Cerrado,MT,0,0,0
25.4,69.0,7.6,0.0,30,304.4,0.9,65.0,0.5,0.0,Cerrado,MT,0,0,0
25.4,69.0,7.6,0.0,30,302.6,0.9,65.0,0.5,10.9,Cerrado,MT,0,0,1
25.4,69.0,7.6,0.0,30,301.6,0.5,65.0,0.5,13.2,Cerrado,MT,0,0,0
25.4,69.0,7.6,0.0,30,302.4,0.7,65.0,0.5,12.2,Cerrado,MT,0,0,0
25.4,69.0,7.6,0.0,30,310.4,1.0,65.0,0.7,9.5,Mata Atlantica,TO,0,0,0
25.4,69.0,7.6,0.0,30,301.8,1.0,65.0,0.7,18.2,Mata Atlantica,TO,0,0,0
25.4,69.0,7.6,0.0,30,324.2,2.7,65.0,0.7,11.6,Mata Atlantica,TO,0,0,1
25.4,69.0,7.6,0.0,30,320.8,1.5,65.0,0.5,12.2,Cerrado,MT,0,0,1
25.4,69.0,7.6,0.0,30,313.9,1.5,65.0,0.5,15.2,Cerrado,MT,0,0,1
25.4,69.0,7.6,0.0,30,302.9,0.7,65.0,0.5,11.8,Cerrado,MT,0,0,0
25.4,69.0,7.6,0.0,30,309.7,1.5,65.0,0.5,5.5,Cerrado,TO,0,0,0
25.4,69.0,7.6,0.0,30,301.2,1.5,65.0,0.5,0.0,Cerrado,TO,0,0,1
25.4,69.0,7.6,0.0,30,303.1,1.8,65.0,0.7,7.6,Mata Atlantica,TO,0,0,0
25.4,69.0,7.6,0.0,30,300.8,0.8,65.0,0.7,13.8,Mata Atlantica,TO,0,0,0
25.4,69.0,7.6,0.0,30,302.0,0.8,65.0,0.7,8.2,Mata Atlantica,TO,0,0,0
25.4,69.0,7.6,0.0,30,303.8,1.1,65.0,0.7,14.0,Mata Atlantica,TO,0,0,0
25.4,69.0,7.6,0.0,30,305.7,1.3,65.0,0.7,10.7,Mata Atlantica,TO,0,0,0
25.4,69.0,7.6,0.0,30,305.4,0.9,65.0,0.7,16.4,Mata Atlantica,TO,0,0,0
25.4,69.0,7.6,0.0,30,367.0,6.4,95.0,0.7,8.5,Mata Atlantica,TO,0,0,1
25.4,69.0,7.6,0.0,30,345.6,9.9,65.0,0.7,12.3,Mata Atlantica,TO,0,0,0
25.4,69.0,7.6,0.0,30,303.2,6.4,65.0,0.7,12.5,Mata Atlantica,TO,0,0,0
25.4,69.0,7.6,0.0,30,367.0,9.9,95.0,0.7,17.5,Mata Atlantica,TO,0,0,0
25.4,69.0,7.6,0.0,30,324.2,9.9,65.0,0.7,1.5,Mata Atlantica,TO,0,0,0
25.4,69.0,7.6,0.0,30,301.1,2.5,65.0,0.7,7.7,Mata Atlantica,TO,0,0,0
25.4,69.0,7.6,0.0,30,334.7,6.5,65.0,0.5,14.2,Cerrado,TO,0,0,0
25.4,69.0,7.6,0.0,30,338.3,7.1,65.0,0.5,17.7,Cerrado,TO,0,0,0
25.4,69.0,7.6,0.0,30,301.4,5.4,65.0,0.5,11.2,Cerrado,TO,0,0,1
25.4,69.0,7.6,0.0,30,330.0,6.5,65.0,0.5,8.5,Cerrado,TO,0,0,1
25.4,69.0,7.6,0.0,30,304.6,0.9,65.0,0.5,13.8,Cerrado,TO,0,0,0
25.4,69.0,7.6,0.0,30,301.0,1.7,65.0,0.5,14.3,Cerrado,MT,0,0,0
25.4,69.0,7.6,0.0,30,323.2,1.7,65.0,0.5,8.2,Cerrado,MT,0,0,1
25.4,69.0,7.6,0.0,30,334.4,4.9,65.0,0.5,11.7,Cerrado,MT,0,0,0
25.4,69.0,7.6,0.0,30,301.5,0.8,65.0,0.5,15.9,Cerrado,MT,0,0,0
25.4,69.0,7.6,0.0,30,301.4,1.1,65.0,0.5,19.5,Cerrado,MT,0,0,0
25.4,69.0,7.6,0.0,30,307.5,0.7,65.0,0.5,13.7,Cerrado,MT,0,0,0
25.4,69.0,7.6,0.0,30,308.8,0.7,65.0,0.5,10.2,Cerrado,MT,0,0,0
25.4,69.0,7.6,0.0,30,307.9,1.0,65.0,0.5,9.7,Cerrado,MT,0,0,0
25.4,69.0,7.6,0.0,30,313.9,1.5,65.0,0.7,12.8,Mata Atlantica,TO,0,0,0
25.4,69.0,7.6,0.0,30,304.1,0.7,65.0,0.5,9.4,Cerrado,MT,0,0,0
25.4,69.0,7.6,0.0,30,306.9,1.7,65.0,0.8,10.9,Amazonia,PA,0,0,0
25.4,69.0,7.6,0.0,30,302.0,1.2,65.0,0.8,4.7,Amazonia,PA,0,0,1
25.4,69.0,7.6,0.0,30,305.8,1.2,65.0,0.8,16.5,Amazonia,PA,0,0,1
25.4,69.0,7.6,0.0,30,303.8,0.7,65.0,0.8,4.3,Amazonia,PA,0,0,1
25.4,69.0,7.6,0.0,30,312.3,1.1,65.0,0.8,7.8,Amazonia,AM,0,0,0
25.4,69.0,7.6,0.0,30,302.3,0.6,65.0,0.8,10.5,Amazonia,AM,0,0,1
25.4,69.0,7.6,0.0,30,304.4,2.0,65.0,0.8,20.0,Amazonia,PA,0,0,0
25.4,69.0,7.6,0.0,30,311.3,2.0,65.0,0.8,7.9,Amazonia,PA,0,0,0
25.4,69.0,7.6,0.0,30,308.4,1.9,65.0,0.8,6.7,Amazonia,PA,0,0,0
25.4,69.0,7.6,0.0,30,323.3,3.9,65.0,0.8,7.2,Amazonia,PA,0,0,0
25.4,69.0,7.6,0.0,30,329.4,5.8,65.0,0.8,18.3,Amazonia,PA,0,0,0
25.4,69.0,7.6,0.0,30,318.1,3.9,65.0,0.8,0.0,Amazonia,PA,0,0,1
25.4,69.0,7.6,0.0,30,305.8,2.4,65.0,0.8,5.0,Amazonia,PA,0,0,0
25.4,69.0,7.6,0.0,30,308.1,2.1,65.0,0.8,23.7,Amazonia,PA,0,0,1
25.4,69.0,7.6,0.0,30,310.2,2.4,65.0,0.8,13.0,Amazonia,PA,0,0,0
25.4,69.0,7.6,0.0,30,303.1,1.6,65.0,0.7,4.5,Mata Atlantica,BA,0,0,0
25.4,69.0,7.6,0.0,30,316.0,1.6,65.0,0.7,9.8,Mata Atlantica,BA,0,0,0
25.4,69.0,7.6,0.0,30,314.2,2.6,65.0,0.7,10.3,Mata Atlantica,BA,0,0,0
25.4,69.0,7.6,0.0,30,311.7,2.6,65.0,0.7,14.2,Mata Atlantica,BA,0,0,0
25.4,69.0,7.6,0.0,30,310.4,2.1,65.0,0.7,19.2,Mata Atlantica,BA,0,0,1
25.4,69.0,7.6,0.0,30,319.9,2.9,65.0,0.7,11.9,Mata Atlantica,BA,0,0,0
25.4,69.0,7.6,0.0,30,316.6,2.6,65.0,0.7,7.3,Mata Atlantica,BA,0,0,0
25.4,69.0,7.6,0.0,30,315.8,2.6,65.0,0.7,13.9,Mata Atlantica,BA,0,0,0
25.4,69.0,7.6,0.0,30,311.3,2.9,65.0,0.7,6.5,Mata Atlantica,BA,0,0,0
25.4,69.0,7.6,0.0,30,319.5,2.9,65.0,0.7,4.8,Mata Atlantica,BA,0,0,0
25.4,69.0,7.6,0.0,30,316.1,2.8,65.0,0.7,1.2,Mata Atlantica,BA,0,0,0
25.4,69.0,7.6,0.0,30,314.7,2.2,65.0,0.7,2.2,Mata Atlantica,BA,0,0,0
25.4,69.0,7.6,0.0,30,307.6,0.9,65.0,0.7,5.5,Mata Atlantica,BA,0,0,0
25.4,69.0,7.6,0.0,30,307.5,2.2,65.0,0.7,4.1,Mata Atlantica,BA,0,0,0
25.4,69.0,7.6,0.0,30,309.3,1.0,65.0,0.8,11.6,Amazonia,AM,0,0,0
25.4,69.0,7.6,0.0,30,307.6,2.3,65.0,0.8,4.0,Amazonia,PA,0,0,1
25.4,69.0,7.6,0.0,30,307.8,0.8,65.0,0.8,0.0,Amazonia,PA,0,0,0
25.4,69.0,7.6,0.0,30,300.1,0.8,65.0,0.8,4.8,Amazonia,PA,0,0,0
25.4,69.0,7.6,0.0,30,309.6,1.0,65.0,0.8,7.6,Amazonia,PA,0,0,1
25.4,69.0,7.6,0.0,30,301.3,1.0,65.0,0.8,7.0,Amazonia,PA,0,0,0
25.4,69.0,7.6,0.0,30,342.8,2.9,65.0,0.8,17.6,Amazonia,PA,0,0,0
25.4,69.0,7.6,0.0,30,305.6,2.9,65.0,0.8,6.9,Amazonia,PA,0,0,1
25.4,69.0,7.6,0.0,30,297.3,1.0,65.0,0.8,14.4,Amazonia,PA,0,0,0
25.4,69.0,7.6,0.0,30,304.7,1.0,65.0,0.8,9.9,Amazonia,PA,0,0,1
25.4,69.0,7.6,0.0,30,303.2,1.2,65.0,0.8,9.8,Amazonia,PA,0,0,0
25.4,69.0,7.6,0.0,30,367.0,17.8,95.0,0.8,5.8,Amazonia,PA,0,0,0
25.4,69.0,7.6,0.0,30,312.0,6.4,65.0,0.8,9.7,Amazonia,PA,0,0,0
25.4,69.0,7.6,0.0,30,311.4,1.5,65.0,0.8,6.2,Amazonia,PA,0,0,0
25.4,69.0,7.6,0.0,30,306.9,1.1,65.0,0.8,10.9,Amazonia,PA,0,0,0
25.4,69.0,7.6,0.0,30,311.9,2.0,65.0,0.8,8.8,Amazonia,PA,0,0,0
25.4,69.0,7.6,0.0,30,311.9,2.0,65.0,0.8,5.3,Amazonia,PA,0,0,0
25.4,69.0,7.6,0.0,30,302.4,2.0,65.0,0.8,15.0,Amazonia,PA,0,0,0
25.4,69.0,7.6,0.0,30,302.5,1.5,65.0,0.8,12.1,Amazonia,PA,0,0,0
25.4,69.0,7.6,0.0,30,332.1,5.2,65.0,0.8,7.8,Amazonia,PA,0,0,1
25.4,69.0,7.6,0.0,30,303.2,1.0,65.0,0.8,10.7,Amazonia,PA,0,0,0
25.4,69.0,7.6,0.0,30,309.5,1.8,65.0,0.8,9.6,Amazonia,PA,0,0,0
25.4,69.0,7.6,0.0,30,305.4,0.8,65.0,0.8,5.7,Amazonia,PA,0,0,0
25.4,69.0,7.6,0.0,30,306.5,1.2,65.0,0.8,10.4,Amazonia,PA,0,0,1
25.4,69.0,7.6,0.0,30,301.7,0.7,65.0,0.8,6.9,Amazonia,PA,0,0,0
25.4,69.0,7.6,0.0,30,302.4,0.7,65.0,0.8,5.3,Amazonia,AM,0,0,0
25.4,69.0,7.6,0.0,30,305.5,0.9,65.0,0.8,1.9,Amazonia,AM,0,0,0
25.4,69.0,7.6,0.0,30,303.6,0.6,65.0,0.8,8.2,Amazonia,AM,0,0,0
25.4,69.0,7.6,0.0,30,310.0,1.3,65.0,0.8,12.8,Amazonia,AM,0,0,0
25.4,69.0,7.6,0.0,30,320.4,1.9,65.0,0.7,6.5,Mata Atlantica,TO,0,0,0
25.4,69.0,7.6,0.0,30,317.1,1.8,65.0,0.7,22.6,Mata Atlantica,TO,0,0,0
25.4,69.0,7.6,0.0,30,304.8,1.2,65.0,0.8,14.4,Amazonia,PA,0,0,0
25.4,69.0,7.6,0.0,30,302.0,0.9,65.0,0.8,16.5,Amazonia,PA,0,0,0
25.4,69.0,7.6,0.0,30,302.0,1.4,65.0,0.8,14.0,Amazonia,PA,0,0,0
25.4,69.0,7.6,0.0,30,306.6,1.6,65.0,0.8,19.3,Amazonia,PA,0,0,1
25.4,69.0,7.6,0.0,30,300.5,1.4,65.0,0.8,6.1,Amazonia,PA,0,0,0
25.4,69.0,7.6,0.0,30,303.6,2.7,65.0,0.7,0.0,Mata Atlantica,MA,0,0,0
25.4,69.0,7.6,0.0,30,310.0,2.2,65.0,0.7,7.8,Mata Atlantica,MA,0,0,0
25.4,69.0,7.6,0.0,30,308.2,4.0,65.0,0.7,12.8,Mata Atlantica,MA,0,0,0
25.4,69.0,7.6,0.0,30,333.7,4.0,65.0,0.7,10.8,Mata Atlantica,MA,0,0,0
25.4,69.0,7.6,0.0,30,315.8,2.7,65.0,0.7,11.4,Mata Atlantica,MA,0,0,0
25.4,69.0,7.6,0.0,30,314.7,4.9,65.0,0.3,16.6,Caatinga,MA,0,0,0
25.4,69.0,7.6,0.0,30,328.1,8.3,65.0,0.3,11.9,Caatinga,MA,0,0,1
25.4,69.0,7.6,0.0,30,313.6,4.5,65.0,0.3,14.0,Caatinga,MA,0,0,1
25.4,69.0,7.6,0.0,30,329.1,7.7,65.0,0.3,5.3,Caatinga,MA,0,0,0
25.4,69.0,7.6,0.0,30,295.5,1.0,65.0,0.8,4.5,Amazonia,PA,0,0,0
25.4,69.0,7.6,0.0,30,300.3,1.6,65.0,0.8,18.1,Amazonia,PA,0,0,1
25.4,69.0,7.6,0.0,30,318.0,1.6,65.0,0.8,10.5,Amazonia,PA,0,0,0
25.4,69.0,7.6,0.0,30,314.8,5.5,65.0,0.8,6.9,Amazonia,PA,0,0,1
25.4,69.0,7.6,0.0,30,338.3,5.5,65.0,0.8,6.9,Amazonia,PA,0,0,1
25.4,69.0,7.6,0.0,30,304.9,0.6,65.0,0.8,6.8,Amazonia,PA,0,0,0
25.4,69.0,7.6,0.0,30,304.5,0.6,65.0,0.8,6.5,Amazonia,PA,0,0,0
25.4,69.0,7.6,0.0,30,303.8,0.6,65.0,0.8,3.6,Amazonia,PA,0,0,1
25.4,69.0,7.6,0.0,30,367.0,9.6,95.0,0.3,2.5,Caatinga,MA,0,0,0
25.4,69.0,7.6,0.0,30,306.6,9.6,65.0,0.3,9.0,Caatinga,MA,0,0,1
25.4,69.0,7.6,0.0,30,304.1,1.1,65.0,0.7,7.0,Mata Atlantica,MA,0,0,0
25.4,69.0,7.6,0.0,30,311.8,1.9,65.0,0.7,15.5,Mata Atlantica,MA,0,0,0
25.4,69.0,7.6,0.0,30,307.7,1.1,65.0,0.7,11.5,Mata Atlantica,MA,0,0,1
25.4,69.0,7.6,0.0,30,319.6,2.1,65.0,0.7,11.3,Mata Atlantica,MA,0,0,1
25.4,69.0,7.6,0.0,30,302.1,2.1,65.0,0.7,6.3,Mata Atlantica,MA,0,0,0
25.4,69.0,7.6,0.0,30,322.2,1.9,65.0,0.7,9.4,Mata Atlantica,MA,0,0,0
25.4,69.0,7.6,0.0,30,311.6,1.9,65.0,0.7,11.8,Mata Atlantica,MA,0,0,0
25.4,69.0,7.6,0.0,30,315.5,3.0,65.0,0.7,13.6,Mata Atlantica,MA,0,0,0
25.4,69.0,7.6,0.0,30,312.2,3.6,65.0,0.7,9.5,Mata Atlantica,MA,0,0,0
25.4,69.0,7.6,0.0,30,306.4,1.9,65.0,0.7,15.4,Mata Atlantica,MA,0,0,0
25.4,69.0,7.6,0.0,30,313.1,1.9,65.0,0.7,10.0,Mata Atlantica,MA,0,0,0
25.4,69.0,7.6,0.0,30,302.0,1.9,65.0,0.7,14.0,Mata Atlantica,MA,0,0,1
25.4,69.0,7.6,0.0,30,299.4,0.9,65.0,0.7,7.6,Mata Atlantica,MA,0,0,0
25.4,69.0,7.6,0.0,30,302.2,1.8,65.0,0.7,0.9,Mata Atlantica,MA,0,0,0
25.4,69.0,7.6,0.0,30,323.6,1.5,65.0,0.8,11.3,Amazonia,PA,0,0,1
25.4,69.0,7.6,0.0,30,309.6,2.0,65.0,0.8,13.6,Amazonia,PA,0,0,0
25.4,69.0,7.6,0.0,30,306.3,1.1,65.0,0.8,12.9,Amazonia,PA,0,0,0
25.4,69.0,7.6,0.0,30,304.2,1.2,65.0,0.8,12.1,Amazonia,PA,0,0,0
25.4,69.0,7.6,0.0,30,326.6,2.9,65.0,0.5,8.3,Cerrado,??,0,0,0
25.4,69.0,7.6,0.0,30,341.0,4.9,65.0,0.5,6.0,Cerrado,??,0,0,0
25.4,69.0,7.6,0.0,30,340.9,4.9,65.0,0.5,12.8,Cerrado,??,0,0,0
25.4,69.0,7.6,0.0,30,341.4,4.0,65.0,0.5,12.1,Cerrado,??,0,0,0
25.4,69.0,7.6,0.0,30,307.6,2.7,65.0,0.5,7.2,Cerrado,??,0,0,0
25.4,69.0,7.6,0.0,30,333.1,2.0,65.0,0.5,15.5,Cerrado,??,0,0,0
25.4,69.0,7.6,0.0,30,345.0,2.7,65.0,0.5,5.6,Cerrado,??,0,0,0
25.4,69.0,7.6,0.0,30,326.5,2.7,65.0,0.5,7.1,Cerrado,??,0,0,0
25.4,69.0,7.6,0.0,30,300.5,2.0,65.0,0.5,18.2,Cerrado,??,0,0,0
25.4,69.0,7.6,0.0,30,329.0,1.4,65.0,0.5,14.3,Cerrado,??,0,0,0
25.4,69.0,7.6,0.0,30,340.1,2.5,65.0,0.5,8.2,Cerrado,??,0,0,0
25.4,69.0,7.6,0.0,30,313.0,2.5,65.0,0.5,11.4,Cerrado,??,0,0,0
25.4,69.0,7.6,0.0,30,302.5,1.4,65.0,0.5,10.8,Cerrado,??,0,0,1
25.4,69.0,7.6,0.0,30,305.8,1.4,65.0,0.5,0.0,Cerrado,??,0,0,0
25.4,69.0,7.6,0.0,30,324.0,2.2,65.0,0.5,5.5,Cerrado,??,0,0,0
25.4,69.0,7.6,0.0,30,303.9,0.6,65.0,0.5,9.7,Cerrado,??,0,0,0
25.4,69.0,7.6,0.0,30,302.4,0.6,65.0,0.5,8.2,Cerrado,??,0,0,0
25.4,69.0,7.6,0.0,30,346.1,13.0,65.0,0.5,11.2,Cerrado,??,0,0,0
25.4,69.0,7.6,0.0,30,367.0,13.0,95.0,0.5,15.6,Cerrado,??,0,0,0
25.4,69.0,7.6,0.0,30,342.0,7.7,65.0,0.5,8.4,Cerrado,??,0,0,0
25.4,69.0,7.6,0.0,30,316.4,17.8,65.0,0.5,4.7,Cerrado,??,0,0,0
25.4,69.0,7.6,0.0,30,354.3,17.8,65.0,0.5,11.6,Cerrado,??,0,0,0
25.4,69.0,7.6,0.0,30,367.0,13.0,95.0,0.5,8.4,Cerrado,??,0,0,1
25.4,69.0,7.6,0.0,30,321.9,13.0,65.0,0.5,9.2,Cerrado,??,0,0,1
25.4,69.0,7.6,0.0,30,314.9,1.2,65.0,0.5,8.5,Cerrado,??,0,0,0
25.4,69.0,7.6,0.0,30,311.5,1.2,65.0,0.5,21.2,Cerrado,??,0,0,0
25.4,69.0,7.6,0.0,30,355.1,4.4,65.0,0.5,0.0,Cerrado,??,0,0,0
25.4,69.0,7.6,0.0,30,310.8,4.4,65.0,0.5,8.1,Cerrado,??,0,0,1
25.4,69.0,7.6,0.0,30,306.3,0.8,65.0,0.5,10.0,Cerrado,??,0,0,0
25.4,69.0,7.6,0.0,30,308.3,1.8,65.0,0.5,6.1,Cerrado,??,0,0,0
25.4,69.0,7.6,0.0,30,327.3,1.8,65.0,0.5,14.5,Cerrado,??,0,0,1
25.4,69.0,7.6,0.0,30,330.9,2.8,65.0,0.5,14.1,Cerrado,??,0,0,0
25.4,69.0,7.6,0.0,30,311.9,1.5,65.0,0.5,9.8,Cerrado,??,0,0,1
25.4,69.0,7.6,0.0,30,302.0,1.0,65.0,0.5,8.6,Cerrado,??,0,0,0
25.4,69.0,7.6,0.0,30,310.8,1.0,65.0,0.5,9.4,Cerrado,??,0,0,0
25.4,69.0,7.6,0.0,30,323.3,2.3,65.0,0.5,9.5,Cerrado,??,0,0,0
25.4,69.0,7.6,0.0,30,345.7,4.7,65.0,0.5,9.6,Cerrado,??,0,0,1
25.4,69.0,7.6,0.0,30,347.5,5.0,65.0,0.5,9.1,Cerrado,??,0,0,0
25.4,69.0,7.6,0.0,30,340.3,3.8,65.0,0.5,11.3,Cerrado,??,0,0,1
25.4,69.0,7.6,0.0,30,339.8,5.0,65.0,0.5,13.8,Cerrado,??,0,0,0
25.4,69.0,7.6,0.0,30,324.6,2.7,65.0,0.5,3.8,Cerrado,??,0,0,0
25.4,69.0,7.6,0.0,30,334.9,3.8,65.0,0.5,4.7,Cerrado,??,0,0,1
25.4,69.0,7.6,0.0,30,353.6,6.2,65.0,0.5,1.3,Cerrado,??,0,0,0
25.4,69.0,7.6,0.0,30,315.1,1.3,65.0,0.5,14.3,Cerrado,??,0,0,1
25.4,69.0,7.6,0.0,30,327.7,6.2,65.0,0.5,11.3,Cerrado,??,0,0,1
25.4,69.0,7.6,0.0,30,308.6,1.2,65.0,0.5,12.5,Cerrado,??,0,0,0
25.4,69.0,7.6,0.0,30,325.8,1.2,65.0,0.5,2.9,Cerrado,??,0,0,0
25.4,69.0,7.6,0.0,30,344.9,4.3,65.0,0.5,18.9,Cerrado,??,0,0,0
25.4,69.0,7.6,0.0,30,332.2,2.9,65.0,0.5,7.0,Cerrado,??,0,0,1
25.4,69.0,7.6,0.0,30,301.3,1.2,65.0,0.5,10.8,Cerrado,??,0,0,1
25.4,69.0,7.6,0.0,30,309.9,1.2,65.0,0.5,14.3,Cerrado,??,0,0,0
25.4,69.0,7.6,0.0,30,325.7,1.2,65.0,0.5,5.1,Cerrado,??,0,0,1
25.4,69.0,7.6,0.0,30,309.8,1.2,65.0,0.5,7.3,Cerrado,??,0,0,0
25.4,69.0,7.6,0.0,30,309.2,1.2,65.0,0.5,10.9,Cerrado,??,0,0,0
25.4,69.0,7.6,0.0,30,305.6,1.0,65.0,0.5,24.3,Cerrado,??,0,0,0
25.4,69.0,7.6,0.0,30,310.5,1.1,65.0,0.5,11.5,Cerrado,??,0,0,0
25.4,69.0,7.6,0.0,30,310.1,1.0,65.0,0.5,18.0,Cerrado,??,0,0,1
25.4,69.0,7.6,0.0,30,323.6,3.8,65.0,0.5,16.0,Cerrado,??,0,0,0
25.4,69.0,7.6,0.0,30,350.4,3.8,65.0,0.5,11.8,Cerrado,??,0,0,0
25.4,69.0,7.6,0.0,30,314.7,1.2,65.0,0.5,5.1,Cerrado,??,0,0,1
25.4,69.0,7.6,0.0,30,300.6,0.4,65.0,0.5,15.3,Cerrado,??,0,0,0
25.4,69.0,7.6,0.0,30,302.7,0.7,65.0,0.5,2.5,Cerrado,MT,0,0,0
25.4,69.0,7.6,0.0,30,302.2,0.7,65.0,0.5,18.0,Cerrado,MT,0,0,1
25.4,69.0,7.6,0.0,30,303.4,0.7,65.0,0.5,11.0,Cerrado,MT,0,0,0
25.4,69.0,7.6,0.0,30,314.4,2.7,65.0,0.5,0.0,Cerrado,MT,0,0,1
25.4,69.0,7.6,0.0,30,299.4,1.1,65.0,0.5,8.3,Cerrado,MT,0,0,0
25.4,69.0,7.6,0.0,30,298.4,1.8,65.0,0.5,13.3,Cerrado,MT,0,0,1
25.4,69.0,7.6,0.0,30,307.6,2.4,65.0,0.5,8.8,Cerrado,MT,0,0,0
25.4,69.0,7.6,0.0,30,314.4,1.8,65.0,0.5,13.6,Cerrado,MT,0,0,0
25.4,69.0,7.6,0.0,30,323.4,2.4,65.0,0.5,5.7,Cerrado,MT,0,0,1
25.4,69.0,7.6,0.0,30,332.8,2.4,65.0,0.5,3.5,Desconhecido,MT,0,0,1
25.4,69.0,7.6,0.0,30,331.8,3.1,65.0,0.5,9.6,Desconhecido,??,0,0,0
25.4,69.0,7.6,0.0,30,308.2,2.4,65.0,0.5,10.2,Desconhecido,MT,0,0,0
25.4,69.0,7.6,0.0,30,310.2,3.1,65.0,0.5,8.3,Desconhecido,??,0,0,0
25.4,69.0,7.6,0.0,30,309.8,1.5,65.0,0.5,16.1,Desconhecido,??,0,0,1
25.4,69.0,7.6,0.0,30,331.7,13.9,65.0,0.5,5.7,Cerrado,MT,0,0,0
25.4,69.0,7.6,0.0,30,328.7,13.9,65.0,0.5,11.6,Cerrado,MT,0,0,1
25.4,69.0,7.6,0.0,30,353.5,13.9,65.0,0.5,10.3,Cerrado,MT,0,0,0
25.4,69.0,7.6,0.0,30,320.0,5.0,65.0,0.5,2.2,Cerrado,MT,0,0,0
25.4,69.0,7.6,0.0,30,329.9,13.4,65.0,0.5,3.4,Cerrado,MT,0,0,0
25.4,69.0,7.6,0.0,30,367.0,13.4,95.0,0.5,10.1,Cerrado,MT,0,0,1
25.4,69.0,7.6,0.0,30,328.4,5.4,65.0,0.5,19.9,Cerrado,MT,0,0,0
25.4,69.0,7.6,0.0,30,333.7,3.1,65.0,0.5,12.9,Cerrado,MT,0,0,1
25.4,69.0,7.6,0.0,30,349.7,13.4,65.0,0.5,1.4,Cerrado,MT,0,0,1
25.4,69.0,7.6,0.0,30,367.0,13.4,95.0,0.5,0.0,Cerrado,MT,0,0,0
25.4,69.0,7.6,0.0,30,331.2,5.4,65.0,0.5,13.7,Cerrado,MT,0,0,0
25.4,69.0,7.6,0.0,30,349.9,12.2,65.0,0.5,9.5,Cerrado,MT,0,0,0
25.4,69.0,7.6,0.0,30,355.3,13.8,65.0,0.5,15.7,Cerrado,MT,0,0,0
25.4,69.0,7.6,0.0,30,367.0,13.8,95.0,0.5,5.6,Cerrado,MT,0,0,1
25.4,69.0,7.6,0.0,30,303.2,1.8,65.0,0.5,11.8,Desconhecido,??,0,0,0
25.4,69.0,7.6,0.0,30,343.8,4.3,65.0,0.5,14.2,Cerrado,MT,0,0,1
25.4,69.0,7.6,0.0,30,347.1,12.2,65.0,0.5,7.8,Cerrado,MT,0,0,1
25.4,69.0,7.6,0.0,30,346.0,13.8,65.0,0.5,7.9,Cerrado,MT,0,0,1
25.4,69.0,7.6,0.0,30,310.0,13.8,65.0,0.5,10.1,Cerrado,MT,0,0,0
25.4,69.0,7.6,0.0,30,313.0,2.4,65.0,0.5,12.7,Cerrado,MT,0,0,1
25.4,69.0,7.6,0.0,30,304.3,4.3,65.0,0.5,9.9,Cerrado,MT,0,0,0
25.4,69.0,7.6,0.0,30,304.1,0.9,65.0,0.5,14.9,Cerrado,MT,0,0,1
25.4,69.0,7.6,0.0,30,309.4,0.6,65.0,0.5,7.7,Desconhecido,MT,0,0,0
25.4,69.0,7.6,0.0,30,310.9,0.6,65.0,0.5,3.4,Desconhecido,MT,0,0,0
25.4,69.0,7.6,0.0,30,300.5,0.5,65.0,0.5,19.9,Desconhecido,MT,0,0,0
25.4,69.0,7.6,0.0,30,300.5,0.5,65.0,0.5,7.0,Desconhecido,MT,0,0,0
25.4,69.0,7.6,0.0,30,310.7,1.4,65.0,0.5,7.2,Desconhecido,MT,0,0,1
25.4,69.0,7.6,0.0,30,300.7,0.6,65.0,0.5,9.7,Desconhecido,MT,0,0,0
25.4,69.0,7.6,0.0,30,303.5,0.6,65.0,0.5,10.3,Cerrado,MT,0,0,1
25.4,69.0,7.6,0.0,30,331.8,2.2,65.0,0.5,8.1,Cerrado,MT,0,0,0
25.4,69.0,7.6,0.0,30,314.3,2.2,65.0,0.5,9.9,Cerrado,MT,0,0,0
25.4,69.0,7.6,0.0,30,321.9,2.1,65.0,0.5,9.8,Cerrado,MT,0,0,0
25.4,69.0,7.6,0.0,30,330.8,2.1,65.0,0.5,10.9,Cerrado,MT,0,0,0
25.4,69.0,7.6,0.0,30,334.3,2.2,65.0,0.5,0.0,Cerrado,MT,0,0,0
25.4,69.0,7.6,0.0,30,305.2,2.2,65.0,0.5,19.4,Cerrado,MT,0,0,0
25.4,69.0,7.6,0.0,30,319.5,2.1,65.0,0.5,9.3,Cerrado,MT,0,0,1
25.4,69.0,7.6,0.0,30,335.0,2.2,65.0,0.5,12.9,Cerrado,MT,0,0,0
25.4,69.0,7.6,0.0,30,322.7,2.2,65.0,0.5,3.1,Cerrado,MT,0,0,1
25.4,69.0,7.6,0.0,30,322.8,4.8,65.0,0.5,7.6,Cerrado,MT,0,0,0
25.4,69.0,7.6,0.0,30,355.5,4.8,65.0,0.5,6.6,Cerrado,MT,0,0,1
25.4,69.0,7.6,0.0,30,330.2,2.5,65.0,0.5,17.3,Cerrado,MT,0,0,1
25.4,69.0,7.6,0.0,30,343.4,4.8,65.0,0.5,7.1,Cerrado,MT,0,0,0
25.4,69.0,7.6,0.0,30,345.7,4.8,65.0,0.5,13.8,Cerrado,MT,0,0,1
25.4,69.0,7.6,0.0,30,307.6,2.5,65.0,0.5,6.7,Cerrado,MT,0,0,1
25.4,69.0,7.6,0.0,30,311.2,1.1,65.0,0.5,7.7,Cerrado,MT,0,0,1
25.4,69.0,7.6,0.0,30,305.1,0.4,65.0,0.5,8.8,Cerrado,MT,0,0,1
25.4,69.0,7.6,0.0,30,305.5,1.8,65.0,0.5,16.4,Cerrado,MT,0,0,1
25.4,69.0,7.6,0.0,30,329.9,1.8,65.0,0.5,0.6,Cerrado,MT,0,0,1
25.4,69.0,7.6,0.0,30,304.6,1.0,65.0,0.5,3.4,Cerrado,MT,0,0,0
25.4,69.0,7.6,0.0,30,326.1,2.1,65.0,0.5,0.3,Cerrado,MT,0,0,1
25.4,69.0,7.6,0.0,30,304.1,0.9,65.0,0.5,4.6,Cerrado,MT,0,0,1
25.4,69.0,7.6,0.0,30,308.2,0.9,65.0,0.5,5.9,Cerrado,MT,0,0,0
25.4,69.0,7.6,0.0,30,310.9,1.0,65.0,0.5,1.9,Cerrado,MT,0,0,1
25.4,69.0,7.6,0.0,30,320.3,2.2,65.0,0.5,6.3,Cerrado,MT,0,0,0
25.4,69.0,7.6,0.0,30,307.4,1.0,65.0,0.5,0.0,Cerrado,MT,0,0,0
25.4,69.0,7.6,0.0,30,327.7,1.4,65.0,0.5,4.9,Cerrado,MT,0,0,1
25.4,69.0,7.6,0.0,30,302.7,1.4,65.0,0.5,16.0,Cerrado,MT,0,0,0
25.4,69.0,7.6,0.0,30,308.3,1.1,65.0,0.5,12.0,Cerrado,MT,0,0,0
25.4,69.0,7.6,0.0,30,320.7,1.4,65.0,0.5,10.9,Cerrado,MT,0,0,1
25.4,69.0,7.6,0.0,30,322.5,2.5,65.0,0.5,5.0,Cerrado,MT,0,0,0
25.4,69.0,7.6,0.0,30,323.6,3.2,65.0,0.5,2.3,Cerrado,MT,0,0,0
25.4,69.0,7.6,0.0,30,302.5,1.4,65.0,0.5,4.3,Cerrado,MT,0,0,1
25.4,69.0,7.6,0.0,30,317.5,1.4,65.0,0.5,9.8,Cerrado,MT,0,0,0
25.4,69.0,7.6,0.0,30,318.1,1.8,65.0,0.5,14.3,Cerrado,MT,0,0,1
25.4,69.0,7.6,0.0,30,317.6,1.9,65.0,0.5,14.5,Cerrado,MT,0,0,0
25.4,69.0,7.6,0.0,30,342.6,2.6,65.0,0.5,13.2,Cerrado,MT,0,0,0
25.4,69.0,7.6,0.0,30,303.5,1.1,65.0,0.5,6.3,Cerrado,MT,0,0,0
25.4,69.0,7.6,0.0,30,326.0,1.7,65.0,0.5,10.1,Cerrado,MT,0,0,0
25.4,69.0,7.6,0.0,30,307.2,1.1,65.0,0.5,8.4,Desconhecido,MT,0,0,0
25.4,69.0,7.6,0.0,30,327.2,1.8,65.0,0.5,9.0,Cerrado,MT,0,0,1
25.4,69.0,7.6,0.0,30,326.7,1.8,65.0,0.5,20.2,Cerrado,MT,0,0,0
25.4,69.0,7.6,0.0,30,310.9,1.8,65.0,0.5,1.2,Cerrado,MT,0,0,1
25.4,69.0,7.6,0.0,30,306.8,1.8,65.0,0.5,8.8,Cerrado,MT,0,0,0
25.4,69.0,7.6,0.0,30,307.6,2.6,65.0,0.5,16.1,Cerrado,MT,0,0,1
25.4,69.0,7.6,0.0,30,299.8,0.3,65.0,0.5,2.7,Desconhecido,MT,0,0,0
25.4,69.0,7.6,0.0,30,306.3,1.0,65.0,0.5,6.8,Desconhecido,MT,0,0,0
25.4,69.0,7.6,0.0,30,309.8,1.0,65.0,0.5,7.4,Desconhecido,MT,0,0,0
25.4,69.0,7.6,0.0,30,313.1,1.1,65.0,0.5,8.9,Cerrado,MT,0,0,1
25.4,69.0,7.6,0.0,30,308.3,1.0,65.0,0.5,2.0,Desconhecido,MT,0,0,0
25.4,69.0,7.6,0.0,30,306.9,1.0,65.0,0.5,13.0,Desconhecido,MT,0,0,0
25.4,69.0,7.6,0.0,30,308.0,1.3,65.0,0.5,13.3,Cerrado,MT,0,0,0
25.4,69.0,7.6,0.0,30,301.9,0.4,65.0,0.5,12.5,Cerrado,MT,0,0,1
25.4,69.0,7.6,0.0,30,325.8,1.3,65.0,0.5,5.6,Cerrado,MT,0,0,0
25.4,69.0,7.6,0.0,30,314.0,2.9,65.0,0.5,10.4,Cerrado,MT,0,0,0
25.4,69.0,7.6,0.0,30,304.7,2.9,65.0,0.5,5.5,Cerrado,MT,0,0,0
25.4,69.0,7.6,0.0,30,329.9,6.3,65.0,0.5,8.3,Cerrado,MT,0,0,1
25.4,69.0,7.6,0.0,30,305.8,1.0,65.0,0.5,20.8,Cerrado,MT,0,0,0
25.4,69.0,7.6,0.0,30,304.5,1.3,65.0,0.5,10.5,Cerrado,MT,0,0,0
25.4,69.0,7.6,0.0,30,320.1,1.3,65.0,0.5,4.1,Cerrado,MT,0,0,1
25.4,69.0,7.6,0.0,30,307.6,2.9,65.0,0.5,10.9,Cerrado,MT,0,0,0
25.4,69.0,7.6,0.0,30,305.2,0.8,65.0,0.5,3.2,Cerrado,MT,0,0,0
25.4,69.0,7.6,0.0,30,354.6,2.9,65.0,0.5,4.0,Cerrado,MT,0,0,1
25.4,69.0,7.6,0.0,30,301.1,0.8,65.0,0.5,4.8,Cerrado,MT,0,0,1
25.4,69.0,7.6,0.0,30,345.9,6.3,65.0,0.5,7.8,Cerrado,MT,0,0,1
25.4,69.0,7.6,0.0,30,316.9,0.7,65.0,0.5,14.7,Cerrado,MT,0,0,1
25.4,69.0,7.6,0.0,30,307.9,1.0,65.0,0.5,12.9,Cerrado,MT,0,0,0
25.4,69.0,7.6,0.0,30,303.8,0.7,65.0,0.5,12.6,Cerrado,MT,0,0,0
25.4,69.0,7.6,0.0,30,305.1,0.5,65.0,0.5,4.5,Desconhecido,MT,0,0,0
25.4,69.0,7.6,0.0,30,303.3,0.3,65.0,0.5,7.3,Cerrado,MT,0,0,0
25.4,69.0,7.6,0.0,30,302.7,0.7,65.0,0.5,11.4,Cerrado,MT,0,0,0
25.4,69.0,7.6,0.0,30,305.7,1.5,65.0,0.5,6.9,Cerrado,MT,0,0,0
25.4,69.0,7.6,0.0,30,302.6,0.7,65.0,0.5,8.6,Cerrado,MT,0,0,1
25.4,69.0,7.6,0.0,30,301.8,0.9,65.0,0.5,12.2,Cerrado,MT,0,0,1
25.4,69.0,7.6,0.0,30,306.8,1.1,65.0,0.5,8.3,Cerrado,MT,0,0,1
25.4,69.0,7.6,0.0,30,312.4,0.8,65.0,0.5,11.1,Cerrado,MT,0,0,1
25.4,69.0,7.6,0.0,30,302.3,0.8,65.0,0.5,18.0,Cerrado,MT,0,0,0
25.4,69.0,7.6,0.0,30,305.3,0.7,65.0,0.5,9.1,Cerrado,MT,0,0,0
25.4,69.0,7.6,0.0,30,320.3,2.2,65.0,0.5,15.9,Cerrado,MT,0,0,1
25.4,69.0,7.6,0.0,30,301.8,1.0,65.0,0.5,12.8,Cerrado,MT,0,0,0
25.4,69.0,7.6,0.0,30,330.9,1.7,65.0,0.5,2.7,Cerrado,MT,0,0,0
25.4,69.0,7.6,0.0,30,310.8,1.7,65.0,0.5,4.5,Cerrado,MT,0,0,0
25.4,69.0,7.6,0.0,30,321.7,1.1,65.0,0.5,5.8,Cerrado,MT,0,0,0
25.4,69.0,7.6,0.0,30,304.4,1.1,65.0,0.5,5.7,Cerrado,MT,0,0,0
25.4,69.0,7.6,0.0,30,316.3,1.3,65.0,0.5,9.5,Cerrado,MT,0,0,0
25.4,69.0,7.6,0.0,30,305.2,1.0,65.0,0.5,13.1,Cerrado,MT,0,0,0
25.4,69.0,7.6,0.0,30,322.7,1.3,65.0,0.5,16.3,Cerrado,MT,0,0,0
25.4,69.0,7.6,0.0,30,303.3,1.3,65.0,0.5,11.5,Cerrado,MT,0,0,1
25.4,69.0,7.6,0.0,30,304.6,0.5,65.0,0.5,7.8,Cerrado,MT,0,0,1
25.4,69.0,7.6,0.0,30,321.5,2.0,65.0,0.5,0.0,Cerrado,MT,0,0,0
25.4,69.0,7.6,0.0,30,302.3,0.6,65.0,0.5,10.4,Cerrado,MT,0,0,1
25.4,69.0,7.6,0.0,30,337.5,3.1,65.0,0.5,10.1,Cerrado,MT,0,0,0
25.4,69.0,7.6,0.0,30,319.9,1.4,65.0,0.5,10.9,Cerrado,MT,0,0,0
25.4,69.0,7.6,0.0,30,302.1,1.4,65.0,0.5,20.5,Cerrado,MT,0,0,0
25.4,69.0,7.6,0.0,30,301.9,0.7,65.0,0.5,16.2,Cerrado,MT,0,0,1
25.4,69.0,7.6,0.0,30,320.1,2.0,65.0,0.5,13.9,Cerrado,MT,0,0,0
25.4,69.0,7.6,0.0,30,325.7,2.1,65.0,0.5,5.2,Cerrado,MT,0,0,0
25.4,69.0,7.6,0.0,30,319.0,2.1,65.0,0.5,7.4,Cerrado,MT,0,0,1
25.4,69.0,7.6,0.0,30,313.1,1.3,65.0,0.5,9.5,Cerrado,MT,0,0,0
25.4,69.0,7.6,0.0,30,303.4,0.5,65.0,0.5,6.1,Cerrado,MT,0,0,0
25.4,69.0,7.6,0.0,30,333.4,1.8,65.0,0.5,12.5,Cerrado,MT,0,0,0
25.4,69.0,7.6,0.0,30,323.0,1.8,65.0,0.5,11.8,Cerrado,MT,0,0,0
25.4,69.0,7.6,0.0,30,328.5,2.8,65.0,0.5,4.6,Cerrado,MT,0,0,0
25.4,69.0,7.6,0.0,30,314.2,1.8,65.0,0.5,16.0,Cerrado,MT,0,0,0
25.4,69.0,7.6,0.0,30,314.7,1.8,65.0,0.5,10.5,Cerrado,MT,0,0,1
25.4,69.0,7.6,0.0,30,315.8,1.4,65.0,0.5,1.4,Cerrado,MT,0,0,0
25.4,69.0,7.6,0.0,30,309.6,2.1,65.0,0.5,9.7,Cerrado,MT,0,0,0
25.4,69.0,7.6,0.0,30,336.6,2.1,65.0,0.5,11.4,Cerrado,MT,0,0,0
25.4,69.0,7.6,0.0,30,307.3,1.3,65.0,0.5,14.9,Desconhecido,MT,0,0,0
25.4,69.0,7.6,0.0,30,317.5,2.6,65.0,0.5,8.3,Cerrado,MT,0,0,0
25.4,69.0,7.6,0.0,30,303.5,1.3,65.0,0.5,14.1,Desconhecido,MT,0,0,0
25.4,69.0,7.6,0.0,30,304.1,0.8,65.0,0.5,10.9,Cerrado,MT,0,0,0
25.4,69.0,7.6,0.0,30,303.5,0.7,65.0,0.5,3.4,Cerrado,MT,0,0,0
25.4,69.0,7.6,0.0,30,305.3,0.8,65.0,0.5,2.9,Cerrado,MT,0,0,0
25.4,69.0,7.6,0.0,30,310.3,0.8,65.0,0.5,15.6,Cerrado,MT,0,0,1
25.4,69.0,7.6,0.0,30,307.6,0.8,65.0,0.5,16.0,Cerrado,MT,0,0,1
25.4,69.0,7.6,0.0,30,306.1,1.1,65.0,0.5,11.6,Cerrado,MT,0,0,0
25.4,69.0,7.6,0.0,30,322.7,1.8,65.0,0.5,17.5,Cerrado,MT,0,0,0
25.4,69.0,7.6,0.0,30,321.9,2.1,65.0,0.5,15.3,Cerrado,MT,0,0,0
25.4,69.0,7.6,0.0,30,311.2,1.9,65.0,0.5,13.4,Cerrado,MT,0,0,1
25.4,69.0,7.6,0.0,30,314.7,1.3,65.0,0.5,5.4,Cerrado,MT,0,0,0
25.4,69.0,7.6,0.0,30,315.9,1.3,65.0,0.5,18.7,Cerrado,MT,0,0,1
25.4,69.0,7.6,0.0,30,336.7,2.9,65.0,0.5,12.7,Cerrado,MT,0,0,0
25.4,69.0,7.6,0.0,30,326.6,2.9,65.0,0.5,8.1,Cerrado,MT,0,0,1
25.4,69.0,7.6,0.0,30,331.9,1.9,65.0,0.5,6.7,Cerrado,MT,0,0,0
25.4,69.0,7.6,0.0,30,302.5,0.6,65.0,0.5,11.3,Cerrado,MT,0,0,0
25.4,69.0,7.6,0.0,30,340.6,2.9,65.0,0.5,1.6,Cerrado,MT,0,0,1
25.4,69.0,7.6,0.0,30,323.9,2.9,65.0,0.5,13.5,Cerrado,MT,0,0,0
25.4,69.0,7.6,0.0,30,330.0,2.7,65.0,0.5,5.2,Desconhecido,MT,0,0,0
25.4,69.0,7.6,0.0,30,302.0,0.7,65.0,0.5,11.9,Desconhecido,??,0,0,1
25.4,69.0,7.6,0.0,30,302.5,0.7,65.0,0.5,7.4,Desconhecido,MT,0,0,0
25.4,69.0,7.6,0.0,30,308.3,0.7,65.0,0.5,8.7,Desconhecido,MT,0,0,0
25.4,69.0,7.6,0.0,30,305.4,0.8,65.0,0.5,6.2,Desconhecido,MT,0,0,0
25.4,69.0,7.6,0.0,30,302.6,0.9,65.0,0.5,9.2,Desconhecido,MT,0,0,0
25.4,69.0,7.6,0.0,30,308.0,0.8,65.0,0.5,19.4,Desconhecido,MT,0,0,0
25.4,69.0,7.6,0.0,30,305.6,0.6,65.0,0.5,16.9,Cerrado,MT,0,0,1
25.4,69.0,7.6,0.0,30,305.0,1.0,65.0,0.5,11.8,Cerrado,MT,0,0,0
25.4,69.0,7.6,0.0,30,303.1,1.0,65.0,0.5,9.9,Cerrado,MT,0,0,0
25.4,69.0,7.6,0.0,30,318.3,1.0,65.0,0.5,14.2,Cerrado,MT,0,0,0
25.4,69.0,7.6,0.0,30,308.7,1.0,65.0,0.5,15.6,Cerrado,MT,0,0,0
25.4,69.0,7.6,0.0,30,301.3,0.6,65.0,0.6,5.9,Pantanal,MT,0,0,1
25.4,69.0,7.6,0.0,30,308.6,1.7,65.0,0.6,9.6,Pantanal,MT,0,0,0
25.4,69.0,7.6,0.0,30,323.6,1.7,65.0,0.6,0.9,Pantanal,MT,0,0,0
25.4,69.0,7.6,0.0,30,319.6,1.7,65.0,0.6,15.6,Pantanal,MT,0,0,0
25.4,69.0,7.6,0.0,30,305.3,0.7,65.0,0.5,20.3,Desconhecido,MT,0,0,0
25.4,69.0,7.6,0.0,30,303.2,0.8,65.0,0.6,10.4,Pantanal,MT,0,0,0
25.4,69.0,7.6,0.0,30,315.2,0.8,65.0,0.6,0.0,Pantanal,MT,0,0,0
25.4,69.0,7.6,0.0,30,302.1,0.8,65.0,0.5,13.0,Desconhecido,MT,0,0,0
25.4,69.0,7.6,0.0,30,315.4,2.6,65.0,0.5,5.5,Desconhecido,MT,0,0,0
25.4,69.0,7.6,0.0,30,305.8,0.8,65.0,0.5,6.7,Desconhecido,MT,0,0,0
25.4,69.0,7.6,0.0,30,305.2,0.7,65.0,0.5,13.1,Desconhecido,MT,0,0,1
25.4,69.0,7.6,0.0,30,311.4,0.9,65.0,0.5,11.3,Desconhecido,MT,0,0,0
25.4,69.0,7.6,0.0,30,308.8,0.7,65.0,0.5,7.6,Desconhecido,MT,0,0,0
25.4,69.0,7.6,0.0,30,302.8,0.6,65.0,0.5,6.8,Desconhecido,MT,0,0,0
25.4,69.0,7.6,0.0,30,308.3,0.8,65.0,0.5,10.6,Desconhecido,MT,0,0,0
25.4,69.0,7.6,0.0,30,303.7,1.1,65.0,0.5,8.0,Desconhecido,??,0,0,1
25.4,69.0,7.6,0.0,30,306.0,1.8,65.0,0.5,4.5,Desconhecido,??,0,0,0
25.4,69.0,7.6,0.0,30,315.3,2.0,65.0,0.5,8.3,Desconhecido,MT,0,0,0
25.4,69.0,7.6,0.0,30,306.0,1.5,65.0,0.5,11.7,Desconhecido,??,0,0,1
25.4,69.0,7.6,0.0,30,314.4,1.5,65.0,0.5,9.1,Desconhecido,??,0,0,0
25.4,69.0,7.6,0.0,30,334.2,5.5,65.0,0.5,2.9,Desconhecido,??,0,0,1
25.4,69.0,7.6,0.0,30,342.3,4.2,65.0,0.5,14.9,Desconhecido,??,0,0,0
25.4,69.0,7.6,0.0,30,305.8,4.2,65.0,0.5,0.0,Desconhecido,??,0,0,0
25.4,69.0,7.6,0.0,30,304.2,0.5,65.0,0.5,7.8,Cerrado,MT,0,0,0
25.4,69.0,7.6,0.0,30,313.7,2.2,65.0,0.5,6.9,Desconhecido,??,0,0,0
25.4,69.0,7.6,0.0,30,321.3,2.5,65.0,0.5,10.7,Desconhecido,??,0,0,1
25.4,69.0,7.6,0.0,30,315.4,2.2,65.0,0.5,12.8,Desconhecido,??,0,0,0
25.4,69.0,7.6,0.0,30,322.6,2.2,65.0,0.5,15.6,Desconhecido,??,0,0,0
25.4,69.0,7.6,0.0,30,325.5,2.2,65.0,0.5,6.4,Desconhecido,??,0,0,0
25.4,69.0,7.6,0.0,30,313.8,2.0,65.0,0.5,12.9,Desconhecido,??,0,0,1
25.4,69.0,7.6,0.0,30,304.2,2.1,65.0,0.5,11.0,Desconhecido,??,0,0,0
25.4,69.0,7.6,0.0,30,302.1,1.0,65.0,0.5,1.4,Desconhecido,MT,0,0,0
25.4,69.0,7.6,0.0,30,313.0,1.1,65.0,0.5,19.5,Desconhecido,MT,0,0,0
25.4,69.0,7.6,0.0,30,310.6,1.2,65.0,0.5,2.8,Desconhecido,MT,0,0,1
25.4,69.0,7.6,0.0,30,319.9,1.3,65.0,0.5,12.1,Desconhecido,MT,0,0,0
25.4,69.0,7.6,0.0,30,301.0,0.6,65.0,0.5,11.9,Desconhecido,MT,0,0,0
25.4,69.0,7.6,0.0,30,301.7,1.3,65.0,0.5,11.4,Desconhecido,MT,0,0,0
25.4,69.0,7.6,0.0,30,323.7,1.3,65.0,0.5,7.5,Cerrado,MT,0,0,1
25.4,69.0,7.6,0.0,30,315.5,1.6,65.0,0.5,14.1,Cerrado,MT,0,0,0
25.4,69.0,7.6,0.0,30,301.9,1.1,65.0,0.5,2.2,Cerrado,MT,0,0,1
25.4,69.0,7.6,0.0,30,300.6,0.6,65.0,0.5,9.7,Cerrado,MT,0,0,1
25.4,69.0,7.6,0.0,30,302.7,1.1,65.0,0.5,7.2,Cerrado,MT,0,0,0
25.4,69.0,7.6,0.0,30,310.4,1.7,65.0,0.5,6.6,Cerrado,MT,0,0,0
25.4,69.0,7.6,0.0,30,327.8,1.7,65.0,0.5,12.1,Cerrado,MT,0,0,0
25.4,69.0,7.6,0.0,30,314.7,1.3,65.0,0.5,15.4,Cerrado,MT,0,0,0
25.4,69.0,7.6,0.0,30,302.7,0.5,65.0,0.5,8.3,Cerrado,MT,0,0,0
25.4,69.0,7.6,0.0,30,308.7,2.4,65.0,0.5,13.9,Cerrado,MT,0,0,0
25.4,69.0,7.6,0.0,30,316.2,2.4,65.0,0.5,10.2,Cerrado,MT,0,0,1
25.4,69.0,7.6,0.0,30,314.7,2.0,65.0,0.5,5.5,Cerrado,MT,0,0,0
25.4,69.0,7.6,0.0,30,309.5,2.0,65.0,0.5,8.7,Cerrado,MT,0,0,1
25.4,69.0,7.6,0.0,30,298.1,1.4,65.0,0.5,8.5,Cerrado,MT,0,0,1
25.4,69.0,7.6,0.0,30,308.2,1.1,65.0,0.5,6.5,Cerrado,MT,0,0,0
25.4,69.0,7.6,0.0,30,301.8,2.1,65.0,0.5,12.1,Cerrado,MT,0,0,0
25.4,69.0,7.6,0.0,30,307.7,2.1,65.0,0.5,11.2,Cerrado,MT,0,0,0
25.4,69.0,7.6,0.0,30,307.3,1.8,65.0,0.5,2.0,Cerrado,MT,0,0,0
25.4,69.0,7.6,0.0,30,309.8,1.8,65.0,0.5,1.7,Cerrado,MT,0,0,0
25.4,69.0,7.6,0.0,30,316.0,2.1,65.0,0.5,12.1,Cerrado,MT,0,0,0
25.4,69.0,7.6,0.0,30,309.2,1.1,65.0,0.5,5.9,Cerrado,MT,0,0,1
25.4,69.0,7.6,0.0,30,314.4,2.1,65.0,0.5,11.5,Cerrado,MT,0,0,1
25.4,69.0,7.6,0.0,30,322.5,2.1,65.0,0.5,13.9,Cerrado,MT,0,0,0
25.4,69.0,7.6,0.0,30,322.3,2.1,65.0,0.5,3.6,Cerrado,MT,0,0,0
25.4,69.0,7.6,0.0,30,308.6,1.8,65.0,0.5,2.9,Cerrado,MT,0,0,0
25.4,69.0,7.6,0.0,30,311.9,1.8,65.0,0.5,18.4,Cerrado,MT,0,0,1
25.4,69.0,7.6,0.0,30,310.0,2.1,65.0,0.5,11.8,Cerrado,MT,0,0,0
25.4,69.0,7.6,0.0,30,311.9,2.1,65.0,0.5,7.9,Cerrado,MT,0,0,1
25.4,69.0,7.6,0.0,30,315.8,1.9,65.0,0.5,5.3,Cerrado,MT,0,0,0
25.4,69.0,7.6,0.0,30,311.0,2.3,65.0,0.5,7.4,Cerrado,MT,0,0,1
25.4,69.0,7.6,0.0,30,317.2,2.3,65.0,0.5,4.0,Cerrado,MT,0,0,0
25.4,69.0,7.6,0.0,30,316.0,1.9,65.0,0.5,14.4,Cerrado,MT,0,0,1
25.4,69.0,7.6,0.0,30,311.2,1.9,65.0,0.5,6.1,Cerrado,MT,0,0,0
25.4,69.0,7.6,0.0,30,315.5,1.9,65.0,0.5,15.5,Cerrado,MT,0,0,1
25.4,69.0,7.6,0.0,30,314.9,2.3,65.0,0.5,8.0,Cerrado,MT,0,0,0
25.4,69.0,7.6,0.0,30,317.1,2.3,65.0,0.5,4.8,Cerrado,MT,0,0,0
25.4,69.0,7.6,0.0,30,312.5,1.9,65.0,0.5,7.9,Cerrado,MT,0,0,0
25.4,69.0,7.6,0.0,30,309.4,1.9,65.0,0.5,0.0,Cerrado,MT,0,0,1
25.4,69.0,7.6,0.0,30,308.8,1.4,65.0,0.5,9.4,Cerrado,MT,0,0,1
25.4,69.0,7.6,0.0,30,320.9,2.6,65.0,0.5,9.1,Cerrado,MT,0,0,1
25.4,69.0,7.6,0.0,30,312.6,2.6,65.0,0.5,14.1,Cerrado,MT,0,0,1
25.4,69.0,7.6,0.0,30,310.1,1.5,65.0,0.5,0.6,Cerrado,MT,0,0,1
25.4,69.0,7.6,0.0,30,305.7,1.5,65.0,0.5,15.8,Cerrado,MT,0,0,1
25.4,69.0,7.6,0.0,30,298.2,1.4,65.0,0.5,14.1,Cerrado,MT,0,0,0
25.4,69.0,7.6,0.0,30,326.6,2.6,65.0,0.5,16.3,Cerrado,MT,0,0,1
25.4,69.0,7.6,0.0,30,312.9,2.6,65.0,0.5,9.7,Cerrado,MT,0,0,1
25.4,69.0,7.6,0.0,30,312.0,1.5,65.0,0.5,15.1,Cerrado,MT,0,0,0
25.4,69.0,7.6,0.0,30,306.2,1.5,65.0,0.5,2.6,Cerrado,MT,0,0,0
25.4,69.0,7.6,0.0,30,330.0,3.2,65.0,0.5,13.6,Cerrado,MT,0,0,1
25.4,69.0,7.6,0.0,30,319.5,3.2,65.0,0.5,6.1,Cerrado,MT,0,0,0
25.4,69.0,7.6,0.0,30,320.4,2.1,65.0,0.5,1.7,Cerrado,MT,0,0,1
25.4,69.0,7.6,0.0,30,308.4,2.1,65.0,0.5,4.4,Cerrado,MT,0,0,1
25.4,69.0,7.6,0.0,30,316.9,2.2,65.0,0.5,10.0,Cerrado,MT,0,0,0
25.4,69.0,7.6,0.0,30,320.7,2.4,65.0,0.5,5.9,Cerrado,MT,0,0,0
25.4,69.0,7.6,0.0,30,301.9,1.4,65.0,0.5,11.9,Cerrado,MT,0,0,1
25.4,69.0,7.6,0.0,30,306.2,1.3,65.0,0.5,1.0,Cerrado,MT,0,0,0
25.4,69.0,7.6,0.0,30,309.2,1.0,65.0,0.5,0.0,Cerrado,MT,0,0,0
25.4,69.0,7.6,0.0,30,296.3,1.0,65.0,0.5,16.9,Cerrado,MT,0,0,0
25.4,69.0,7.6,0.0,30,312.6,1.9,65.0,0.5,14.5,Cerrado,MT,0,0,0
25.4,69.0,7.6,0.0,30,308.3,1.7,65.0,0.5,4.8,Cerrado,MT,0,0,0
25.4,69.0,7.6,0.0,30,303.6,1.0,65.0,0.5,10.0,Cerrado,MT,0,0,0
25.4,69.0,7.6,0.0,30,315.5,1.0,65.0,0.5,15.1,Cerrado,MT,0,0,0
25.4,69.0,7.6,0.0,30,318.6,0.9,65.0,0.5,12.1,Cerrado,MT,0,0,1
25.4,69.0,7.6,0.0,30,305.2,0.9,65.0,0.5,10.7,Cerrado,MT,0,0,1
25.4,69.0,7.6,0.0,30,304.8,0.8,65.0,0.5,15.5,Cerrado,MT,0,0,1
25.4,69.0,7.6,0.0,30,323.5,2.9,65.0,0.5,6.3,Cerrado,MT,0,0,1
25.4,69.0,7.6,0.0,30,304.9,1.0,65.0,0.5,10.2,Cerrado,MT,0,0,0
25.4,69.0,7.6,0.0,30,335.6,2.9,65.0,0.5,9.9,Cerrado,MT,0,0,0
25.4,69.0,7.6,0.0,30,302.8,1.4,65.0,0.5,8.6,Cerrado,MT,0,0,1
25.4,69.0,7.6,0.0,30,328.9,1.4,65.0,0.5,8.1,Cerrado,MT,0,0,0
25.4,69.0,7.6,0.0,30,313.5,1.4,65.0,0.5,10.4,Cerrado,MT,0,0,0
25.4,69.0,7.6,0.0,30,315.4,1.4,65.0,0.5,10.2,Cerrado,MT,0,0,1
25.4,69.0,7.6,0.0,30,312.3,0.9,65.0,0.5,4.8,Cerrado,MT,0,0,1
25.4,69.0,7.6,0.0,30,311.4,1.2,65.0,0.5,14.0,Cerrado,MT,0,0,0
25.4,69.0,7.6,0.0,30,309.5,0.9,65.0,0.5,5.1,Cerrado,MT,0,0,0
25.4,69.0,7.6,0.0,30,301.6,0.8,65.0,0.5,8.9,Cerrado,MT,0,0,0
25.4,69.0,7.6,0.0,30,309.7,0.7,65.0,0.5,8.5,Cerrado,MT,0,0,0
25.4,69.0,7.6,0.0,30,326.5,1.7,65.0,0.5,11.8,Cerrado,MT,0,0,0
25.4,69.0,7.6,0.0,30,302.2,0.7,65.0,0.5,0.0,Cerrado,MT,0,0,1
25.4,69.0,7.6,0.0,30,303.6,0.7,65.0,0.5,14.5,Cerrado,MT,0,0,0
25.4,69.0,7.6,0.0,30,304.2,1.7,65.0,0.5,6.6,Cerrado,MT,0,0,1
25.4,69.0,7.6,0.0,30,310.3,3.4,65.0,0.5,16.1,Cerrado,MT,0,0,1
25.4,69.0,7.6,0.0,30,304.0,1.5,65.0,0.5,7.6,Cerrado,MT,0,0,1
25.4,69.0,7.6,0.0,30,309.9,3.4,65.0,0.5,9.8,Cerrado,MT,0,0,0
25.4,69.0,7.6,0.0,30,349.7,3.4,65.0,0.5,19.6,Cerrado,MT,0,0,0
25.4,69.0,7.6,0.0,30,312.6,2.7,65.0,0.5,8.6,Cerrado,MT,0,0,1
25.4,69.0,7.6,0.0,30,329.5,5.7,65.0,0.5,16.2,Cerrado,MT,0,0,1
25.4,69.0,7.6,0.0,30,346.0,5.7,65.0,0.5,10.2,Cerrado,MT,0,0,0
25.4,69.0,7.6,0.0,30,303.6,1.0,65.0,0.5,12.1,Cerrado,MT,0,0,1
25.4,69.0,7.6,0.0,30,296.9,0.7,65.0,0.5,10.3,Desconhecido,SP,0,0,1
25.4,69.0,7.6,0.0,30,298.9,0.9,65.0,0.5,14.2,Desconhecido,SP,0,0,0
25.4,69.0,7.6,0.0,30,319.0,9.0,65.0,0.5,6.6,Cerrado,MS,0,0,1
25.4,69.0,7.6,0.0,30,344.2,9.0,65.0,0.5,5.1,Cerrado,MS,0,0,1
25.4,69.0,7.6,0.0,30,332.1,13.2,65.0,0.5,6.8,Cerrado,MS,0,0,1
25.4,69.0,7.6,0.0,30,341.8,13.2,65.0,0.5,10.5,Cerrado,MS,0,0,1
25.4,69.0,7.6,0.0,30,299.5,0.8,65.0,0.5,8.9,Cerrado,MS,0,0,1
25.4,69.0,7.6,0.0,30,308.1,0.8,65.0,0.5,13.6,Cerrado,MS,0,0,0
25.4,69.0,7.6,0.0,30,302.9,0.8,65.0,0.5,16.5,Cerrado,MS,0,0,1
25.4,69.0,7.6,0.0,30,311.9,0.8,65.0,0.5,5.1,Cerrado,MS,0,0,1
25.4,69.0,7.6,0.0,30,312.4,0.7,65.0,0.5,6.3,Cerrado,MS,0,0,1
25.4,69.0,7.6,0.0,30,301.5,0.3,65.0,0.5,2.8,Cerrado,MS,0,0,0
25.4,69.0,7.6,0.0,30,312.4,2.3,65.0,0.7,20.2,Mata Atlantica,MG,0,0,1
25.4,69.0,7.6,0.0,30,316.9,1.2,65.0,0.5,11.5,Cerrado,MS,0,0,1
25.4,69.0,7.6,0.0,30,300.7,1.2,65.0,0.5,12.4,Cerrado,MS,0,0,0
25.4,69.0,7.6,0.0,30,295.7,1.5,65.0,0.5,3.3,Desconhecido,??,0,0,0
25.4,69.0,7.6,0.0,30,319.0,2.4,65.0,0.5,10.0,Desconhecido,??,0,0,0
25.4,69.0,7.6,0.0,30,330.0,3.7,65.0,0.5,12.5,Desconhecido,??,0,0,0
25.4,69.0,7.6,0.0,30,329.7,5.2,65.0,0.5,8.7,Desconhecido,??,0,0,0
25.4,69.0,7.6,0.0,30,333.5,3.5,65.0,0.5,15.4,Desconhecido,??,0,0,0
25.4,69.0,7.6,0.0,30,300.2,0.8,65.0,0.5,21.6,Cerrado,MS,0,0,1
25.4,69.0,7.6,0.0,30,316.6,1.5,65.0,0.6,5.3,Pantanal,MS,0,0,1
25.4,69.0,7.6,0.0,30,318.2,1.5,65.0,0.6,4.9,Pantanal,MS,0,0,0
25.4,69.0,7.6,0.0,30,319.8,2.2,65.0,0.5,5.6,Cerrado,MG,0,0,1
25.4,69.0,7.6,0.0,30,318.8,3.4,65.0,0.7,18.0,Mata Atlantica,MG,0,0,1
25.4,69.0,7.6,0.0,30,298.5,1.2,65.0,0.7,15.2,Mata Atlantica,MG,0,0,0
25.4,69.0,7.6,0.0,30,300.2,1.2,65.0,0.7,9.3,Mata Atlantica,MG,0,0,0
25.4,69.0,7.6,0.0,30,324.6,2.4,65.0,0.5,10.2,Desconhecido,??,0,0,0
25.4,69.0,7.6,0.0,30,322.7,2.7,65.0,0.5,5.9,Desconhecido,??,0,0,0
25.4,69.0,7.6,0.0,30,297.4,0.9,65.0,0.5,14.5,Desconhecido,??,0,0,0
25.4,69.0,7.6,0.0,30,308.3,0.9,65.0,0.5,8.1,Desconhecido,??,0,0,0
25.4,69.0,7.6,0.0,30,307.9,1.4,65.0,0.5,8.7,Desconhecido,??,0,0,0
25.4,69.0,7.6,0.0,30,302.2,1.3,65.0,0.5,13.0,Desconhecido,??,0,0,0
25.4,69.0,7.6,0.0,30,303.3,1.2,65.0,0.5,9.1,Desconhecido,??,0,0,0
25.4,69.0,7.6,0.0,30,306.0,1.3,65.0,0.5,8.8,Desconhecido,??,0,0,0
25.4,69.0,7.6,0.0,30,310.5,1.2,65.0,0.5,10.1,Desconhecido,??,0,0,1
25.4,69.0,7.6,0.0,30,310.3,0.9,65.0,0.5,14.0,Desconhecido,??,0,0,0
25.4,69.0,7.6,0.0,30,310.3,0.9,65.0,0.5,18.2,Desconhecido,??,0,0,1
25.4,69.0,7.6,0.0,30,320.8,1.3,65.0,0.5,12.9,Desconhecido,??,0,0,0
25.4,69.0,7.6,0.0,30,315.6,1.3,65.0,0.5,14.0,Desconhecido,??,0,0,0
25.4,69.0,7.6,0.0,30,301.7,0.9,65.0,0.5,9.0,Desconhecido,??,0,0,0
25.4,69.0,7.6,0.0,30,316.5,0.9,65.0,0.5,6.5,Desconhecido,??,0,0,0
25.4,69.0,7.6,0.0,30,315.2,1.7,65.0,0.5,13.3,Desconhecido,??,0,0,0
25.4,69.0,7.6,0.0,30,302.2,0.9,65.0,0.5,10.9,Desconhecido,??,0,0,1
25.4,69.0,7.6,0.0,30,305.3,1.3,65.0,0.5,2.9,Cerrado,MG,0,0,0
25.4,69.0,7.6,0.0,30,311.9,2.2,65.0,0.5,8.4,Cerrado,MG,0,0,1
25.4,69.0,7.6,0.0,30,301.6,0.5,65.0,0.5,9.6,Cerrado,??,0,0,0
25.4,69.0,7.6,0.0,30,301.2,0.7,65.0,0.5,7.4,Cerrado,??,0,0,1
25.4,69.0,7.6,0.0,30,302.1,0.7,65.0,0.5,17.4,Cerrado,??,0,0,1
25.4,69.0,7.6,0.0,30,320.1,1.6,65.0,0.5,12.4,Cerrado,??,0,0,1
25.4,69.0,7.6,0.0,30,304.3,0.7,65.0,0.5,16.9,Cerrado,??,0,0,0
25.4,69.0,7.6,0.0,30,300.3,1.1,65.0,0.5,11.3,Desconhecido,??,0,0,0
25.4,69.0,7.6,0.0,30,304.5,0.7,65.0,0.6,10.4,Pantanal,MS,0,0,1
25.4,69.0,7.6,0.0,30,305.1,1.1,65.0,0.5,5.3,Desconhecido,??,0,0,0
25.4,69.0,7.6,0.0,30,302.9,0.5,65.0,0.6,10.1,Pantanal,MS,0,0,1
25.4,69.0,7.6,0.0,30,320.9,2.6,65.0,0.5,10.1,Desconhecido,??,0,0,0
25.4,69.0,7.6,0.0,30,308.2,1.6,65.0,0.5,3.2,Desconhecido,??,0,0,0
25.4,69.0,7.6,0.0,30,301.2,0.8,65.0,0.5,7.3,Desconhecido,??,0,0,0
25.4,69.0,7.6,0.0,30,303.7,0.9,65.0,0.6,8.4,Pantanal,MS,0,0,0
25.4,69.0,7.6,0.0,30,321.1,2.0,65.0,0.5,12.1,Desconhecido,??,0,0,0
25.4,69.0,7.6,0.0,30,316.5,1.8,65.0,0.5,12.3,Desconhecido,??,0,0,0
25.4,69.0,7.6,0.0,30,311.1,1.8,65.0,0.5,7.1,Desconhecido,??,0,0,0
25.4,69.0,7.6,0.0,30,317.0,2.6,65.0,0.5,12.3,Desconhecido,??,0,0,0
25.4,69.0,7.6,0.0,30,319.7,2.6,65.0,0.5,9.1,Desconhecido,??,0,0,1
25.4,69.0,7.6,0.0,30,307.1,1.8,65.0,0.5,0.0,Desconhecido,??,0,0,0
25.4,69.0,7.6,0.0,30,344.0,6.0,65.0,0.5,7.6,Desconhecido,??,0,0,0
25.4,69.0,7.6,0.0,30,346.2,6.0,65.0,0.5,15.4,Desconhecido,??,0,0,0
25.4,69.0,7.6,0.0,30,333.5,3.3,65.0,0.5,1.6,Desconhecido,??,0,0,0
25.4,69.0,7.6,0.0,30,308.3,3.3,65.0,0.5,10.6,Desconhecido,??,0,0,0
25.4,69.0,7.6,0.0,30,323.5,6.0,65.0,0.5,17.9,Desconhecido,??,0,0,0
25.4,69.0,7.6,0.0,30,298.7,1.0,65.0,0.45,6.2,Pampa,RS,0,0,0
25.4,69.0,7.6,0.0,30,301.0,2.3,65.0,0.5,10.0,Desconhecido,??,0,0,0
25.4,69.0,7.6,0.0,30,317.4,2.3,65.0,0.5,3.5,Desconhecido,??,0,0,0
25.4,69.0,7.6,0.0,30,338.6,2.3,65.0,0.5,18.1,Desconhecido,??,0,0,0
25.4,69.0,7.6,0.0,30,304.6,1.2,65.0,0.5,9.6,Desconhecido,??,0,0,0
25.4,69.0,7.6,0.0,30,320.5,2.1,65.0,0.5,10.2,Desconhecido,??,0,0,0
25.4,69.0,7.6,0.0,30,320.8,1.6,65.0,0.5,16.8,Desconhecido,??,0,0,0
25.4,69.0,7.6,0.0,30,296.9,1.6,65.0,0.5,13.3,Desconhecido,??,0,0,0
25.4,69.0,7.6,0.0,30,306.0,1.1,65.0,0.5,5.6,Desconhecido,??,0,0,0
25.4,69.0,7.6,0.0,30,299.6,1.1,65.0,0.5,6.8,Desconhecido,??,0,0,0
25.4,69.0,7.6,0.0,30,308.2,1.1,65.0,0.5,12.5,Desconhecido,??,0,0,0
25.4,69.0,7.6,0.0,30,324.1,2.0,65.0,0.5,6.9,Desconhecido,??,0,0,1
25.4,69.0,7.6,0.0,30,310.4,1.1,65.0,0.5,0.0,Desconhecido,??,0,0,0
25.4,69.0,7.6,0.0,30,299.3,1.6,65.0,0.5,9.7,Desconhecido,??,0,0,0
25.4,69.0,7.6,0.0,30,344.6,3.4,65.0,0.7,2.6,Mata Atlantica,??,0,0,1
25.4,69.0,7.6,0.0,30,343.4,3.3,65.0,0.7,18.1,Mata Atlantica,??,0,0,0
25.4,69.0,7.6,0.0,30,367.0,7.7,95.0,0.7,10.9,Mata Atlantica,??,0,0,1
25.4,69.0,7.6,0.0,30,341.9,9.4,65.0,0.7,5.5,Mata Atlantica,??,0,0,0
25.4,69.0,7.6,0.0,30,341.3,17.7,65.0,0.7,6.5,Mata Atlantica,??,0,0,0
25.4,69.0,7.6,0.0,30,327.4,4.4,65.0,0.7,0.6,Mata Atlantica,MG,0,0,0
25.4,69.0,7.6,0.0,30,328.3,3.7,65.0,0.7,4.5,Mata Atlantica,MG,0,0,0
25.4,69.0,7.6,0.0,30,333.2,2.9,65.0,0.7,15.1,Mata Atlantica,MG,0,0,0
25.4,69.0,7.6,0.0,30,325.4,1.9,65.0,0.7,21.2,Mata Atlantica,MG,0,0,1
25.4,69.0,7.6,0.0,30,335.5,6.8,65.0,0.7,13.6,Mata Atlantica,MG,0,0,0
25.4,69.0,7.6,0.0,30,339.1,6.5,65.0,0.7,9.5,Mata Atlantica,GO,0,0,0
25.4,69.0,7.6,0.0,30,344.5,4.7,65.0,0.7,7.8,Mata Atlantica,MG,0,0,0
25.4,69.0,7.6,0.0,30,337.0,5.5,65.0,0.7,5.2,Mata Atlantica,MG,0,0,0
25.4,69.0,7.6,0.0,30,354.4,176.5,65.0,0.5,20.3,Cerrado,GO,0,0,1
25.4,69.0,7.6,0.0,30,333.3,48.5,65.0,0.5,9.1,Cerrado,GO,0,0,0
25.4,69.0,7.6,0.0,30,367.0,48.5,95.0,0.5,20.6,Cerrado,GO,0,0,0
25.4,69.0,7.6,0.0,30,335.8,49.9,65.0,0.5,17.0,Cerrado,GO,0,0,1
25.4,69.0,7.6,0.0,30,367.0,119.7,95.0,0.5,1.3,Cerrado,GO,0,0,1
25.4,69.0,7.6,0.0,30,367.0,49.9,95.0,0.5,6.7,Cerrado,GO,0,0,1
25.4,69.0,7.6,0.0,30,327.8,2.9,65.0,0.7,6.7,Mata Atlantica,MG,0,0,0
25.4,69.0,7.6,0.0,30,327.0,3.6,65.0,0.7,9.6,Mata Atlantica,??,0,0,0
25.4,69.0,7.6,0.0,30,342.9,3.5,65.0,0.7,9.7,Mata Atlantica,??,0,0,1
25.4,69.0,7.6,0.0,30,330.7,3.6,65.0,0.7,25.0,Mata Atlantica,??,0,0,0
25.4,69.0,7.6,0.0,30,352.2,8.8,65.0,0.7,4.6,Mata Atlantica,??,0,0,1
25.4,69.0,7.6,0.0,30,343.1,13.4,65.0,0.5,11.1,Cerrado,MG,0,0,0
25.4,69.0,7.6,0.0,30,347.1,12.3,65.0,0.5,13.1,Cerrado,MG,0,0,1
25.4,69.0,7.6,0.0,30,327.7,3.7,65.0,0.7,10.0,Mata Atlantica,MG,0,0,0
25.4,69.0,7.6,0.0,30,367.0,16.2,95.0,0.7,10.6,Mata Atlantica,MG,0,0,0
25.4,69.0,7.6,0.0,30,355.4,16.2,65.0,0.7,4.8,Mata Atlantica,MG,0,0,0
25.4,69.0,7.6,0.0,30,347.0,18.2,65.0,0.7,10.5,Mata Atlantica,MG,0,0,0
25.4,69.0,7.6,0.0,30,367.0,29.7,95.0,0.7,12.6,Mata Atlantica,MG,0,0,0
25.4,69.0,7.6,0.0,30,326.4,4.6,65.0,0.7,11.6,Mata Atlantica,MG,0,0,0
25.4,69.0,7.6,0.0,30,339.6,3.9,65.0,0.7,12.9,Mata Atlantica,??,0,0,0
25.4,69.0,7.6,0.0,30,333.4,4.2,65.0,0.7,17.1,Mata Atlantica,MG,0,0,0
25.4,69.0,7.6,0.0,30,329.2,1.6,65.0,0.5,14.7,Cerrado,GO,0,0,0
25.4,69.0,7.6,0.0,30,351.7,8.9,65.0,0.7,10.4,Mata Atlantica,GO,0,0,0
25.4,69.0,7.6,0.0,30,356.9,11.0,65.0,0.7,4.1,Mata Atlantica,GO,0,0,0
25.4,69.0,7.6,0.0,30,332.9,8.7,65.0,0.7,7.0,Mata Atlantica,GO,0,0,1
25.4,69.0,7.6,0.0,30,331.7,5.4,65.0,0.7,8.9,Mata Atlantica,GO,0,0,1
25.4,69.0,7.6,0.0,30,328.4,5.2,65.0,0.7,11.3,Mata Atlantica,GO,0,0,0
25.4,69.0,7.6,0.0,30,327.4,2.6,65.0,0.7,7.6,Mata Atlantica,BA,0,0,0
25.4,69.0,7.6,0.0,30,333.1,5.0,65.0,0.3,5.3,Caatinga,BA,0,0,0
25.4,69.0,7.6,0.0,30,342.4,5.0,65.0,0.7,4.1,Mata Atlantica,BA,0,0,1
25.4,69.0,7.6,0.0,30,346.1,5.0,65.0,0.7,1.7,Mata Atlantica,BA,0,0,1
25.4,69.0,7.6,0.0,30,347.3,7.1,65.0,0.3,8.8,Caatinga,BA,0,0,0
25.4,69.0,7.6,0.0,30,332.9,3.7,65.0,0.3,2.7,Caatinga,BA,0,0,1
25.4,69.0,7.6,0.0,30,344.9,16.0,65.0,0.7,5.0,Mata Atlantica,BA,0,0,0
25.4,69.0,7.6,0.0,30,351.0,25.2,65.0,0.7,8.0,Mata Atlantica,BA,0,0,0
25.4,69.0,7.6,0.0,30,333.8,3.3,65.0,0.3,3.3,Caatinga,BA,0,0,0
25.4,69.0,7.6,0.0,30,328.0,3.4,65.0,0.7,11.9,Mata Atlantica,TO,0,0,0
25.4,69.0,7.6,0.0,30,328.8,16.8,65.0,0.5,13.7,Cerrado,MT,0,0,1
25.4,69.0,7.6,0.0,30,367.0,16.8,95.0,0.5,7.3,Cerrado,MT,0,0,0
25.4,69.0,7.6,0.0,30,344.1,23.5,65.0,0.5,7.8,Cerrado,MT,0,0,0
25.4,69.0,7.6,0.0,30,347.6,12.6,65.0,0.5,12.7,Cerrado,MT,0,0,0
25.4,69.0,7.6,0.0,30,341.0,5.2,65.0,0.3,6.4,Caatinga,BA,0,0,1
25.4,69.0,7.6,0.0,30,338.5,6.7,65.0,0.3,6.1,Caatinga,BA,0,0,1
25.4,69.0,7.6,0.0,30,334.0,4.3,65.0,0.3,16.0,Caatinga,BA,0,0,0
25.4,69.0,7.6,0.0,30,348.9,7.7,65.0,0.7,14.4,Mata Atlantica,TO,0,0,0
25.4,69.0,7.6,0.0,30,350.0,10.2,65.0,0.7,13.0,Mata Atlantica,TO,0,0,0
25.4,69.0,7.6,0.0,30,328.0,4.3,65.0,0.7,14.6,Mata Atlantica,TO,0,0,1
25.4,69.0,7.6,0.0,30,331.0,5.9,65.0,0.7,0.1,Mata Atlantica,TO,0,0,1
25.4,69.0,7.6,0.0,30,330.8,4.5,65.0,0.7,16.8,Mata Atlantica,TO,0,0,0
25.4,69.0,7.6,0.0,30,336.0,3.9,65.0,0.3,12.0,Caatinga,BA,0,0,1
25.4,69.0,7.6,0.0,30,331.9,2.7,65.0,0.5,15.1,Cerrado,TO,0,0,1
25.4,69.0,7.6,0.0,30,331.4,7.5,65.0,0.5,11.9,Cerrado,TO,0,0,0
25.4,69.0,7.6,0.0,30,367.0,28.3,95.0,0.3,10.2,Caatinga,BA,0,0,0
25.4,69.0,7.6,0.0,30,345.6,15.2,65.0,0.3,8.6,Caatinga,BA,0,0,0
25.4,69.0,7.6,0.0,30,330.6,3.5,65.0,0.3,11.8,Caatinga,BA,0,0,0
25.4,69.0,7.6,0.0,30,333.8,5.6,65.0,0.7,8.4,Mata Atlantica,TO,0,0,0
25.4,69.0,7.6,0.0,30,343.1,10.6,65.0,0.7,14.3,Mata Atlantica,TO,0,0,0
25.4,69.0,7.6,0.0,30,349.3,7.7,65.0,0.7,2.1,Mata Atlantica,TO,0,0,0
25.4,69.0,7.6,0.0,30,340.6,7.7,65.0,0.7,7.3,Mata Atlantica,TO,0,0,1
25.4,69.0,7.6,0.0,30,329.8,5.5,65.0,0.7,20.2,Mata Atlantica,TO,0,0,0
25.4,69.0,7.6,0.0,30,342.0,7.7,65.0,0.7,6.9,Mata Atlantica,TO,0,0,1
25.4,69.0,7.6,0.0,30,341.3,7.7,65.0,0.7,8.8,Mata Atlantica,TO,0,0,0
25.4,69.0,7.6,0.0,30,331.6,5.5,65.0,0.7,5.6,Mata Atlantica,TO,0,0,1
25.4,69.0,7.6,0.0,30,333.1,5.5,65.0,0.7,11.7,Mata Atlantica,TO,0,0,0
25.4,69.0,7.6,0.0,30,336.1,6.3,65.0,0.7,6.3,Mata Atlantica,TO,0,0,0
25.4,69.0,7.6,0.0,30,331.8,7.1,65.0,0.7,9.1,Mata Atlantica,TO,0,0,1
25.4,69.0,7.6,0.0,30,328.7,7.1,65.0,0.7,14.2,Mata Atlantica,TO,0,0,1
25.4,69.0,7.6,0.0,30,336.5,5.8,65.0,0.7,6.5,Mata Atlantica,TO,0,0,0
25.4,69.0,7.6,0.0,30,341.1,5.8,65.0,0.7,13.9,Mata Atlantica,TO,0,0,0
25.4,69.0,7.6,0.0,30,356.9,10.1,65.0,0.7,14.1,Mata Atlantica,TO,0,0,0
25.4,69.0,7.6,0.0,30,333.2,9.4,65.0,0.7,15.3,Mata Atlantica,TO,0,0,0
25.4,69.0,7.6,0.0,30,336.3,9.4,65.0,0.7,10.7,Mata Atlantica,TO,0,0,0
25.4,69.0,7.6,0.0,30,333.4,7.3,65.0,0.7,26.2,Mata Atlantica,TO,0,0,0
25.4,69.0,7.6,0.0,30,367.0,7.3,95.0,0.7,15.3,Mata Atlantica,TO,0,0,0
25.4,69.0,7.6,0.0,30,367.0,7.1,95.0,0.7,11.6,Mata Atlantica,TO,0,0,0
25.4,69.0,7.6,0.0,30,329.5,2.9,65.0,0.7,5.6,Mata Atlantica,TO,0,0,1
25.4,69.0,7.6,0.0,30,335.2,10.1,65.0,0.7,9.5,Mata Atlantica,TO,0,0,0
25.4,69.0,7.6,0.0,30,367.0,10.1,95.0,0.7,17.1,Mata Atlantica,TO,0,0,0
25.4,69.0,7.6,0.0,30,367.0,9.4,95.0,0.7,18.5,Mata Atlantica,TO,0,0,0
25.4,69.0,7.6,0.0,30,331.9,33.8,65.0,0.7,17.4,Mata Atlantica,TO,0,0,0
25.4,69.0,7.6,0.0,30,367.0,41.2,95.0,0.7,13.9,Mata Atlantica,TO,0,0,1
25.4,69.0,7.6,0.0,30,367.0,41.2,95.0,0.7,3.7,Mata Atlantica,TO,0,0,0
25.4,69.0,7.6,0.0,30,367.0,14.1,95.0,0.7,12.4,Mata Atlantica,TO,0,0,1
25.4,69.0,7.6,0.0,30,328.7,14.1,65.0,0.7,3.8,Mata Atlantica,TO,0,0,0
25.4,69.0,7.6,0.0,30,342.6,51.6,65.0,0.7,2.6,Mata Atlantica,TO,0,0,1
25.4,69.0,7.6,0.0,30,353.7,51.6,65.0,0.7,11.2,Mata Atlantica,TO,0,0,0
25.4,69.0,7.6,0.0,30,367.0,46.2,95.0,0.7,12.6,Mata Atlantica,TO,0,0,0
25.4,69.0,7.6,0.0,30,367.0,46.2,95.0,0.7,14.5,Mata Atlantica,TO,0,0,0
25.4,69.0,7.6,0.0,30,352.7,33.8,65.0,0.7,12.5,Mata Atlantica,TO,0,0,0
25.4,69.0,7.6,0.0,30,346.6,33.8,65.0,0.7,12.7,Mata Atlantica,TO,0,0,1
25.4,69.0,7.6,0.0,30,336.9,41.2,65.0,0.7,5.1,Mata Atlantica,TO,0,0,1
25.4,69.0,7.6,0.0,30,367.0,41.2,95.0,0.7,9.5,Mata Atlantica,TO,0,0,1
25.4,69.0,7.6,0.0,30,352.7,14.1,65.0,0.7,2.5,Mata Atlantica,TO,0,0,0
25.4,69.0,7.6,0.0,30,356.9,51.6,65.0,0.7,0.0,Mata Atlantica,TO,0,0,0
25.4,69.0,7.6,0.0,30,367.0,46.2,95.0,0.7,13.7,Mata Atlantica,TO,0,0,1
25.4,69.0,7.6,0.0,30,367.0,46.2,95.0,0.7,6.2,Mata Atlantica,TO,0,0,0
25.4,69.0,7.6,0.0,30,331.2,2.6,65.0,0.7,14.4,Mata Atlantica,TO,0,0,1
25.4,69.0,7.6,0.0,30,350.8,6.9,65.0,0.7,15.5,Mata Atlantica,TO,0,0,1
25.4,69.0,7.6,0.0,30,332.0,7.7,65.0,0.7,6.9,Mata Atlantica,TO,0,0,0
25.4,69.0,7.6,0.0,30,345.4,4.7,65.0,0.7,13.0,Mata Atlantica,TO,0,0,1
25.4,69.0,7.6,0.0,30,335.1,3.4,65.0,0.7,6.7,Mata Atlantica,TO,0,0,0
25.4,69.0,7.6,0.0,30,333.4,3.3,65.0,0.3,0.8,Caatinga,BA,0,0,0
25.4,69.0,7.6,0.0,30,354.0,14.3,65.0,0.7,10.6,Mata Atlantica,TO,0,0,1
25.4,69.0,7.6,0.0,30,367.0,14.3,95.0,0.7,7.6,Mata Atlantica,TO,0,0,1
25.4,69.0,7.6,0.0,30,339.1,4.9,65.0,0.7,7.8,Mata Atlantica,TO,0,0,1
25.4,69.0,7.6,0.0,30,351.3,4.9,65.0,0.7,19.9,Mata Atlantica,TO,0,0,0
25.4,69.0,7.6,0.0,30,332.5,4.8,65.0,0.7,2.4,Mata Atlantica,TO,0,0,1
25.4,69.0,7.6,0.0,30,346.4,4.8,65.0,0.7,11.9,Mata Atlantica,TO,0,0,0
25.4,69.0,7.6,0.0,30,367.0,5.3,95.0,0.7,5.0,Mata Atlantica,TO,0,0,0
25.4,69.0,7.6,0.0,30,343.0,4.9,65.0,0.7,14.5,Mata Atlantica,TO,0,0,0
25.4,69.0,7.6,0.0,30,330.9,5.3,65.0,0.7,11.5,Mata Atlantica,TO,0,0,1
25.4,69.0,7.6,0.0,30,335.8,6.4,65.0,0.3,11.9,Caatinga,BA,0,0,0
25.4,69.0,7.6,0.0,30,334.8,3.4,65.0,0.3,5.3,Caatinga,BA,0,0,0
25.4,69.0,7.6,0.0,30,349.8,16.2,65.0,0.3,6.2,Caatinga,BA,0,0,0
25.4,69.0,7.6,0.0,30,330.0,11.2,65.0,0.7,14.6,Mata Atlantica,BA,0,0,0
25.4,69.0,7.6,0.0,30,339.4,16.2,65.0,0.3,18.9,Caatinga,BA,0,0,0
25.4,69.0,7.6,0.0,30,333.5,1.2,65.0,0.3,12.4,Caatinga,BA,0,0,1
25.4,69.0,7.6,0.0,30,345.7,5.8,65.0,0.3,5.5,Caatinga,BA,0,0,0
25.4,69.0,7.6,0.0,30,345.6,7.0,65.0,0.3,11.7,Caatinga,BA,0,0,1
25.4,69.0,7.6,0.0,30,348.2,4.6,65.0,0.3,22.1,Caatinga,BA,0,0,0
25.4,69.0,7.6,0.0,30,334.0,3.0,65.0,0.3,10.5,Caatinga,BA,0,0,0
25.4,69.0,7.6,0.0,30,340.7,4.4,65.0,0.3,17.3,Caatinga,BA,0,0,0
25.4,69.0,7.6,0.0,30,337.2,4.4,65.0,0.3,6.3,Caatinga,BA,0,0,0
25.4,69.0,7.6,0.0,30,332.5,3.5,65.0,0.7,9.8,Mata Atlantica,??,0,0,1
25.4,69.0,7.6,0.0,30,354.3,17.8,65.0,0.3,13.1,Caatinga,BA,0,0,1
25.4,69.0,7.6,0.0,30,335.6,12.8,65.0,0.5,12.0,Cerrado,MT,0,0,1
25.4,69.0,7.6,0.0,30,346.6,12.3,65.0,0.5,6.2,Cerrado,MT,0,0,0
25.4,69.0,7.6,0.0,30,330.2,4.6,65.0,0.5,6.0,Cerrado,TO,0,0,0
25.4,69.0,7.6,0.0,30,341.3,8.0,65.0,0.5,14.9,Cerrado,TO,0,0,0
25.4,69.0,7.6,0.0,30,342.7,12.7,65.0,0.5,16.0,Cerrado,TO,0,0,0
25.4,69.0,7.6,0.0,30,356.6,11.0,65.0,0.5,17.6,Cerrado,TO,0,0,0
25.4,69.0,7.6,0.0,30,342.6,11.0,65.0,0.5,19.0,Cerrado,TO,0,0,1
25.4,69.0,7.6,0.0,30,348.6,15.3,65.0,0.5,10.7,Cerrado,TO,0,0,1
25.4,69.0,7.6,0.0,30,367.0,23.1,95.0,0.5,8.4,Cerrado,TO,0,0,0
25.4,69.0,7.6,0.0,30,328.0,11.0,65.0,0.5,16.8,Cerrado,TO,0,0,0
25.4,69.0,7.6,0.0,30,327.7,11.0,65.0,0.5,13.6,Cerrado,TO,0,0,1
25.4,69.0,7.6,0.0,30,367.0,16.1,95.0,0.5,5.1,Cerrado,MT,0,0,0
25.4,69.0,7.6,0.0,30,334.2,3.5,65.0,0.5,4.8,Cerrado,TO,0,0,0
25.4,69.0,7.6,0.0,30,334.8,7.8,65.0,0.5,12.5,Cerrado,TO,0,0,1
25.4,69.0,7.6,0.0,30,367.0,17.3,95.0,0.5,9.1,Cerrado,TO,0,0,1
25.4,69.0,7.6,0.0,30,341.6,17.3,65.0,0.5,9.9,Cerrado,TO,0,0,1
25.4,69.0,7.6,0.0,30,354.6,9.3,65.0,0.5,15.4,Cerrado,TO,0,0,0
25.4,69.0,7.6,0.0,30,367.0,16.4,95.0,0.7,13.8,Mata Atlantica,TO,0,0,0
25.4,69.0,7.6,0.0,30,341.4,5.8,65.0,0.7,16.6,Mata Atlantica,TO,0,0,0
25.4,69.0,7.6,0.0,30,367.0,5.9,95.0,0.7,0.3,Mata Atlantica,TO,0,0,0
25.4,69.0,7.6,0.0,30,350.8,5.9,65.0,0.7,11.3,Mata Atlantica,TO,0,0,0
25.4,69.0,7.6,0.0,30,334.9,4.3,65.0,0.7,13.5,Mata Atlantica,TO,0,0,1
25.4,69.0,7.6,0.0,30,353.5,5.8,65.0,0.7,2.4,Mata Atlantica,TO,0,0,0
25.4,69.0,7.6,0.0,30,352.7,5.8,65.0,0.7,6.7,Mata Atlantica,TO,0,0,0
25.4,69.0,7.6,0.0,30,340.6,13.6,65.0,0.7,5.8,Mata Atlantica,TO,0,0,1
25.4,69.0,7.6,0.0,30,367.0,12.6,95.0,0.7,10.1,Mata Atlantica,TO,0,0,0
25.4,69.0,7.6,0.0,30,344.0,12.6,65.0,0.7,18.1,Mata Atlantica,TO,0,0,0
25.4,69.0,7.6,0.0,30,338.8,15.8,65.0,0.7,20.1,Mata Atlantica,TO,0,0,1
25.4,69.0,7.6,0.0,30,367.0,13.6,95.0,0.7,5.9,Mata Atlantica,TO,0,0,1
25.4,69.0,7.6,0.0,30,332.4,13.6,65.0,0.7,12.6,Mata Atlantica,TO,0,0,0
25.4,69.0,7.6,0.0,30,344.4,13.9,65.0,0.7,12.8,Mata Atlantica,TO,0,0,1
25.4,69.0,7.6,0.0,30,367.0,12.6,95.0,0.7,11.9,Mata Atlantica,TO,0,0,0
25.4,69.0,7.6,0.0,30,343.8,12.6,65.0,0.7,12.0,Mata Atlantica,TO,0,0,1
25.4,69.0,7.6,0.0,30,367.0,9.5,95.0,0.7,11.5,Mata Atlantica,TO,0,0,0
25.4,69.0,7.6,0.0,30,339.1,5.8,65.0,0.7,18.4,Mata Atlantica,TO,0,0,0
25.4,69.0,7.6,0.0,30,331.3,5.8,65.0,0.7,15.5,Mata Atlantica,TO,0,0,0
25.4,69.0,7.6,0.0,30,367.0,6.4,95.0,0.7,4.7,Mata Atlantica,TO,0,0,0
25.4,69.0,7.6,0.0,30,336.1,3.8,65.0,0.7,14.0,Mata Atlantica,BA,0,0,0
25.4,69.0,7.6,0.0,30,367.0,13.1,95.0,0.8,14.5,Amazonia,PA,0,0,0
25.4,69.0,7.6,0.0,30,367.0,13.1,95.0,0.8,11.6,Amazonia,PA,0,0,0
25.4,69.0,7.6,0.0,30,339.5,8.6,65.0,0.8,15.7,Amazonia,PA,0,0,1
25.4,69.0,7.6,0.0,30,335.1,3.6,65.0,0.8,10.9,Amazonia,PA,0,0,0
25.4,69.0,7.6,0.0,30,330.1,3.6,65.0,0.8,11.0,Amazonia,PA,0,0,0
25.4,69.0,7.6,0.0,30,329.8,3.6,65.0,0.8,10.6,Amazonia,PA,0,0,1
25.4,69.0,7.6,0.0,30,350.1,9.5,65.0,0.8,0.0,Amazonia,PA,0,0,0
25.4,69.0,7.6,0.0,30,353.0,13.8,65.0,0.8,9.6,Amazonia,PA,0,0,1
25.4,69.0,7.6,0.0,30,338.6,7.1,65.0,0.8,6.7,Amazonia,PA,0,0,1
25.4,69.0,7.6,0.0,30,356.4,12.5,65.0,0.8,4.1,Amazonia,PA,0,0,1
25.4,69.0,7.6,0.0,30,329.6,2.6,65.0,0.8,17.2,Amazonia,PA,0,0,1
25.4,69.0,7.6,0.0,30,340.3,13.9,65.0,0.8,12.5,Amazonia,PA,0,0,0
25.4,69.0,7.6,0.0,30,355.0,13.9,65.0,0.8,9.9,Amazonia,PA,0,0,1
25.4,69.0,7.6,0.0,30,367.0,20.9,95.0,0.8,7.2,Amazonia,PA,0,0,1
25.4,69.0,7.6,0.0,30,355.4,6.1,65.0,0.8,11.5,Amazonia,PA,0,0,1
25.4,69.0,7.6,0.0,30,367.0,12.1,95.0,0.8,15.0,Amazonia,PA,0,0,1
25.4,69.0,7.6,0.0,30,331.1,4.9,65.0,0.8,5.9,Amazonia,PA,0,0,1
25.4,69.0,7.6,0.0,30,346.8,6.2,65.0,0.8,10.0,Amazonia,PA,0,0,1
25.4,69.0,7.6,0.0,30,349.8,5.9,65.0,0.8,14.3,Amazonia,PA,0,0,0
25.4,69.0,7.6,0.0,30,329.6,4.1,65.0,0.8,0.3,Amazonia,PA,0,0,0
25.4,69.0,7.6,0.0,30,336.0,5.2,65.0,0.3,9.7,Caatinga,??,0,0,0
25.4,69.0,7.6,0.0,30,339.4,3.0,65.0,0.8,7.9,Amazonia,PA,0,0,0
25.4,69.0,7.6,0.0,30,336.3,8.3,65.0,0.8,9.3,Amazonia,PA,0,0,0
25.4,69.0,7.6,0.0,30,333.5,6.7,65.0,0.8,7.5,Amazonia,PA,0,0,0
25.4,69.0,7.6,0.0,30,334.5,6.7,65.0,0.8,10.7,Amazonia,PA,0,0,0
25.4,69.0,7.6,0.0,30,332.3,3.5,65.0,0.3,19.6,Caatinga,BA,0,0,1
25.4,69.0,7.6,0.0,30,333.2,2.1,65.0,0.8,8.4,Amazonia,PA,0,0,0
25.4,69.0,7.6,0.0,30,332.7,3.5,65.0,0.8,11.5,Amazonia,PA,0,0,1
25.4,69.0,7.6,0.0,30,335.9,6.7,65.0,0.8,20.0,Amazonia,PA,0,0,1
25.4,69.0,7.6,0.0,30,347.0,6.7,65.0,0.8,7.2,Amazonia,PA,0,0,0
25.4,69.0,7.6,0.0,30,353.1,12.3,65.0,0.8,19.1,Amazonia,PA,0,0,0
25.4,69.0,7.6,0.0,30,367.0,18.8,95.0,0.8,10.0,Amazonia,PA,0,0,0
25.4,69.0,7.6,0.0,30,340.4,6.3,65.0,0.8,18.9,Amazonia,PA,0,0,1
25.4,69.0,7.6,0.0,30,339.0,3.8,65.0,0.8,13.8,Amazonia,PA,0,0,1
25.4,69.0,7.6,0.0,30,333.4,8.7,65.0,0.8,11.5,Amazonia,PA,0,0,1
25.4,69.0,7.6,0.0,30,333.2,9.7,65.0,0.8,9.7,Amazonia,PA,0,0,0
25.4,69.0,7.6,0.0,30,342.9,9.0,65.0,0.8,6.9,Amazonia,PA,0,0,0
25.4,69.0,7.6,0.0,30,343.1,6.0,65.0,0.8,10.4,Amazonia,PA,0,0,0
25.4,69.0,7.6,0.0,30,340.5,8.7,65.0,0.8,14.5,Amazonia,PA,0,0,1
25.4,69.0,7.6,0.0,30,336.9,3.7,65.0,0.3,9.9,Caatinga,??,0,0,1
25.4,69.0,7.6,0.0,30,336.8,2.1,65.0,0.8,8.4,Amazonia,PA,0,0,0
25.4,69.0,7.6,0.0,30,336.2,4.0,65.0,0.8,8.7,Amazonia,PA,0,0,0
25.4,69.0,7.6,0.0,30,350.6,4.6,65.0,0.8,15.0,Amazonia,PA,0,0,1
25.4,69.0,7.6,0.0,30,343.1,4.6,65.0,0.3,16.1,Caatinga,MA,0,0,0
25.4,69.0,7.6,0.0,30,336.5,2.7,65.0,0.8,6.7,Amazonia,PA,0,0,0
25.4,69.0,7.6,0.0,30,340.2,3.0,65.0,0.3,6.7,Caatinga,MA,0,0,1
25.4,69.0,7.6,0.0,30,336.9,5.5,65.0,0.7,11.9,Mata Atlantica,MA,0,0,0
25.4,69.0,7.6,0.0,30,334.6,3.4,65.0,0.7,17.6,Mata Atlantica,MA,0,0,0
25.4,69.0,7.6,0.0,30,332.0,4.9,65.0,0.7,15.7,Mata Atlantica,MA,0,0,0
25.4,69.0,7.6,0.0,30,339.7,7.1,65.0,0.3,3.7,Caatinga,MA,0,0,1
25.4,69.0,7.6,0.0,30,337.7,4.5,65.0,0.7,8.7,Mata Atlantica,MA,0,0,1
25.4,69.0,7.6,0.0,30,333.0,5.2,65.0,0.3,5.3,Caatinga,MA,0,0,0
25.4,69.0,7.6,0.0,30,333.9,3.7,65.0,0.7,8.7,Mata Atlantica,MA,0,0,0
25.4,69.0,7.6,0.0,30,350.1,13.4,65.0,0.7,18.0,Mata Atlantica,MA,0,0,0
25.4,69.0,7.6,0.0,30,331.4,3.7,65.0,0.7,2.9,Mata Atlantica,MA,0,0,0
25.4,69.0,7.6,0.0,30,351.3,12.8,65.0,0.7,1.9,Mata Atlantica,MA,0,0,0
25.4,69.0,7.6,0.0,30,355.7,21.6,65.0,0.7,5.9,Mata Atlantica,MA,0,0,0
25.4,69.0,7.6,0.0,30,337.1,11.5,65.0,0.7,11.4,Mata Atlantica,MA,0,0,0
25.4,69.0,7.6,0.0,30,338.2,21.6,65.0,0.7,13.1,Mata Atlantica,MA,0,0,0
25.4,69.0,7.6,0.0,30,367.0,21.6,95.0,0.7,12.2,Mata Atlantica,MA,0,0,0
25.4,69.0,7.6,0.0,30,339.8,11.5,65.0,0.7,15.9,Mata Atlantica,MA,0,0,0
25.4,69.0,7.6,0.0,30,346.4,17.4,65.0,0.7,1.2,Mata Atlantica,MA,0,0,0
25.4,69.0,7.6,0.0,30,344.0,11.8,65.0,0.7,15.9,Mata Atlantica,MA,0,0,0
25.4,69.0,7.6,0.0,30,353.5,19.3,65.0,0.3,8.4,Caatinga,MA,0,0,1
25.4,69.0,7.6,0.0,30,342.6,19.3,65.0,0.3,13.7,Caatinga,MA,0,0,0
25.4,69.0,7.6,0.0,30,348.9,11.8,65.0,0.7,3.4,Mata Atlantica,MA,0,0,1
25.4,69.0,7.6,0.0,30,335.6,2.7,65.0,0.3,10.0,Caatinga,MA,0,0,0
25.4,69.0,7.6,0.0,30,333.3,4.9,65.0,0.7,11.2,Mata Atlantica,MA,0,0,0
25.4,69.0,7.6,0.0,30,332.9,5.6,65.0,0.7,15.8,Mata Atlantica,MA,0,0,1
25.4,69.0,7.6,0.0,30,332.1,4.7,65.0,0.8,2.1,Amazonia,PA,0,0,0
25.4,69.0,7.6,0.0,30,339.3,5.0,65.0,0.8,10.2,Amazonia,PA,0,0,0
25.4,69.0,7.6,0.0,30,345.9,7.6,65.0,0.8,4.6,Amazonia,PA,0,0,0
25.4,69.0,7.6,0.0,30,345.0,11.8,65.0,0.5,12.5,Cerrado,MT,0,0,0
25.4,69.0,7.6,0.0,30,336.3,3.1,65.0,0.5,13.9,Cerrado,MT,0,0,1
25.4,69.0,7.6,0.0,30,332.8,2.7,65.0,0.5,16.4,Cerrado,MT,0,0,0
25.4,69.0,7.6,0.0,30,337.1,5.6,65.0,0.5,7.3,Cerrado,MT,0,0,1
25.4,69.0,7.6,0.0,30,344.4,11.2,65.0,0.5,14.6,Cerrado,MT,0,0,0
25.4,69.0,7.6,0.0,30,345.5,3.7,65.0,0.5,16.8,Cerrado,MT,0,0,0
25.4,69.0,7.6,0.0,30,339.4,3.7,65.0,0.5,1.8,Cerrado,MT,0,0,1
25.4,69.0,7.6,0.0,30,332.9,2.8,65.0,0.5,13.1,Cerrado,MT,0,0,0
25.4,69.0,7.6,0.0,30,329.1,3.4,65.0,0.5,14.8,Cerrado,MT,0,0,0
25.4,69.0,7.6,0.0,30,330.5,4.4,65.0,0.5,8.7,Cerrado,MT,0,0,0
25.4,69.0,7.6,0.0,30,348.0,6.4,65.0,0.5,3.9,Cerrado,MT,0,0,0
25.4,69.0,7.6,0.0,30,342.4,3.4,65.0,0.5,14.7,Cerrado,MT,0,0,0
25.4,69.0,7.6,0.0,30,337.2,3.8,65.0,0.5,4.0,Cerrado,MT,0,0,1
25.4,69.0,7.6,0.0,30,342.1,6.4,65.0,0.5,9.1,Desconhecido,MT,0,0,0
25.4,69.0,7.6,0.0,30,335.2,4.0,65.0,0.5,9.8,Cerrado,MT,0,0,0
25.4,69.0,7.6,0.0,30,356.5,8.4,65.0,0.5,13.6,Desconhecido,MT,0,0,0
25.4,69.0,7.6,0.0,30,337.1,8.4,65.0,0.5,6.9,Desconhecido,MT,0,0,0
25.4,69.0,7.6,0.0,30,327.2,2.2,65.0,0.5,6.6,Desconhecido,??,0,0,1
25.4,69.0,7.6,0.0,30,337.4,3.0,65.0,0.5,10.5,Desconhecido,MT,0,0,0
25.4,69.0,7.6,0.0,30,333.2,3.7,65.0,0.5,15.0,Desconhecido,MT,0,0,0
25.4,69.0,7.6,0.0,30,333.7,2.2,65.0,0.5,21.4,Desconhecido,MT,0,0,0
25.4,69.0,7.6,0.0,30,348.0,11.8,65.0,0.5,2.5,Desconhecido,MT,0,0,0
25.4,69.0,7.6,0.0,30,337.7,3.2,65.0,0.5,11.6,Desconhecido,MT,0,0,0
25.4,69.0,7.6,0.0,30,338.6,6.6,65.0,0.5,4.6,Desconhecido,MT,0,0,0
25.4,69.0,7.6,0.0,30,354.5,6.6,65.0,0.5,15.1,Desconhecido,MT,0,0,0
25.4,69.0,7.6,0.0,30,344.2,6.6,65.0,0.5,5.3,Desconhecido,MT,0,0,0
25.4,69.0,7.6,0.0,30,332.1,2.6,65.0,0.5,6.6,Desconhecido,MT,0,0,0
25.4,69.0,7.6,0.0,30,330.0,2.6,65.0,0.5,7.1,Desconhecido,MT,0,0,1
25.4,69.0,7.6,0.0,30,355.8,17.5,65.0,0.5,9.6,Desconhecido,MT,0,0,0
25.4,69.0,7.6,0.0,30,354.4,17.5,65.0,0.5,11.6,Desconhecido,MT,0,0,0
25.4,69.0,7.6,0.0,30,347.5,17.5,65.0,0.5,12.4,Desconhecido,MT,0,0,0
25.4,69.0,7.6,0.0,30,330.3,2.8,65.0,0.5,10.0,Desconhecido,MT,0,0,0
25.4,69.0,7.6,0.0,30,333.1,7.9,65.0,0.5,3.4,Desconhecido,MT,0,0,0
25.4,69.0,7.6,0.0,30,352.9,5.7,65.0,0.5,13.6,Desconhecido,MT,0,0,0
25.4,69.0,7.6,0.0,30,336.7,5.7,65.0,0.5,9.7,Desconhecido,MT,0,0,0
25.4,69.0,7.6,0.0,30,353.2,4.1,65.0,0.5,15.8,Desconhecido,MT,0,0,1
25.4,69.0,7.6,0.0,30,329.5,4.1,65.0,0.5,6.5,Desconhecido,MT,0,0,0
25.4,69.0,7.6,0.0,30,339.5,3.6,65.0,0.5,2.0,Desconhecido,MT,0,0,0
25.4,69.0,7.6,0.0,30,346.3,3.6,65.0,0.5,9.8,Desconhecido,MT,0,0,0
25.4,69.0,7.6,0.0,30,332.4,1.9,65.0,0.5,16.5,Desconhecido,MT,0,0,0
25.4,69.0,7.6,0.0,30,331.3,2.9,65.0,0.5,10.8,Desconhecido,MT,0,0,0
25.4,69.0,7.6,0.0,30,335.0,5.2,65.0,0.5,9.0,Desconhecido,MT,0,0,0
25.4,69.0,7.6,0.0,30,329.7,2.0,65.0,0.5,5.6,Desconhecido,MT,0,0,0
25.4,69.0,7.6,0.0,30,339.4,3.7,65.0,0.5,18.8,Desconhecido,??,0,0,0
25.4,69.0,7.6,0.0,30,342.1,3.7,65.0,0.5,4.9,Desconhecido,??,0,0,0
25.4,69.0,7.6,0.0,30,332.2,18.4,65.0,0.5,6.4,Cerrado,MT,0,0,1
25.4,69.0,7.6,0.0,30,329.4,18.4,65.0,0.5,12.9,Cerrado,MT,0,0,0
25.4,69.0,7.6,0.0,30,331.9,2.9,65.0,0.5,0.7,Desconhecido,??,0,0,0
25.4,69.0,7.6,0.0,30,354.9,7.5,65.0,0.5,16.4,Cerrado,MT,0,0,1
25.4,69.0,7.6,0.0,30,340.3,7.5,65.0,0.5,13.1,Cerrado,MT,0,0,0
25.4,69.0,7.6,0.0,30,344.5,7.5,65.0,0.5,14.5,Cerrado,MT,0,0,0
25.4,69.0,7.6,0.0,30,339.6,7.5,65.0,0.5,12.8,Cerrado,MT,0,0,1
25.4,69.0,7.6,0.0,30,328.4,3.8,65.0,0.5,9.2,Cerrado,MT,0,0,0
25.4,69.0,7.6,0.0,30,328.2,3.8,65.0,0.5,4.7,Cerrado,MT,0,0,1
25.4,69.0,7.6,0.0,30,331.6,5.0,65.0,0.5,9.3,Cerrado,MT,0,0,0
25.4,69.0,7.6,0.0,30,333.6,6.5,65.0,0.5,5.1,Desconhecido,??,0,0,1
25.4,69.0,7.6,0.0,30,367.0,16.5,95.0,0.5,12.4,Cerrado,MT,0,0,1
25.4,69.0,7.6,0.0,30,342.5,4.7,65.0,0.5,14.0,Cerrado,MT,0,0,1
25.4,69.0,7.6,0.0,30,335.8,7.5,65.0,0.5,17.4,Cerrado,MT,0,0,0
25.4,69.0,7.6,0.0,30,338.5,3.0,65.0,0.5,11.9,Cerrado,MT,0,0,0
25.4,69.0,7.6,0.0,30,355.4,7.9,65.0,0.5,14.6,Cerrado,MT,0,0,0
25.4,69.0,7.6,0.0,30,344.4,6.7,65.0,0.5,8.5,Cerrado,MT,0,0,0
25.4,69.0,7.6,0.0,30,367.0,7.9,95.0,0.5,7.6,Cerrado,MT,0,0,0
25.4,69.0,7.6,0.0,30,343.7,9.7,65.0,0.5,12.4,Cerrado,MT,0,0,0
25.4,69.0,7.6,0.0,30,341.4,4.1,65.0,0.5,8.1,Cerrado,MT,0,0,1
25.4,69.0,7.6,0.0,30,331.0,9.5,65.0,0.7,11.3,Mata Atlantica,GO,0,0,0
25.4,69.0,7.6,0.0,30,338.0,6.2,65.0,0.5,4.7,Desconhecido,??,0,0,0
25.4,69.0,7.6,0.0,30,327.2,1.8,65.0,0.5,5.6,Desconhecido,??,0,0,0
25.4,69.0,7.6,0.0,30,341.0,4.1,65.0,0.5,13.2,Desconhecido,??,0,0,0
25.4,69.0,7.6,0.0,30,338.4,4.4,65.0,0.5,14.4,Cerrado,MT,0,0,1
25.4,69.0,7.6,0.0,30,340.4,66.2,65.0,0.5,5.1,Cerrado,MT,0,0,1
25.4,69.0,7.6,0.0,30,336.1,5.8,65.0,0.5,13.4,Cerrado,MT,0,0,1
25.4,69.0,7.6,0.0,30,342.9,5.8,65.0,0.5,7.3,Cerrado,MT,0,0,0
25.4,69.0,7.6,0.0,30,342.8,14.6,65.0,0.5,10.1,Cerrado,MT,0,0,1
25.4,69.0,7.6,0.0,30,334.2,6.3,65.0,0.5,17.1,Cerrado,MT,0,0,0
25.4,69.0,7.6,0.0,30,338.5,4.7,65.0,0.5,14.0,Cerrado,MT,0,0,0
25.4,69.0,7.6,0.0,30,339.1,8.4,65.0,0.5,14.0,Cerrado,MT,0,0,1
25.4,69.0,7.6,0.0,30,367.0,11.8,95.0,0.5,19.5,Cerrado,MT,0,0,0
25.4,69.0,7.6,0.0,30,347.7,13.2,65.0,0.5,6.5,Cerrado,MT,0,0,0
25.4,69.0,7.6,0.0,30,332.0,3.6,65.0,0.5,5.1,Desconhecido,??,0,0,0
25.4,69.0,7.6,0.0,30,339.1,2.6,65.0,0.5,6.4,Desconhecido,??,0,0,1
25.4,69.0,7.6,0.0,30,354.1,13.2,65.0,0.5,8.7,Cerrado,MT,0,0,1
25.4,69.0,7.6,0.0,30,344.1,3.9,65.0,0.5,0.0,Cerrado,MT,0,0,1
25.4,69.0,7.6,0.0,30,348.3,11.0,65.0,0.5,9.0,Cerrado,MT,0,0,1
25.4,69.0,7.6,0.0,30,352.1,13.2,65.0,0.5,7.3,Cerrado,MT,0,0,1
25.4,69.0,7.6,0.0,30,339.1,4.0,65.0,0.5,13.9,Cerrado,MT,0,0,0
25.4,69.0,7.6,0.0,30,357.0,31.5,65.0,0.5,11.8,Cerrado,MT,0,0,1
25.4,69.0,7.6,0.0,30,348.8,10.2,65.0,0.5,7.0,Cerrado,MT,0,0,0
25.4,69.0,7.6,0.0,30,351.4,13.5,65.0,0.5,12.9,Cerrado,MT,0,0,1
25.4,69.0,7.6,0.0,30,355.1,8.1,65.0,0.5,13.6,Cerrado,MT,0,0,1
25.4,69.0,7.6,0.0,30,345.6,4.0,65.0,0.5,6.2,Cerrado,MT,0,0,0
25.4,69.0,7.6,0.0,30,339.9,5.5,65.0,0.5,7.5,Cerrado,MT,0,0,1
25.4,69.0,7.6,0.0,30,331.6,4.0,65.0,0.5,0.0,Cerrado,MT,0,0,0
25.4,69.0,7.6,0.0,30,338.5,5.5,65.0,0.5,4.5,Cerrado,MT,0,0,1
25.4,69.0,7.6,0.0,30,367.0,10.2,95.0,0.5,6.3,Cerrado,MT,0,0,1
25.4,69.0,7.6,0.0,30,367.0,12.7,95.0,0.5,10.4,Cerrado,MT,0,0,1
25.4,69.0,7.6,0.0,30,342.3,9.5,65.0,0.5,5.3,Cerrado,MT,0,0,1
25.4,69.0,7.6,0.0,30,331.7,3.3,65.0,0.5,7.4,Desconhecido,??,0,0,1
25.4,69.0,7.6,0.0,30,345.7,3.3,65.0,0.5,3.9,Desconhecido,??,0,0,0
25.4,69.0,7.6,0.0,30,347.1,42.0,65.0,0.5,10.9,Desconhecido,??,0,0,1
25.4,69.0,7.6,0.0,30,342.3,17.1,65.0,0.5,12.1,Desconhecido,RO,0,0,0
25.4,69.0,7.6,0.0,30,333.1,6.3,65.0,0.5,12.0,Desconhecido,RO,0,0,0
25.4,69.0,7.6,0.0,30,335.8,5.8,65.0,0.5,10.1,Desconhecido,??,0,0,0
25.4,69.0,7.6,0.0,30,367.0,19.4,95.0,0.5,2.3,Cerrado,MT,0,0,0
25.4,69.0,7.6,0.0,30,367.0,19.4,95.0,0.5,6.9,Cerrado,MT,0,0,0
25.4,69.0,7.6,0.0,30,367.0,35.6,95.0,0.5,8.0,Cerrado,MT,0,0,1
25.4,69.0,7.6,0.0,30,349.7,19.4,65.0,0.5,8.0,Cerrado,MT,0,0,0
25.4,69.0,7.6,0.0,30,367.0,19.4,95.0,0.5,10.4,Cerrado,MT,0,0,1
25.4,69.0,7.6,0.0,30,367.0,24.5,95.0,0.5,17.1,Cerrado,MT,0,0,1
25.4,69.0,7.6,0.0,30,367.0,35.6,95.0,0.5,14.1,Cerrado,MT,0,0,0
25.4,69.0,7.6,0.0,30,354.9,10.6,65.0,0.5,5.1,Cerrado,MT,0,0,1
25.4,69.0,7.6,0.0,30,367.0,12.3,95.0,0.5,13.4,Cerrado,MT,0,0,0
25.4,69.0,7.6,0.0,30,339.7,4.1,65.0,0.5,13.2,Cerrado,MT,0,0,1
25.4,69.0,7.6,0.0,30,330.5,3.1,65.0,0.5,6.0,Desconhecido,??,0,0,0
25.4,69.0,7.6,0.0,30,325.7,4.0,65.0,0.5,14.2,Desconhecido,??,0,0,0
25.4,69.0,7.6,0.0,30,346.8,5.3,65.0,0.5,9.2,Desconhecido,??,0,0,0
25.4,69.0,7.6,0.0,30,341.4,6.4,65.0,0.5,3.0,Cerrado,MT,0,0,1
25.4,69.0,7.6,0.0,30,328.7,4.2,65.0,0.5,12.3,Desconhecido,RO,0,0,0
25.4,69.0,7.6,0.0,30,329.5,5.5,65.0,0.5,11.1,Desconhecido,RO,0,0,0
25.4,69.0,7.6,0.0,30,340.3,4.2,65.0,0.5,8.9,Desconhecido,RO,0,0,1
25.4,69.0,7.6,0.0,30,344.4,7.0,65.0,0.5,9.8,Desconhecido,??,0,0,0
25.4,69.0,7.6,0.0,30,339.8,10.0,65.0,0.5,6.4,Desconhecido,??,0,0,1
25.4,69.0,7.6,0.0,30,338.0,15.5,65.0,0.5,13.1,Desconhecido,RO,0,0,1
25.4,69.0,7.6,0.0,30,356.4,15.5,65.0,0.5,9.8,Desconhecido,RO,0,0,0
25.4,69.0,7.6,0.0,30,334.6,4.6,65.0,0.5,10.8,Desconhecido,RO,0,0,1
25.4,69.0,7.6,0.0,30,337.8,7.5,65.0,0.5,11.8,Desconhecido,RO,0,0,0
25.4,69.0,7.6,0.0,30,344.9,17.5,65.0,0.5,4.2,Desconhecido,RO,0,0,0
25.4,69.0,7.6,0.0,30,346.4,9.5,65.0,0.5,5.5,Desconhecido,RO,0,0,0
25.4,69.0,7.6,0.0,30,348.8,20.7,65.0,0.5,0.0,Cerrado,MT,0,0,1
25.4,69.0,7.6,0.0,30,348.1,22.1,65.0,0.5,12.8,Cerrado,MT,0,0,1
25.4,69.0,7.6,0.0,30,367.0,22.1,95.0,0.5,3.9,Cerrado,MT,0,0,1
25.4,69.0,7.6,0.0,30,354.6,25.4,65.0,0.5,10.7,Cerrado,MT,0,0,0
25.4,69.0,7.6,0.0,30,340.3,15.0,65.0,0.5,11.9,Cerrado,MT,0,0,0
25.4,69.0,7.6,0.0,30,367.0,20.7,95.0,0.5,13.0,Cerrado,MT,0,0,0
25.4,69.0,7.6,0.0,30,341.0,10.8,65.0,0.5,4.0,Cerrado,MT,0,0,0
25.4,69.0,7.6,0.0,30,333.3,9.8,65.0,0.5,9.7,Desconhecido,RO,0,0,1
25.4,69.0,7.6,0.0,30,329.8,3.5,65.0,0.5,18.4,Desconhecido,??,0,0,0
25.4,69.0,7.6,0.0,30,337.7,14.2,65.0,0.5,18.6,Desconhecido,RO,0,0,0
25.4,69.0,7.6,0.0,30,340.7,11.4,65.0,0.5,14.9,Cerrado,MT,0,0,1
25.4,69.0,7.6,0.0,30,340.7,8.2,65.0,0.5,11.7,Desconhecido,RO,0,0,0
25.4,69.0,7.6,0.0,30,342.1,13.9,65.0,0.5,5.0,Cerrado,MT,0,0,1
25.4,69.0,7.6,0.0,30,349.2,15.2,65.0,0.5,13.6,Cerrado,MT,0,0,0
25.4,69.0,7.6,0.0,30,339.1,16.0,65.0,0.5,9.2,Cerrado,MT,0,0,0
25.4,69.0,7.6,0.0,30,341.6,13.9,65.0,0.5,12.8,Cerrado,MT,0,0,0
25.4,69.0,7.6,0.0,30,354.4,18.3,65.0,0.5,6.8,Cerrado,MT,0,0,0
25.4,69.0,7.6,0.0,30,331.6,14.7,65.0,0.5,9.1,Cerrado,MT,0,0,1
25.4,69.0,7.6,0.0,30,343.0,11.2,65.0,0.5,10.8,Cerrado,MT,0,0,1
25.4,69.0,7.6,0.0,30,357.6,11.2,65.0,0.5,11.2,Cerrado,MT,0,0,0
25.4,69.0,7.6,0.0,30,339.1,4.5,65.0,0.5,12.5,Cerrado,MT,0,0,1
25.4,69.0,7.6,0.0,30,342.3,4.9,65.0,0.5,7.1,Cerrado,MT,0,0,0
25.4,69.0,7.6,0.0,30,346.9,13.4,65.0,0.5,3.3,Cerrado,MT,0,0,1
25.4,69.0,7.6,0.0,30,335.9,5.9,65.0,0.5,18.1,Desconhecido,RO,0,0,0
25.4,69.0,7.6,0.0,30,349.0,9.8,65.0,0.5,22.4,Cerrado,MT,0,0,0
25.4,69.0,7.6,0.0,30,356.1,7.3,65.0,0.5,12.2,Cerrado,MT,0,0,0
25.4,69.0,7.6,0.0,30,353.1,7.3,65.0,0.5,3.4,Cerrado,MT,0,0,0
25.4,69.0,7.6,0.0,30,333.9,13.7,65.0,0.5,6.1,Cerrado,MT,0,0,1
25.4,69.0,7.6,0.0,30,344.5,5.0,65.0,0.5,12.5,Cerrado,MT,0,0,0
25.4,69.0,7.6,0.0,30,343.1,5.0,65.0,0.5,16.7,Cerrado,MT,0,0,0
25.4,69.0,7.6,0.0,30,349.5,8.9,65.0,0.5,3.9,Cerrado,MT,0,0,1
25.4,69.0,7.6,0.0,30,347.0,8.9,65.0,0.5,9.4,Cerrado,MT,0,0,0
25.4,69.0,7.6,0.0,30,341.8,9.0,65.0,0.5,11.0,Cerrado,MT,0,0,1
25.4,69.0,7.6,0.0,30,347.6,11.0,65.0,0.5,14.3,Cerrado,MT,0,0,0
25.4,69.0,7.6,0.0,30,340.2,4.4,65.0,0.5,8.3,Cerrado,MT,0,0,1
25.4,69.0,7.6,0.0,30,337.0,8.8,65.0,0.5,2.2,Cerrado,MT,0,0,0
25.4,69.0,7.6,0.0,30,349.4,7.5,65.0,0.5,13.1,Cerrado,MT,0,0,1
25.4,69.0,7.6,0.0,30,337.9,6.9,65.0,0.5,15.6,Cerrado,MT,0,0,0
25.4,69.0,7.6,0.0,30,356.7,20.2,65.0,0.5,9.6,Cerrado,MT,0,0,0
25.4,69.0,7.6,0.0,30,349.4,10.8,65.0,0.5,12.0,Cerrado,MT,0,0,1
25.4,69.0,7.6,0.0,30,342.4,14.8,65.0,0.5,7.6,Cerrado,MT,0,0,1
25.4,69.0,7.6,0.0,30,349.2,16.0,65.0,0.5,5.8,Cerrado,MT,0,0,1
25.4,69.0,7.6,0.0,30,336.5,4.6,65.0,0.5,15.1,Cerrado,MT,0,0,0
25.4,69.0,7.6,0.0,30,341.7,6.1,65.0,0.5,11.9,Cerrado,MT,0,0,1
25.4,69.0,7.6,0.0,30,346.4,8.4,65.0,0.5,12.5,Cerrado,MT,0,0,1
25.4,69.0,7.6,0.0,30,345.3,13.3,65.0,0.5,17.5,Cerrado,MT,0,0,0
25.4,69.0,7.6,0.0,30,353.7,12.3,65.0,0.5,4.7,Cerrado,MT,0,0,0
25.4,69.0,7.6,0.0,30,367.0,13.3,95.0,0.5,7.2,Cerrado,MT,0,0,0
25.4,69.0,7.6,0.0,30,356.1,10.6,65.0,0.5,10.8,Cerrado,MT,0,0,1
25.4,69.0,7.6,0.0,30,342.1,11.0,65.0,0.5,7.2,Cerrado,MT,0,0,0
25.4,69.0,7.6,0.0,30,367.0,13.7,95.0,0.5,13.9,Cerrado,TO,0,0,1
25.4,69.0,7.6,0.0,30,354.3,8.7,65.0,0.5,9.1,Cerrado,MT,0,0,1
25.4,69.0,7.6,0.0,30,367.0,12.4,95.0,0.5,5.0,Cerrado,MT,0,0,1
25.4,69.0,7.6,0.0,30,367.0,12.4,95.0,0.5,10.3,Cerrado,MT,0,0,1
25.4,69.0,7.6,0.0,30,367.0,21.8,95.0,0.5,10.9,Cerrado,MT,0,0,1
25.4,69.0,7.6,0.0,30,367.0,18.3,95.0,0.5,14.7,Cerrado,MT,0,0,1
25.4,69.0,7.6,0.0,30,354.1,18.3,65.0,0.5,12.0,Cerrado,MT,0,0,1
25.4,69.0,7.6,0.0,30,348.2,8.7,65.0,0.5,12.3,Cerrado,MT,0,0,0
25.4,69.0,7.6,0.0,30,347.0,12.4,65.0,0.5,11.6,Cerrado,MT,0,0,0
25.4,69.0,7.6,0.0,30,327.0,2.4,65.0,0.5,9.1,Desconhecido,??,0,0,0
25.4,69.0,7.6,0.0,30,332.1,16.1,65.0,0.5,6.4,Cerrado,MT,0,0,0
25.4,69.0,7.6,0.0,30,367.0,16.1,95.0,0.5,11.4,Cerrado,MT,0,0,1
25.4,69.0,7.6,0.0,30,337.1,6.9,65.0,0.5,8.3,Cerrado,TO,0,0,0
25.4,69.0,7.6,0.0,30,336.8,5.1,65.0,0.5,18.4,Cerrado,MT,0,0,0
25.4,69.0,7.6,0.0,30,345.6,7.0,65.0,0.5,16.7,Cerrado,MT,0,0,0
25.4,69.0,7.6,0.0,30,349.6,4.8,65.0,0.5,13.2,Cerrado,MT,0,0,1
25.4,69.0,7.6,0.0,30,335.7,4.5,65.0,0.5,11.9,Cerrado,MT,0,0,1
25.4,69.0,7.6,0.0,30,330.0,10.5,65.0,0.5,9.6,Cerrado,MT,0,0,1
25.4,69.0,7.6,0.0,30,336.1,7.7,65.0,0.5,3.7,Cerrado,MT,0,0,0
25.4,69.0,7.6,0.0,30,339.6,5.4,65.0,0.5,8.9,Cerrado,MT,0,0,0
25.4,69.0,7.6,0.0,30,338.2,4.6,65.0,0.5,10.5,Cerrado,MT,0,0,1
25.4,69.0,7.6,0.0,30,334.3,3.1,65.0,0.5,11.1,Cerrado,MT,0,0,0
25.4,69.0,7.6,0.0,30,331.7,3.7,65.0,0.5,12.3,Cerrado,MT,0,0,1
25.4,69.0,7.6,0.0,30,338.5,6.1,65.0,0.5,14.6,Cerrado,MT,0,0,1
25.4,69.0,7.6,0.0,30,336.8,3.7,65.0,0.5,6.5,Cerrado,MT,0,0,0
25.4,69.0,7.6,0.0,30,333.6,3.7,65.0,0.5,6.6,Cerrado,MT,0,0,1
25.4,69.0,7.6,0.0,30,329.2,5.4,65.0,0.5,17.3,Cerrado,MT,0,0,1
25.4,69.0,7.6,0.0,30,340.4,17.4,65.0,0.5,13.9,Cerrado,MT,0,0,1
25.4,69.0,7.6,0.0,30,352.1,8.1,65.0,0.5,8.0,Cerrado,MT,0,0,0
25.4,69.0,7.6,0.0,30,334.0,9.5,65.0,0.5,9.5,Cerrado,MT,0,0,0
25.4,69.0,7.6,0.0,30,340.9,7.3,65.0,0.5,9.5,Cerrado,MT,0,0,0
25.4,69.0,7.6,0.0,30,332.1,9.3,65.0,0.5,10.2,Cerrado,MT,0,0,1
25.4,69.0,7.6,0.0,30,353.4,3.2,65.0,0.5,12.4,Cerrado,MT,0,0,1
25.4,69.0,7.6,0.0,30,350.8,9.1,65.0,0.5,22.7,Cerrado,TO,0,0,0
25.4,69.0,7.6,0.0,30,353.4,15.5,65.0,0.5,10.9,Cerrado,TO,0,0,0
25.4,69.0,7.6,0.0,30,342.9,8.9,65.0,0.5,13.3,Cerrado,MT,0,0,1
25.4,69.0,7.6,0.0,30,344.1,15.3,65.0,0.5,1.6,Cerrado,MT,0,0,1
25.4,69.0,7.6,0.0,30,367.0,15.3,95.0,0.5,7.6,Cerrado,MT,0,0,1
25.4,69.0,7.6,0.0,30,347.4,6.7,65.0,0.5,16.1,Cerrado,MT,0,0,0
25.4,69.0,7.6,0.0,30,351.3,12.4,65.0,0.5,12.0,Cerrado,TO,0,0,0
25.4,69.0,7.6,0.0,30,336.6,10.6,65.0,0.5,0.0,Cerrado,TO,0,0,0
25.4,69.0,7.6,0.0,30,367.0,19.5,95.0,0.5,13.4,Cerrado,TO,0,0,1
25.4,69.0,7.6,0.0,30,354.7,26.3,65.0,0.5,19.6,Cerrado,TO,0,0,1
25.4,69.0,7.6,0.0,30,342.7,12.4,65.0,0.5,0.0,Cerrado,TO,0,0,1
25.4,69.0,7.6,0.0,30,338.9,10.6,65.0,0.5,17.6,Cerrado,TO,0,0,1
25.4,69.0,7.6,0.0,30,340.3,4.1,65.0,0.5,0.0,Cerrado,MT,0,0,1
25.4,69.0,7.6,0.0,30,339.1,5.1,65.0,0.5,14.7,Cerrado,MT,0,0,0
25.4,69.0,7.6,0.0,30,351.8,4.7,65.0,0.5,10.0,Cerrado,MT,0,0,0
25.4,69.0,7.6,0.0,30,329.2,4.7,65.0,0.5,0.0,Cerrado,MT,0,0,1
25.4,69.0,7.6,0.0,30,344.2,13.8,65.0,0.5,12.2,Cerrado,MT,0,0,1
25.4,69.0,7.6,0.0,30,336.6,13.8,65.0,0.5,15.8,Cerrado,MT,0,0,1
25.4,69.0,7.6,0.0,30,337.5,10.1,65.0,0.5,11.8,Cerrado,MT,0,0,0
25.4,69.0,7.6,0.0,30,347.9,4.1,65.0,0.5,12.9,Cerrado,MT,0,0,1
25.4,69.0,7.6,0.0,30,339.7,4.1,65.0,0.5,7.9,Cerrado,MT,0,0,1
25.4,69.0,7.6,0.0,30,342.2,6.3,65.0,0.5,0.7,Cerrado,MT,0,0,0
25.4,69.0,7.6,0.0,30,351.9,11.5,65.0,0.5,13.5,Cerrado,MT,0,0,0
25.4,69.0,7.6,0.0,30,337.6,3.2,65.0,0.5,18.7,Cerrado,MT,0,0,1
25.4,69.0,7.6,0.0,30,349.4,9.7,65.0,0.5,15.6,Cerrado,MT,0,0,0
25.4,69.0,7.6,0.0,30,367.0,14.8,95.0,0.5,0.1,Cerrado,MT,0,0,1
25.4,69.0,7.6,0.0,30,335.4,4.1,65.0,0.5,2.4,Cerrado,MT,0,0,0
25.4,69.0,7.6,0.0,30,345.9,12.1,65.0,0.5,5.8,Cerrado,MT,0,0,1
25.4,69.0,7.6,0.0,30,329.6,2.9,65.0,0.5,2.0,Cerrado,MT,0,0,0
25.4,69.0,7.6,0.0,30,332.3,4.1,65.0,0.5,10.2,Cerrado,MT,0,0,1
25.4,69.0,7.6,0.0,30,367.0,8.9,95.0,0.5,12.0,Cerrado,MT,0,0,0
25.4,69.0,7.6,0.0,30,335.0,8.9,65.0,0.5,2.8,Cerrado,MT,0,0,0
25.4,69.0,7.6,0.0,30,340.1,11.9,65.0,0.5,13.9,Cerrado,MT,0,0,1
25.4,69.0,7.6,0.0,30,367.0,18.3,95.0,0.5,13.0,Cerrado,MT,0,0,1
25.4,69.0,7.6,0.0,30,348.7,10.4,65.0,0.5,7.3,Cerrado,MT,0,0,1
25.4,69.0,7.6,0.0,30,336.0,4.9,65.0,0.5,9.1,Cerrado,MT,0,0,0
25.4,69.0,7.6,0.0,30,341.0,5.9,65.0,0.5,0.3,Cerrado,MT,0,0,0
25.4,69.0,7.6,0.0,30,342.0,5.9,65.0,0.5,8.3,Cerrado,MT,0,0,1
25.4,69.0,7.6,0.0,30,346.6,18.3,65.0,0.5,10.0,Cerrado,MT,0,0,0
25.4,69.0,7.6,0.0,30,336.5,18.3,65.0,0.5,10.8,Cerrado,MT,0,0,1
25.4,69.0,7.6,0.0,30,341.8,11.3,65.0,0.5,11.9,Cerrado,MT,0,0,0
25.4,69.0,7.6,0.0,30,336.5,3.5,65.0,0.7,11.2,Mata Atlantica,TO,0,0,0
25.4,69.0,7.6,0.0,30,336.4,9.3,65.0,0.7,8.7,Mata Atlantica,TO,0,0,0
25.4,69.0,7.6,0.0,30,333.2,3.7,65.0,0.8,11.4,Amazonia,AM,0,0,0
25.4,69.0,7.6,0.0,30,341.0,6.8,65.0,0.8,15.0,Amazonia,AM,0,0,0
25.4,69.0,7.6,0.0,30,332.9,2.3,65.0,0.8,9.5,Amazonia,AM,0,0,0
25.4,69.0,7.6,0.0,30,332.0,4.1,65.0,0.8,11.6,Amazonia,PA,0,0,0
25.4,69.0,7.6,0.0,30,330.6,5.6,65.0,0.8,9.1,Amazonia,PA,0,0,1
25.4,69.0,7.6,0.0,30,334.9,4.1,65.0,0.8,6.8,Amazonia,PA,0,0,1
25.4,69.0,7.6,0.0,30,335.9,4.4,65.0,0.8,12.6,Amazonia,AM,0,0,1
25.4,69.0,7.6,0.0,30,342.5,4.4,65.0,0.8,7.2,Amazonia,AM,0,0,0
25.4,69.0,7.6,0.0,30,330.8,7.1,65.0,0.8,11.9,Amazonia,PA,0,0,0
25.4,69.0,7.6,0.0,30,333.4,5.3,65.0,0.8,10.1,Amazonia,PA,0,0,1
25.4,69.0,7.6,0.0,30,336.2,8.3,65.0,0.8,8.5,Amazonia,PA,0,0,0
25.4,69.0,7.6,0.0,30,337.9,3.8,65.0,0.8,8.4,Amazonia,AM,0,0,0
25.4,69.0,7.6,0.0,30,342.1,18.0,65.0,0.8,7.5,Amazonia,AM,0,0,1
25.4,69.0,7.6,0.0,30,338.9,18.0,65.0,0.8,1.8,Amazonia,AM,0,0,0
25.4,69.0,7.6,0.0,30,346.1,18.0,65.0,0.8,11.9,Amazonia,AM,0,0,0
25.4,69.0,7.6,0.0,30,347.1,7.0,65.0,0.8,11.2,Amazonia,AM,0,0,0
25.4,69.0,7.6,0.0,30,343.0,5.5,65.0,0.8,14.2,Amazonia,AM,0,0,0
25.4,69.0,7.6,0.0,30,332.2,3.0,65.0,0.8,7.3,Amazonia,AM,0,0,0
25.4,69.0,7.6,0.0,30,339.1,3.0,65.0,0.8,19.5,Amazonia,AM,0,0,1
25.4,69.0,7.6,0.0,30,330.0,3.0,65.0,0.8,8.1,Amazonia,AM,0,0,0
25.4,69.0,7.6,0.0,30,329.4,4.5,65.0,0.8,5.6,Amazonia,AM,0,0,0
25.4,69.0,7.6,0.0,30,334.2,6.2,65.0,0.8,5.0,Amazonia,AM,0,0,0
25.4,69.0,7.6,0.0,30,330.0,2.3,65.0,0.8,1.3,Amazonia,AM,0,0,1
25.4,69.0,7.6,0.0,30,338.9,4.6,65.0,0.8,17.7,Amazonia,AM,0,0,0
25.4,69.0,7.6,0.0,30,338.9,4.6,65.0,0.8,16.9,Amazonia,AM,0,0,1
25.4,69.0,7.6,0.0,30,334.3,5.1,65.0,0.8,13.0,Amazonia,AM,0,0,0
25.4,69.0,7.6,0.0,30,334.6,2.9,65.0,0.8,5.5,Amazonia,AM,0,0,1
25.4,69.0,7.6,0.0,30,329.4,2.9,65.0,0.8,19.1,Amazonia,AM,0,0,0
25.4,69.0,7.6,0.0,30,334.9,4.6,65.0,0.8,8.2,Amazonia,AM,0,0,0
25.4,69.0,7.6,0.0,30,330.3,2.9,65.0,0.8,8.7,Amazonia,AM,0,0,0
25.4,69.0,7.6,0.0,30,329.3,4.7,65.0,0.8,17.2,Amazonia,PA,0,0,0
25.4,69.0,7.6,0.0,30,329.0,0.2,65.0,0.8,13.3,Amazonia,PA,0,0,0
25.4,69.0,7.6,0.0,30,352.1,9.5,65.0,0.8,21.0,Amazonia,PA,0,0,0
25.4,69.0,7.6,0.0,30,337.6,10.9,65.0,0.8,11.2,Amazonia,PA,0,0,1
25.4,69.0,7.6,0.0,30,356.7,11.2,65.0,0.8,8.0,Amazonia,PA,0,0,0
25.4,69.0,7.6,0.0,30,356.6,10.5,65.0,0.8,6.9,Amazonia,AM,0,0,0
25.4,69.0,7.6,0.0,30,329.8,4.0,65.0,0.8,0.8,Amazonia,AM,0,0,0
25.4,69.0,7.6,0.0,30,334.3,4.0,65.0,0.8,8.6,Amazonia,AM,0,0,0
25.4,69.0,7.6,0.0,30,343.4,5.0,65.0,0.8,15.7,Amazonia,AM,0,0,0
25.4,69.0,7.6,0.0,30,334.3,2.9,65.0,0.8,13.0,Amazonia,AM,0,0,0
25.4,69.0,7.6,0.0,30,332.4,7.0,65.0,0.8,10.1,Amazonia,PA,0,0,1
25.4,69.0,7.6,0.0,30,348.0,14.6,65.0,0.8,5.0,Amazonia,PA,0,0,1
25.4,69.0,7.6,0.0,30,367.0,26.7,95.0,0.8,11.1,Amazonia,PA,0,0,1
25.4,69.0,7.6,0.0,30,367.0,29.6,95.0,0.8,15.1,Amazonia,PA,0,0,0
25.4,69.0,7.6,0.0,30,329.4,2.3,65.0,0.8,12.2,Amazonia,AM,0,0,0
25.4,69.0,7.6,0.0,30,330.3,2.2,65.0,0.8,10.8,Amazonia,AM,0,0,1
25.4,69.0,7.6,0.0,30,327.8,1.5,65.0,0.8,6.0,Amazonia,PA,0,0,0
25.4,69.0,7.6,0.0,30,331.0,2.6,65.0,0.8,14.3,Amazonia,PA,0,0,1
25.4,69.0,7.6,0.0,30,367.0,14.7,95.0,0.8,0.0,Amazonia,PA,0,0,1
25.4,69.0,7.6,0.0,30,349.0,5.2,65.0,0.8,11.9,Amazonia,PA,0,0,1
25.4,69.0,7.6,0.0,30,356.3,4.3,65.0,0.8,22.9,Amazonia,PA,0,0,1
25.4,69.0,7.6,0.0,30,344.8,5.2,65.0,0.8,2.5,Amazonia,PA,0,0,1
25.4,69.0,7.6,0.0,30,338.2,4.3,65.0,0.8,8.8,Amazonia,PA,0,0,0
25.4,69.0,7.6,0.0,30,330.6,3.3,65.0,0.8,10.0,Amazonia,PA,0,0,0
25.4,69.0,7.6,0.0,30,331.2,2.2,65.0,0.8,7.7,Amazonia,PA,0,0,0
25.4,69.0,7.6,0.0,30,332.0,5.8,65.0,0.8,15.2,Amazonia,AM,0,0,0
25.4,69.0,7.6,0.0,30,330.4,4.0,65.0,0.8,12.4,Amazonia,AM,0,0,1
25.4,69.0,7.6,0.0,30,340.7,5.3,65.0,0.8,10.8,Amazonia,PA,0,0,1
25.4,69.0,7.6,0.0,30,333.0,2.9,65.0,0.8,14.0,Amazonia,PA,0,0,0
25.4,69.0,7.6,0.0,30,327.4,2.9,65.0,0.8,10.1,Amazonia,PA,0,0,1
25.4,69.0,7.6,0.0,30,325.7,1.2,65.0,0.8,25.9,Amazonia,PA,0,0,0
25.4,69.0,7.6,0.0,30,335.4,11.7,65.0,0.5,10.8,Desconhecido,??,0,0,0
25.4,69.0,7.6,0.0,30,342.3,15.4,65.0,0.5,11.0,Desconhecido,??,0,0,1
25.4,69.0,7.6,0.0,30,367.0,16.4,95.0,0.5,1.4,Desconhecido,??,0,0,0
25.4,69.0,7.6,0.0,30,295.7,0.4,65.0,0.3,7.3,Caatinga,BA,0,0,0
25.4,69.0,7.6,0.0,30,301.2,0.9,65.0,0.3,15.7,Caatinga,BA,0,0,0
25.4,69.0,7.6,0.0,30,321.0,2.5,65.0,0.7,3.3,Mata Atlantica,BA,0,0,0
25.4,69.0,7.6,0.0,30,326.5,3.2,65.0,0.7,0.0,Mata Atlantica,BA,0,0,1
25.4,69.0,7.6,0.0,30,320.5,2.3,65.0,0.7,10.2,Mata Atlantica,BA,0,0,0
25.4,69.0,7.6,0.0,30,333.0,3.2,65.0,0.7,16.9,Mata Atlantica,BA,0,0,0
25.4,69.0,7.6,0.0,30,302.2,1.0,65.0,0.7,10.2,Mata Atlantica,BA,0,0,0
25.4,69.0,7.6,0.0,30,300.4,0.5,65.0,0.7,8.3,Mata Atlantica,TO,0,0,0
25.4,69.0,7.6,0.0,30,306.1,0.9,65.0,0.7,0.7,Mata Atlantica,TO,0,0,0
25.4,69.0,7.6,0.0,30,302.4,0.9,65.0,0.3,12.3,Caatinga,BA,0,0,1
25.4,69.0,7.6,0.0,30,316.5,8.5,65.0,0.7,13.3,Mata Atlantica,BA,0,0,0
25.4,69.0,7.6,0.0,30,367.0,8.5,95.0,0.7,1.1,Mata Atlantica,BA,0,0,0
25.4,69.0,7.6,0.0,30,367.0,15.0,95.0,0.7,15.7,Mata Atlantica,BA,0,0,0
25.4,69.0,7.6,0.0,30,321.1,3.6,65.0,0.7,13.8,Mata Atlantica,BA,0,0,0
25.4,69.0,7.6,0.0,30,367.0,3.6,95.0,0.7,15.7,Mata Atlantica,BA,0,0,0
25.4,69.0,7.6,0.0,30,301.7,0.6,65.0,0.3,12.9,Caatinga,BA,0,0,0
25.4,69.0,7.6,0.0,30,304.9,0.8,65.0,0.7,13.3,Mata Atlantica,BA,0,0,1
25.4,69.0,7.6,0.0,30,315.8,1.2,65.0,0.7,12.6,Mata Atlantica,BA,0,0,0
25.4,69.0,7.6,0.0,30,312.1,1.2,65.0,0.7,14.3,Mata Atlantica,BA,0,0,0
25.4,69.0,7.6,0.0,30,306.1,1.2,65.0,0.7,0.9,Mata Atlantica,BA,0,0,0
25.4,69.0,7.6,0.0,30,323.5,2.1,65.0,0.7,2.5,Mata Atlantica,TO,0,0,1
25.4,69.0,7.6,0.0,30,335.1,3.8,65.0,0.7,6.3,Mata Atlantica,TO,0,0,1
25.4,69.0,7.6,0.0,30,307.3,2.1,65.0,0.7,9.4,Mata Atlantica,TO,0,0,0
25.4,69.0,7.6,0.0,30,309.6,3.7,65.0,0.7,11.9,Mata Atlantica,TO,0,0,0
25.4,69.0,7.6,0.0,30,349.7,5.8,65.0,0.7,11.6,Mata Atlantica,TO,0,0,0
25.4,69.0,7.6,0.0,30,345.3,3.7,65.0,0.7,15.6,Mata Atlantica,TO,0,0,0
25.4,69.0,7.6,0.0,30,312.3,5.2,65.0,0.7,15.7,Mata Atlantica,TO,0,0,0
25.4,69.0,7.6,0.0,30,307.6,1.4,65.0,0.7,5.6,Mata Atlantica,TO,0,0,1
25.4,69.0,7.6,0.0,30,304.1,1.2,65.0,0.7,11.2,Mata Atlantica,TO,0,0,0
25.4,69.0,7.6,0.0,30,306.3,1.3,65.0,0.7,5.8,Mata Atlantica,TO,0,0,1
25.4,69.0,7.6,0.0,30,305.1,3.3,65.0,0.7,9.1,Mata Atlantica,TO,0,0,0
25.4,69.0,7.6,0.0,30,333.0,3.3,65.0,0.7,11.6,Mata Atlantica,TO,0,0,0
25.4,69.0,7.6,0.0,30,351.5,9.5,65.0,0.7,0.0,Mata Atlantica,TO,0,0,0
25.4,69.0,7.6,0.0,30,308.3,2.9,65.0,0.7,22.1,Mata Atlantica,TO,0,0,0
25.4,69.0,7.6,0.0,30,350.9,8.2,65.0,0.7,12.8,Mata Atlantica,TO,0,0,0
25.4,69.0,7.6,0.0,30,329.8,6.3,65.0,0.7,7.0,Mata Atlantica,TO,0,0,0
25.4,69.0,7.6,0.0,30,338.1,8.2,65.0,0.7,19.6,Mata Atlantica,TO,0,0,0
25.4,69.0,7.6,0.0,30,355.0,6.3,65.0,0.7,8.3,Mata Atlantica,TO,0,0,0
25.4,69.0,7.6,0.0,30,324.1,11.7,65.0,0.7,10.7,Mata Atlantica,TO,0,0,1
25.4,69.0,7.6,0.0,30,329.2,8.1,65.0,0.7,7.6,Mata Atlantica,TO,0,0,0
25.4,69.0,7.6,0.0,30,312.1,8.1,65.0,0.7,18.3,Mata Atlantica,TO,0,0,0
25.4,69.0,7.6,0.0,30,367.0,11.7,95.0,0.7,9.5,Mata Atlantica,TO,0,0,0
25.4,69.0,7.6,0.0,30,340.6,8.1,65.0,0.7,10.7,Mata Atlantica,TO,0,0,0
25.4,69.0,7.6,0.0,30,367.0,11.7,95.0,0.7,16.0,Mata Atlantica,TO,0,0,0
25.4,69.0,7.6,0.0,30,367.0,8.1,95.0,0.7,12.9,Mata Atlantica,TO,0,0,1
25.4,69.0,7.6,0.0,30,367.0,13.3,95.0,0.7,9.7,Mata Atlantica,TO,0,0,1
25.4,69.0,7.6,0.0,30,367.0,16.2,95.0,0.7,15.6,Mata Atlantica,TO,0,0,0
25.4,69.0,7.6,0.0,30,323.6,13.3,65.0,0.7,22.7,Mata Atlantica,TO,0,0,0
25.4,69.0,7.6,0.0,30,345.1,16.2,65.0,0.7,11.6,Mata Atlantica,TO,0,0,0
25.4,69.0,7.6,0.0,30,303.6,0.8,65.0,0.7,10.6,Mata Atlantica,TO,0,0,1
25.4,69.0,7.6,0.0,30,328.4,3.2,65.0,0.7,10.9,Mata Atlantica,TO,0,0,1
25.4,69.0,7.6,0.0,30,321.6,2.5,65.0,0.7,16.6,Mata Atlantica,TO,0,0,0
25.4,69.0,7.6,0.0,30,301.6,1.0,65.0,0.7,7.0,Mata Atlantica,TO,0,0,0
25.4,69.0,7.6,0.0,30,302.0,1.0,65.0,0.7,8.6,Mata Atlantica,TO,0,0,0
25.4,69.0,7.6,0.0,30,299.8,1.1,65.0,0.8,2.3,Amazonia,PA,0,0,1
25.4,69.0,7.6,0.0,30,301.7,1.1,65.0,0.8,4.1,Amazonia,PA,0,0,0
25.4,69.0,7.6,0.0,30,333.5,2.3,65.0,0.7,7.4,Mata Atlantica,BA,0,0,1
25.4,69.0,7.6,0.0,30,310.5,2.3,65.0,0.7,9.7,Mata Atlantica,BA,0,0,0
25.4,69.0,7.6,0.0,30,301.7,2.0,65.0,0.7,18.8,Mata Atlantica,BA,0,0,1
25.4,69.0,7.6,0.0,30,307.9,0.7,65.0,0.7,12.7,Mata Atlantica,GO,0,0,0
25.4,69.0,7.6,0.0,30,303.6,1.5,65.0,0.7,5.4,Mata Atlantica,GO,0,0,1
25.4,69.0,7.6,0.0,30,301.8,0.7,65.0,0.7,6.4,Mata Atlantica,GO,0,0,0
25.4,69.0,7.6,0.0,30,319.4,1.6,65.0,0.7,16.9,Mata Atlantica,GO,0,0,0
25.4,69.0,7.6,0.0,30,307.3,2.9,65.0,0.5,15.6,Cerrado,GO,0,0,0
25.4,69.0,7.6,0.0,30,304.3,2.5,65.0,0.5,10.1,Cerrado,GO,0,0,1
25.4,69.0,7.6,0.0,30,301.6,1.6,65.0,0.7,7.8,Mata Atlantica,BA,0,0,1
25.4,69.0,7.6,0.0,30,304.8,1.5,65.0,0.7,15.6,Mata Atlantica,GO,0,0,0
25.4,69.0,7.6,0.0,30,319.8,2.2,65.0,0.7,5.0,Mata Atlantica,GO,0,0,0
25.4,69.0,7.6,0.0,30,307.5,2.0,65.0,0.7,12.0,Mata Atlantica,GO,0,0,0
25.4,69.0,7.6,0.0,30,302.7,1.7,65.0,0.7,21.4,Mata Atlantica,GO,0,0,1
25.4,69.0,7.6,0.0,30,323.2,3.2,65.0,0.7,11.0,Mata Atlantica,GO,0,0,0
25.4,69.0,7.6,0.0,30,301.1,1.4,65.0,0.7,6.1,Mata Atlantica,TO,0,0,1
25.4,69.0,7.6,0.0,30,300.4,0.9,65.0,0.7,12.1,Mata Atlantica,BA,0,0,0
25.4,69.0,7.6,0.0,30,303.9,0.9,65.0,0.7,7.6,Mata Atlantica,BA,0,0,1
25.4,69.0,7.6,0.0,30,299.3,1.9,65.0,0.7,3.0,Mata Atlantica,BA,0,0,1
25.4,69.0,7.6,0.0,30,341.8,1.9,65.0,0.7,13.5,Mata Atlantica,BA,0,0,0
25.4,69.0,7.6,0.0,30,304.5,3.0,65.0,0.7,15.6,Mata Atlantica,BA,0,0,0
25.4,69.0,7.6,0.0,30,312.0,0.9,65.0,0.7,8.4,Mata Atlantica,BA,0,0,1
25.4,69.0,7.6,0.0,30,327.1,3.8,65.0,0.7,8.1,Mata Atlantica,BA,0,0,0
25.4,69.0,7.6,0.0,30,301.9,0.7,65.0,0.5,5.2,Cerrado,TO,0,0,1
25.4,69.0,7.6,0.0,30,299.8,0.7,65.0,0.5,9.3,Cerrado,TO,0,0,1
25.4,69.0,7.6,0.0,30,319.9,2.8,65.0,0.7,7.2,Mata Atlantica,TO,0,0,0
25.4,69.0,7.6,0.0,30,300.7,0.7,65.0,0.7,4.9,Mata Atlantica,TO,0,0,0
25.4,69.0,7.6,0.0,30,305.9,0.7,65.0,0.7,19.5,Mata Atlantica,TO,0,0,0
25.4,69.0,7.6,0.0,30,302.6,1.3,65.0,0.7,12.3,Mata Atlantica,TO,0,0,0
25.4,69.0,7.6,0.0,30,321.4,2.1,65.0,0.7,12.9,Mata Atlantica,TO,0,0,0
25.4,69.0,7.6,0.0,30,308.5,2.1,65.0,0.7,14.4,Mata Atlantica,TO,0,0,0
25.4,69.0,7.6,0.0,30,302.9,1.1,65.0,0.7,13.9,Mata Atlantica,TO,0,0,0
25.4,69.0,7.6,0.0,30,314.3,1.7,65.0,0.7,7.9,Mata Atlantica,TO,0,0,0
25.4,69.0,7.6,0.0,30,325.4,1.6,65.0,0.7,11.4,Mata Atlantica,TO,0,0,0
25.4,69.0,7.6,0.0,30,308.2,1.6,65.0,0.7,8.7,Mata Atlantica,TO,0,0,0
25.4,69.0,7.6,0.0,30,318.6,2.3,65.0,0.7,12.2,Mata Atlantica,TO,0,0,0
25.4,69.0,7.6,0.0,30,301.3,1.6,65.0,0.7,11.7,Mata Atlantica,TO,0,0,1
25.4,69.0,7.6,0.0,30,299.4,1.0,65.0,0.7,8.1,Mata Atlantica,??,0,0,0
25.4,69.0,7.6,0.0,30,315.8,1.0,65.0,0.7,3.4,Mata Atlantica,??,0,0,1
25.4,69.0,7.6,0.0,30,299.1,0.9,65.0,0.5,10.7,Desconhecido,SP,0,0,0
25.4,69.0,7.6,0.0,30,305.4,0.8,65.0,0.7,9.0,Mata Atlantica,??,0,0,0
25.4,69.0,7.6,0.0,30,320.1,1.3,65.0,0.7,0.5,Mata Atlantica,??,0,0,0
25.4,69.0,7.6,0.0,30,314.2,8.5,65.0,0.7,12.5,Mata Atlantica,??,0,0,0
25.4,69.0,7.6,0.0,30,331.8,8.5,65.0,0.7,14.8,Mata Atlantica,??,0,0,0
25.4,69.0,7.6,0.0,30,303.6,1.0,65.0,0.7,22.6,Mata Atlantica,SP,0,0,0
25.4,69.0,7.6,0.0,30,301.6,0.8,65.0,0.7,8.0,Mata Atlantica,SP,0,0,0
25.4,69.0,7.6,0.0,30,301.1,1.1,65.0,0.7,7.3,Mata Atlantica,SP,0,0,1
25.4,69.0,7.6,0.0,30,312.3,1.7,65.0,0.7,4.5,Mata Atlantica,??,0,0,1
25.4,69.0,7.6,0.0,30,305.0,1.7,65.0,0.7,11.0,Mata Atlantica,??,0,0,1
25.4,69.0,7.6,0.0,30,314.0,2.7,65.0,0.7,11.0,Mata Atlantica,??,0,0,1
25.4,69.0,7.6,0.0,30,309.0,2.7,65.0,0.7,5.9,Mata Atlantica,??,0,0,0
25.4,69.0,7.6,0.0,30,324.6,3.3,65.0,0.7,9.1,Mata Atlantica,??,0,0,0
25.4,69.0,7.6,0.0,30,331.8,2.7,65.0,0.7,0.1,Mata Atlantica,??,0,0,0
25.4,69.0,7.6,0.0,30,317.0,3.3,65.0,0.7,14.6,Mata Atlantica,??,0,0,0
25.4,69.0,7.6,0.0,30,317.8,1.8,65.0,0.7,6.1,Mata Atlantica,??,0,0,0
25.4,69.0,7.6,0.0,30,328.4,3.1,65.0,0.7,9.8,Mata Atlantica,MG,0,0,0
25.4,69.0,7.6,0.0,30,307.5,1.1,65.0,0.7,2.9,Mata Atlantica,MG,0,0,0
25.4,69.0,7.6,0.0,30,301.5,0.9,65.0,0.7,7.1,Mata Atlantica,MG,0,0,0
25.4,69.0,7.6,0.0,30,303.0,0.8,65.0,0.7,8.6,Mata Atlantica,MG,0,0,0
25.4,69.0,7.6,0.0,30,310.3,1.0,65.0,0.7,9.9,Mata Atlantica,MG,0,0,0
25.4,69.0,7.6,0.0,30,305.0,0.6,65.0,0.7,12.4,Mata Atlantica,MG,0,0,0
25.4,69.0,7.6,0.0,30,306.5,0.6,65.0,0.7,17.2,Mata Atlantica,MG,0,0,1
25.4,69.0,7.6,0.0,30,303.6,1.5,65.0,0.7,13.7,Mata Atlantica,MG,0,0,0
25.4,69.0,7.6,0.0,30,298.8,1.1,65.0,0.7,14.8,Mata Atlantica,MG,0,0,0
25.4,69.0,7.6,0.0,30,301.9,1.8,65.0,0.7,17.2,Mata Atlantica,MG,0,0,0
25.4,69.0,7.6,0.0,30,307.2,1.1,65.0,0.7,12.8,Mata Atlantica,MG,0,0,1
25.4,69.0,7.6,0.0,30,302.9,1.3,65.0,0.7,9.8,Mata Atlantica,MG,0,0,0
25.4,69.0,7.6,0.0,30,309.8,1.5,65.0,0.7,15.0,Mata Atlantica,MG,0,0,0
25.4,69.0,7.6,0.0,30,302.9,0.6,65.0,0.7,15.4,Mata Atlantica,MG,0,0,0
25.4,69.0,7.6,0.0,30,301.6,0.7,65.0,0.7,13.2,Mata Atlantica,MG,0,0,0
25.4,69.0,7.6,0.0,30,298.5,0.9,65.0,0.7,2.7,Mata Atlantica,MG,0,0,0
25.4,69.0,7.6,0.0,30,306.1,0.9,65.0,0.7,5.8,Mata Atlantica,MG,0,0,0
25.4,69.0,7.6,0.0,30,306.1,0.9,65.0,0.7,8.6,Mata Atlantica,MG,0,0,0
25.4,69.0,7.6,0.0,30,299.3,1.4,65.0,0.7,13.9,Mata Atlantica,MG,0,0,0
25.4,69.0,7.6,0.0,30,300.0,2.2,65.0,0.7,9.9,Mata Atlantica,MG,0,0,0
25.4,69.0,7.6,0.0,30,301.6,2.0,65.0,0.7,15.7,Mata Atlantica,MG,0,0,1
25.4,69.0,7.6,0.0,30,303.3,1.5,65.0,0.7,16.6,Mata Atlantica,MG,0,0,0
25.4,69.0,7.6,0.0,30,302.8,1.1,65.0,0.7,16.0,Mata Atlantica,MG,0,0,0
25.4,69.0,7.6,0.0,30,295.8,0.6,65.0,0.7,16.0,Mata Atlantica,MG,0,0,0
25.4,69.0,7.6,0.0,30,301.2,0.9,65.0,0.7,4.8,Mata Atlantica,MG,0,0,0
25.4,69.0,7.6,0.0,30,302.5,0.9,65.0,0.7,12.4,Mata Atlantica,MG,0,0,0
25.4,69.0,7.6,0.0,30,300.1,0.9,65.0,0.7,7.0,Mata Atlantica,MG,0,0,1
25.4,69.0,7.6,0.0,30,301.9,1.3,65.0,0.7,1.8,Mata Atlantica,MG,0,0,0
25.4,69.0,7.6,0.0,30,310.0,1.3,65.0,0.7,8.6,Mata Atlantica,MG,0,0,1
25.4,69.0,7.6,0.0,30,311.8,2.4,65.0,0.7,16.6,Mata Atlantica,MG,0,0,0
25.4,69.0,7.6,0.0,30,308.1,1.2,65.0,0.7,12.3,Mata Atlantica,MG,0,0,0
25.4,69.0,7.6,0.0,30,300.6,0.8,65.0,0.7,20.1,Mata Atlantica,GO,0,0,1
25.4,69.0,7.6,0.0,30,322.6,1.9,65.0,0.7,10.9,Mata Atlantica,GO,0,0,1
25.4,69.0,7.6,0.0,30,346.4,5.3,65.0,0.7,22.2,Mata Atlantica,GO,0,0,0
25.4,69.0,7.6,0.0,30,328.3,5.7,65.0,0.7,10.9,Mata Atlantica,GO,0,0,1
25.4,69.0,7.6,0.0,30,307.7,1.9,65.0,0.7,10.1,Mata Atlantica,GO,0,0,0
25.4,69.0,7.6,0.0,30,345.5,3.5,65.0,0.7,3.6,Mata Atlantica,GO,0,0,1
25.4,69.0,7.6,0.0,30,319.3,1.9,65.0,0.7,15.6,Mata Atlantica,GO,0,0,1
25.4,69.0,7.6,0.0,30,318.9,3.5,65.0,0.7,7.5,Mata Atlantica,GO,0,0,0
25.4,69.0,7.6,0.0,30,299.8,0.4,65.0,0.7,6.8,Mata Atlantica,GO,0,0,1
25.4,69.0,7.6,0.0,30,324.6,1.9,65.0,0.7,16.4,Mata Atlantica,GO,0,0,0
25.4,69.0,7.6,0.0,30,314.8,1.1,65.0,0.7,15.8,Mata Atlantica,GO,0,0,0
25.4,69.0,7.6,0.0,30,319.6,1.1,65.0,0.7,15.7,Mata Atlantica,GO,0,0,0
25.4,69.0,7.6,0.0,30,297.4,1.0,65.0,0.45,8.2,Pampa,RS,0,0,0
25.4,69.0,7.6,0.0,30,301.9,1.8,65.0,0.45,9.7,Pampa,RS,0,0,1
25.4,69.0,7.6,0.0,30,298.9,0.9,65.0,0.45,9.7,Pampa,RS,0,0,0
25.4,69.0,7.6,0.0,30,296.3,0.9,65.0,0.45,13.9,Pampa,RS,0,0,0
25.4,69.0,7.6,0.0,30,314.1,2.1,65.0,0.45,17.8,Pampa,RS,0,0,1
25.4,69.0,7.6,0.0,30,301.8,0.6,65.0,0.8,11.8,Amazonia,PA,0,0,1
25.4,69.0,7.6,0.0,30,307.2,1.3,65.0,0.8,19.9,Amazonia,PA,0,0,0
25.4,69.0,7.6,0.0,30,313.2,1.4,65.0,0.8,14.5,Amazonia,PA,0,0,0
25.4,69.0,7.6,0.0,30,305.1,1.4,65.0,0.8,8.8,Amazonia,PA,0,0,1
25.4,69.0,7.6,0.0,30,304.4,2.1,65.0,0.8,14.1,Amazonia,PA,0,0,0
25.4,69.0,7.6,0.0,30,322.9,3.1,65.0,0.8,18.5,Amazonia,PA,0,0,0
25.4,69.0,7.6,0.0,30,315.1,1.7,65.0,0.8,20.0,Amazonia,PA,0,0,0
25.4,69.0,7.6,0.0,30,367.0,8.9,95.0,0.8,15.9,Amazonia,PA,0,0,0
25.4,69.0,7.6,0.0,30,303.7,6.3,65.0,0.8,10.1,Amazonia,PA,0,0,0
25.4,69.0,7.6,0.0,30,306.4,1.2,65.0,0.8,8.9,Amazonia,PA,0,0,0
25.4,69.0,7.6,0.0,30,312.8,1.6,65.0,0.5,12.9,Cerrado,MT,0,0,0
25.4,69.0,7.6,0.0,30,318.6,3.0,65.0,0.5,18.4,Cerrado,MT,0,0,0
25.4,69.0,7.6,0.0,30,301.8,1.6,65.0,0.5,12.2,Cerrado,MT,0,0,0
25.4,69.0,7.6,0.0,30,304.7,0.9,65.0,0.5,12.3,Cerrado,MT,0,0,0
25.4,69.0,7.6,0.0,30,301.3,0.4,65.0,0.5,10.3,Cerrado,MT,0,0,1
25.4,69.0,7.6,0.0,30,300.0,0.4,65.0,0.5,8.4,Cerrado,MT,0,0,0
25.4,69.0,7.6,0.0,30,302.9,0.6,65.0,0.5,9.2,Cerrado,MT,0,0,0
25.4,69.0,7.6,0.0,30,315.5,1.1,65.0,0.5,10.7,Cerrado,MT,0,0,0
25.4,69.0,7.6,0.0,30,311.6,1.6,65.0,0.5,18.6,Cerrado,MT,0,0,0
25.4,69.0,7.6,0.0,30,315.1,2.7,65.0,0.5,8.8,Cerrado,MT,0,0,1
25.4,69.0,7.6,0.0,30,305.7,1.1,65.0,0.5,10.3,Cerrado,MT,0,0,0
25.4,69.0,7.6,0.0,30,301.7,0.4,65.0,0.5,5.7,Desconhecido,RO,0,0,1
25.4,69.0,7.6,0.0,30,305.3,1.4,65.0,0.5,13.6,Cerrado,MT,0,0,1
25.4,69.0,7.6,0.0,30,305.1,0.6,65.0,0.5,16.8,Cerrado,MT,0,0,0
25.4,69.0,7.6,0.0,30,301.8,0.7,65.0,0.5,18.1,Desconhecido,MT,0,0,0
25.4,69.0,7.6,0.0,30,314.0,2.0,65.0,0.5,11.0,Cerrado,MT,0,0,0
25.4,69.0,7.6,0.0,30,327.6,2.0,65.0,0.7,12.9,Mata Atlantica,BA,0,0,0
25.4,69.0,7.6,0.0,30,321.2,4.5,65.0,0.7,9.2,Mata Atlantica,BA,0,0,0
25.4,69.0,7.6,0.0,30,334.3,4.5,65.0,0.7,12.6,Mata Atlantica,BA,0,0,0
25.4,69.0,7.6,0.0,30,346.4,4.5,65.0,0.7,11.6,Mata Atlantica,BA,0,0,0
25.4,69.0,7.6,0.0,30,318.9,5.6,65.0,0.7,10.3,Mata Atlantica,BA,0,0,1
25.4,69.0,7.6,0.0,30,336.9,7.2,65.0,0.7,10.7,Mata Atlantica,BA,0,0,0
25.4,69.0,7.6,0.0,30,367.0,5.5,95.0,0.7,12.3,Mata Atlantica,BA,0,0,0
25.4,69.0,7.6,0.0,30,319.3,5.5,65.0,0.7,8.5,Mata Atlantica,BA,0,0,0
25.4,69.0,7.6,0.0,30,310.5,5.5,65.0,0.7,8.8,Mata Atlantica,BA,0,0,1
25.4,69.0,7.6,0.0,30,299.5,5.5,65.0,0.7,18.5,Mata Atlantica,BA,0,0,1
25.4,69.0,7.6,0.0,30,304.7,1.0,65.0,0.8,23.6,Amazonia,PA,0,0,1
25.4,69.0,7.6,0.0,30,300.8,1.0,65.0,0.8,4.0,Amazonia,PA,0,0,1
25.4,69.0,7.6,0.0,30,307.1,1.7,65.0,0.8,3.7,Amazonia,PA,0,0,0
25.4,69.0,7.6,0.0,30,301.8,0.7,65.0,0.8,5.2,Amazonia,PA,0,0,0
25.4,69.0,7.6,0.0,30,309.2,1.5,65.0,0.8,9.5,Amazonia,PA,0,0,1
25.4,69.0,7.6,0.0,30,301.2,0.7,65.0,0.8,14.5,Amazonia,PA,0,0,1
25.4,69.0,7.6,0.0,30,318.5,2.8,65.0,0.8,13.0,Amazonia,PA,0,0,0
25.4,69.0,7.6,0.0,30,328.9,2.8,65.0,0.8,10.9,Amazonia,PA,0,0,1
25.4,69.0,7.6,0.0,30,303.1,2.5,65.0,0.8,12.6,Amazonia,PA,0,0,0
25.4,69.0,7.6,0.0,30,311.4,1.7,65.0,0.8,6.5,Amazonia,PA,0,0,1
25.4,69.0,7.6,0.0,30,310.7,2.0,65.0,0.8,8.8,Amazonia,PA,0,0,1
25.4,69.0,7.6,0.0,30,367.0,7.7,95.0,0.7,9.9,Mata Atlantica,TO,0,0,0
25.4,69.0,7.6,0.0,30,320.5,5.5,65.0,0.7,2.1,Mata Atlantica,TO,0,0,0
25.4,69.0,7.6,0.0,30,335.4,8.6,65.0,0.7,4.2,Mata Atlantica,TO,0,0,0
25.4,69.0,7.6,0.0,30,367.0,8.6,95.0,0.7,4.4,Mata Atlantica,TO,0,0,0
25.4,69.0,7.6,0.0,30,299.2,6.9,65.0,0.7,13.8,Mata Atlantica,TO,0,0,0
25.4,69.0,7.6,0.0,30,331.4,7.7,65.0,0.7,11.2,Mata Atlantica,TO,0,0,1
25.4,69.0,7.6,0.0,30,298.7,5.5,65.0,0.7,13.1,Mata Atlantica,TO,0,0,0
25.4,69.0,7.6,0.0,30,306.5,3.2,65.0,0.8,0.8,Amazonia,PA,0,0,0
25.4,69.0,7.6,0.0,30,310.4,1.3,65.0,0.7,2.6,Mata Atlantica,MA,0,0,1
25.4,69.0,7.6,0.0,30,318.1,1.3,65.0,0.7,13.3,Mata Atlantica,MA,0,0,1
25.4,69.0,7.6,0.0,30,313.4,1.5,65.0,0.7,0.0,Mata Atlantica,MA,0,0,1
25.4,69.0,7.6,0.0,30,305.1,1.3,65.0,0.7,16.1,Mata Atlantica,MA,0,0,0
25.4,69.0,7.6,0.0,30,299.3,1.5,65.0,0.7,0.9,Mata Atlantica,MA,0,0,0
25.4,69.0,7.6,0.0,30,314.3,1.4,65.0,0.3,14.2,Caatinga,MA,0,0,0
25.4,69.0,7.6,0.0,30,305.2,1.4,65.0,0.3,5.6,Caatinga,MA,0,0,0
25.4,69.0,7.6,0.0,30,317.8,3.2,65.0,0.8,15.2,Amazonia,PA,0,0,1
25.4,69.0,7.6,0.0,30,323.4,5.2,65.0,0.8,26.0,Amazonia,PA,0,0,0
25.4,69.0,7.6,0.0,30,304.4,2.3,65.0,0.8,0.0,Amazonia,PA,0,0,1
25.4,69.0,7.6,0.0,30,342.3,5.6,65.0,0.8,13.5,Amazonia,PA,0,0,0
25.4,69.0,7.6,0.0,30,353.1,5.6,65.0,0.8,1.0,Amazonia,PA,0,0,0
25.4,69.0,7.6,0.0,30,321.4,3.2,65.0,0.8,12.1,Amazonia,PA,0,0,0
25.4,69.0,7.6,0.0,30,348.8,5.2,65.0,0.8,9.0,Amazonia,PA,0,0,0
25.4,69.0,7.6,0.0,30,319.2,5.2,65.0,0.8,10.6,Amazonia,PA,0,0,1
25.4,69.0,7.6,0.0,30,308.7,5.6,65.0,0.8,5.4,Amazonia,PA,0,0,0
25.4,69.0,7.6,0.0,30,299.7,5.4,65.0,0.8,13.9,Amazonia,PA,0,0,0
25.4,69.0,7.6,0.0,30,302.0,0.8,65.0,0.8,2.8,Amazonia,PA,0,0,1
25.4,69.0,7.6,0.0,30,300.4,0.8,65.0,0.8,16.2,Amazonia,PA,0,0,1
25.4,69.0,7.6,0.0,30,302.8,1.4,65.0,0.7,8.0,Mata Atlantica,MA,0,0,1
25.4,69.0,7.6,0.0,30,300.6,0.4,65.0,0.7,3.0,Mata Atlantica,MA,0,0,0
25.4,69.0,7.6,0.0,30,332.1,8.0,65.0,0.7,18.0,Mata Atlantica,MA,0,0,0
25.4,69.0,7.6,0.0,30,367.0,10.5,95.0,0.7,9.7,Mata Atlantica,MA,0,0,1
25.4,69.0,7.6,0.0,30,367.0,10.5,95.0,0.7,19.5,Mata Atlantica,MA,0,0,0
25.4,69.0,7.6,0.0,30,312.4,2.4,65.0,0.8,16.1,Amazonia,PA,0,0,0
25.4,69.0,7.6,0.0,30,316.4,3.9,65.0,0.8,6.0,Amazonia,PA,0,0,0
25.4,69.0,7.6,0.0,30,306.7,1.6,65.0,0.8,9.6,Amazonia,PA,0,0,0
25.4,69.0,7.6,0.0,30,304.0,0.6,65.0,0.7,10.6,Mata Atlantica,MA,0,0,0
25.4,69.0,7.6,0.0,30,302.4,0.6,65.0,0.7,17.6,Mata Atlantica,MA,0,0,0
25.4,69.0,7.6,0.0,30,305.4,0.6,65.0,0.7,12.2,Mata Atlantica,MA,0,0,0
25.4,69.0,7.6,0.0,30,306.0,0.6,65.0,0.7,10.9,Mata Atlantica,MA,0,0,0
25.4,69.0,7.6,0.0,30,322.0,3.8,65.0,0.7,9.0,Mata Atlantica,MA,0,0,1
25.4,69.0,7.6,0.0,30,320.3,1.9,65.0,0.7,9.7,Mata Atlantica,MA,0,0,0
25.4,69.0,7.6,0.0,30,331.2,2.8,65.0,0.7,16.5,Mata Atlantica,MA,0,0,0
25.4,69.0,7.6,0.0,30,332.9,3.2,65.0,0.7,10.0,Mata Atlantica,MA,0,0,0
25.4,69.0,7.6,0.0,30,312.5,2.8,65.0,0.7,8.0,Mata Atlantica,MA,0,0,0
25.4,69.0,7.6,0.0,30,315.6,3.2,65.0,0.7,7.2,Mata Atlantica,MA,0,0,0
25.4,69.0,7.6,0.0,30,344.9,3.8,65.0,0.7,7.2,Mata Atlantica,MA,0,0,0
25.4,69.0,7.6,0.0,30,342.4,3.2,65.0,0.7,3.0,Mata Atlantica,MA,0,0,0
25.4,69.0,7.6,0.0,30,328.9,3.2,65.0,0.7,6.2,Mata Atlantica,MA,0,0,0
25.4,69.0,7.6,0.0,30,318.5,3.2,65.0,0.7,17.5,Mata Atlantica,MA,0,0,0
25.4,69.0,7.6,0.0,30,303.8,0.9,65.0,0.3,9.0,Caatinga,MA,0,0,1
25.4,69.0,7.6,0.0,30,324.3,3.4,65.0,0.3,13.5,Caatinga,MA,0,0,1
25.4,69.0,7.6,0.0,30,319.6,4.0,65.0,0.3,0.0,Caatinga,MA,0,0,0
25.4,69.0,7.6,0.0,30,324.3,1.9,65.0,0.7,12.8,Mata Atlantica,MA,0,0,1
25.4,69.0,7.6,0.0,30,334.7,1.7,65.0,0.7,9.2,Mata Atlantica,MA,0,0,0
25.4,69.0,7.6,0.0,30,327.2,1.7,65.0,0.7,7.6,Mata Atlantica,MA,0,0,0
25.4,69.0,7.6,0.0,30,305.4,1.7,65.0,0.7,10.9,Mata Atlantica,MA,0,0,0
25.4,69.0,7.6,0.0,30,307.6,1.7,65.0,0.7,7.5,Mata Atlantica,MA,0,0,0
25.4,69.0,7.6,0.0,30,302.7,1.8,65.0,0.3,0.0,Caatinga,MA,0,0,1
25.4,69.0,7.6,0.0,30,339.1,4.6,65.0,0.3,14.6,Caatinga,MA,0,0,0
25.4,69.0,7.6,0.0,30,347.1,5.8,65.0,0.3,11.2,Caatinga,MA,0,0,0
25.4,69.0,7.6,0.0,30,367.0,5.8,95.0,0.3,8.4,Caatinga,MA,0,0,0
25.4,69.0,7.6,0.0,30,314.0,1.8,65.0,0.3,5.2,Caatinga,MA,0,0,1
25.4,69.0,7.6,0.0,30,367.0,4.6,95.0,0.3,2.7,Caatinga,MA,0,0,0
25.4,69.0,7.6,0.0,30,313.6,4.6,65.0,0.3,11.1,Caatinga,MA,0,0,1
25.4,69.0,7.6,0.0,30,300.5,0.6,65.0,0.7,18.1,Mata Atlantica,MA,0,0,0
25.4,69.0,7.6,0.0,30,335.6,4.7,65.0,0.7,11.0,Mata Atlantica,MA,0,0,0
25.4,69.0,7.6,0.0,30,350.8,3.7,65.0,0.7,3.1,Mata Atlantica,MA,0,0,1
25.4,69.0,7.6,0.0,30,338.7,6.9,65.0,0.7,11.1,Mata Atlantica,MA,0,0,0
25.4,69.0,7.6,0.0,30,320.7,6.1,65.0,0.7,9.7,Mata Atlantica,MA,0,0,0
25.4,69.0,7.6,0.0,30,320.7,1.6,65.0,0.7,14.3,Mata Atlantica,MA,0,0,0
25.4,69.0,7.6,0.0,30,324.4,3.7,65.0,0.7,13.0,Mata Atlantica,MA,0,0,1
25.4,69.0,7.6,0.0,30,302.9,1.7,65.0,0.7,0.0,Mata Atlantica,MA,0,0,0
25.4,69.0,7.6,0.0,30,301.2,3.4,65.0,0.7,12.7,Mata Atlantica,MA,0,0,0
25.4,69.0,7.6,0.0,30,327.9,3.4,65.0,0.7,5.0,Mata Atlantica,MA,0,0,0
25.4,69.0,7.6,0.0,30,349.2,3.4,65.0,0.7,2.9,Mata Atlantica,MA,0,0,1
25.4,69.0,7.6,0.0,30,367.0,8.1,95.0,0.7,9.1,Mata Atlantica,MA,0,0,0
25.4,69.0,7.6,0.0,30,310.9,8.1,65.0,0.7,12.1,Mata Atlantica,MA,0,0,0
25.4,69.0,7.6,0.0,30,309.8,0.8,65.0,0.7,1.8,Mata Atlantica,MA,0,0,0
25.4,69.0,7.6,0.0,30,347.7,11.3,65.0,0.3,13.5,Caatinga,MA,0,0,0
25.4,69.0,7.6,0.0,30,336.3,5.7,65.0,0.3,13.8,Caatinga,MA,0,0,0
25.4,69.0,7.6,0.0,30,315.6,2.5,65.0,0.3,10.2,Caatinga,MA,0,0,0
25.4,69.0,7.6,0.0,30,310.6,1.8,65.0,0.3,5.7,Caatinga,MA,0,0,1
25.4,69.0,7.6,0.0,30,316.8,1.4,65.0,0.5,5.1,Cerrado,MA,0,0,0
25.4,69.0,7.6,0.0,30,301.5,0.4,65.0,0.5,15.1,Cerrado,MA,0,0,1
25.4,69.0,7.6,0.0,30,301.2,0.4,65.0,0.5,2.4,Cerrado,MA,0,0,1
25.4,69.0,7.6,0.0,30,342.5,12.7,65.0,0.7,15.3,Mata Atlantica,BA,0,0,0
25.4,69.0,7.6,0.0,30,355.3,19.0,65.0,0.7,9.2,Mata Atlantica,BA,0,0,1
25.4,69.0,7.6,0.0,30,353.3,12.7,65.0,0.7,9.5,Mata Atlantica,BA,0,0,0
25.4,69.0,7.6,0.0,30,355.3,25.5,65.0,0.7,1.5,Mata Atlantica,BA,0,0,1
25.4,69.0,7.6,0.0,30,329.8,26.7,65.0,0.7,9.3,Mata Atlantica,BA,0,0,0
25.4,69.0,7.6,0.0,30,301.0,25.5,65.0,0.7,13.1,Mata Atlantica,BA,0,0,0
25.4,69.0,7.6,0.0,30,333.2,12.7,65.0,0.7,3.3,Mata Atlantica,BA,0,0,0
25.4,69.0,7.6,0.0,30,344.6,12.7,65.0,0.7,12.5,Mata Atlantica,BA,0,0,1
25.4,69.0,7.6,0.0,30,340.4,26.7,65.0,0.7,10.4,Mata Atlantica,BA,0,0,1
25.4,69.0,7.6,0.0,30,297.4,0.8,65.0,0.7,6.8,Mata Atlantica,BA,0,0,0
25.4,69.0,7.6,0.0,30,297.8,1.0,65.0,0.7,14.3,Mata Atlantica,BA,0,0,0
25.4,69.0,7.6,0.0,30,306.2,1.7,65.0,0.7,0.0,Mata Atlantica,BA,0,0,1
25.4,69.0,7.6,0.0,30,304.1,1.2,65.0,0.3,11.7,Caatinga,BA,0,0,0
25.4,69.0,7.6,0.0,30,305.5,0.9,65.0,0.7,18.1,Mata Atlantica,GO,0,0,1
25.4,69.0,7.6,0.0,30,304.7,0.9,65.0,0.7,17.2,Mata Atlantica,GO,0,0,0
25.4,69.0,7.6,0.0,30,305.5,0.9,65.0,0.7,11.9,Mata Atlantica,GO,0,0,1
25.4,69.0,7.6,0.0,30,304.3,0.9,65.0,0.7,8.5,Mata Atlantica,GO,0,0,1
25.4,69.0,7.6,0.0,30,312.5,3.1,65.0,0.7,6.8,Mata Atlantica,BA,0,0,0
25.4,69.0,7.6,0.0,30,311.6,2.0,65.0,0.7,8.5,Mata Atlantica,BA,0,0,0
25.4,69.0,7.6,0.0,30,307.8,3.1,65.0,0.7,12.7,Mata Atlantica,BA,0,0,1
25.4,69.0,7.6,0.0,30,303.5,1.9,65.0,0.7,6.0,Mata Atlantica,BA,0,0,0
25.4,69.0,7.6,0.0,30,331.6,6.4,65.0,0.5,13.8,Cerrado,MS,0,0,1
25.4,69.0,7.6,0.0,30,340.1,6.6,65.0,0.5,20.7,Desconhecido,??,0,0,0
25.4,69.0,7.6,0.0,30,334.1,3.6,65.0,0.5,9.7,Cerrado,MS,0,0,1
25.4,69.0,7.6,0.0,30,339.9,5.7,65.0,0.5,3.3,Cerrado,MS,0,0,1
25.4,69.0,7.6,0.0,30,332.4,3.3,65.0,0.5,3.3,Cerrado,MS,0,0,0
25.4,69.0,7.6,0.0,30,328.2,0.5,65.0,0.7,13.9,Mata Atlantica,MG,0,0,0
25.4,69.0,7.6,0.0,30,343.5,15.6,65.0,0.5,9.7,Cerrado,MS,0,0,0
25.4,69.0,7.6,0.0,30,340.7,5.1,65.0,0.5,14.4,Cerrado,MS,0,0,0
25.4,69.0,7.6,0.0,30,342.1,5.1,65.0,0.5,7.3,Cerrado,MS,0,0,0
25.4,69.0,7.6,0.0,30,331.1,2.6,65.0,0.5,14.2,Cerrado,MS,0,0,0
25.4,69.0,7.6,0.0,30,330.9,2.6,65.0,0.5,9.2,Cerrado,MS,0,0,1
25.4,69.0,7.6,0.0,30,329.7,3.8,65.0,0.7,6.3,Mata Atlantica,MG,0,0,1
25.4,69.0,7.6,0.0,30,345.3,5.4,65.0,0.5,8.0,Cerrado,MS,0,0,0
25.4,69.0,7.6,0.0,30,344.7,6.6,65.0,0.7,4.0,Mata Atlantica,MG,0,0,1
25.4,69.0,7.6,0.0,30,343.1,6.0,65.0,0.7,19.9,Mata Atlantica,MG,0,0,0
25.4,69.0,7.6,0.0,30,326.1,0.3,65.0,0.7,9.5,Mata Atlantica,MG,0,0,0
25.4,69.0,7.6,0.0,30,338.0,5.3,65.0,0.6,13.2,Pantanal,MS,0,0,1
25.4,69.0,7.6,0.0,30,337.0,5.3,65.0,0.6,7.3,Pantanal,MS,0,0,0
25.4,69.0,7.6,0.0,30,331.5,3.0,65.0,0.5,4.7,Cerrado,MG,0,0,0
25.4,69.0,7.6,0.0,30,326.4,3.0,65.0,0.5,8.8,Cerrado,MG,0,0,0
25.4,69.0,7.6,0.0,30,339.3,4.8,65.0,0.5,15.5,Desconhecido,??,0,0,0
25.4,69.0,7.6,0.0,30,367.0,12.7,95.0,0.7,7.4,Mata Atlantica,MG,0,0,0
25.4,69.0,7.6,0.0,30,339.9,14.7,65.0,0.7,5.6,Mata Atlantica,MG,0,0,0
25.4,69.0,7.6,0.0,30,349.5,12.7,65.0,0.7,10.8,Mata Atlantica,MG,0,0,0
25.4,69.0,7.6,0.0,30,367.0,14.7,95.0,0.7,12.5,Mata Atlantica,MG,0,0,1
25.4,69.0,7.6,0.0,30,341.5,24.8,65.0,0.5,18.2,Cerrado,??,0,0,1
25.4,69.0,7.6,0.0,30,351.3,24.8,65.0,0.5,11.8,Cerrado,??,0,0,1
25.4,69.0,7.6,0.0,30,333.0,24.8,65.0,0.5,13.2,Cerrado,??,0,0,1
25.4,69.0,7.6,0.0,30,349.3,24.8,65.0,0.5,13.6,Cerrado,??,0,0,1
25.4,69.0,7.6,0.0,30,333.6,5.7,65.0,0.5,4.2,Cerrado,??,0,0,1
25.4,69.0,7.6,0.0,30,329.4,4.5,65.0,0.5,5.2,Cerrado,??,0,0,0
25.4,69.0,7.6,0.0,30,335.1,18.1,65.0,0.5,4.6,Cerrado,??,0,0,0
25.4,69.0,7.6,0.0,30,331.6,3.7,65.0,0.7,3.3,Mata Atlantica,MG,0,0,0
25.4,69.0,7.6,0.0,30,332.2,2.6,65.0,0.5,14.0,Cerrado,MS,0,0,0
25.4,69.0,7.6,0.0,30,334.8,14.6,65.0,0.5,11.5,Cerrado,MS,0,0,0
25.4,69.0,7.6,0.0,30,348.1,14.6,65.0,0.5,10.4,Cerrado,MS,0,0,0
25.4,69.0,7.6,0.0,30,327.0,1.0,65.0,0.7,0.0,Mata Atlantica,MG,0,0,0
25.4,69.0,7.6,0.0,30,348.2,4.6,65.0,0.5,20.3,Cerrado,MG,0,0,0
25.4,69.0,7.6,0.0,30,334.9,9.0,65.0,0.7,5.5,Mata Atlantica,MG,0,0,0
25.4,69.0,7.6,0.0,30,337.8,3.9,65.0,0.5,20.3,Cerrado,MG,0,0,1
25.4,69.0,7.6,0.0,30,346.3,4.8,65.0,0.7,2.8,Mata Atlantica,MG,0,0,1
25.4,69.0,7.6,0.0,30,353.5,9.2,65.0,0.7,5.9,Mata Atlantica,MG,0,0,0
25.4,69.0,7.6,0.0,30,329.0,4.8,65.0,0.7,0.0,Mata Atlantica,MG,0,0,0
25.4,69.0,7.6,0.0,30,330.1,2.0,65.0,0.7,11.8,Mata Atlantica,MG,0,0,0
25.4,69.0,7.6,0.0,30,341.0,3.1,65.0,0.7,4.5,Mata Atlantica,MG,0,0,0
25.4,69.0,7.6,0.0,30,367.0,13.1,95.0,0.7,4.6,Mata Atlantica,GO,0,0,0
25.4,69.0,7.6,0.0,30,347.4,4.1,65.0,0.5,3.1,Desconhecido,??,0,0,1
25.4,69.0,7.6,0.0,30,333.3,5.8,65.0,0.5,13.9,Desconhecido,??,0,0,0
25.4,69.0,7.6,0.0,30,345.4,5.8,65.0,0.5,13.6,Desconhecido,??,0,0,0
25.4,69.0,7.6,0.0,30,339.0,5.5,65.0,0.5,19.1,Desconhecido,??,0,0,0
25.4,69.0,7.6,0.0,30,335.0,5.5,65.0,0.5,6.6,Desconhecido,??,0,0,0
25.4,69.0,7.6,0.0,30,338.9,2.5,65.0,0.5,11.1,Desconhecido,??,0,0,0
25.4,69.0,7.6,0.0,30,345.3,4.9,65.0,0.5,3.6,Desconhecido,??,0,0,1
25.4,69.0,7.6,0.0,30,347.4,4.2,65.0,0.5,8.3,Desconhecido,??,0,0,0
25.4,69.0,7.6,0.0,30,328.8,4.2,65.0,0.5,7.4,Desconhecido,??,0,0,0
25.4,69.0,7.6,0.0,30,335.5,7.3,65.0,0.5,12.3,Desconhecido,??,0,0,0
25.4,69.0,7.6,0.0,30,351.1,5.6,65.0,0.5,15.1,Desconhecido,??,0,0,0
25.4,69.0,7.6,0.0,30,367.0,5.6,95.0,0.5,15.0,Desconhecido,??,0,0,1
25.4,69.0,7.6,0.0,30,336.5,6.1,65.0,0.5,5.8,Desconhecido,??,0,0,1
25.4,69.0,7.6,0.0,30,331.8,5.6,65.0,0.5,15.0,Desconhecido,??,0,0,0
25.4,69.0,7.6,0.0,30,337.3,5.0,65.0,0.5,9.8,Desconhecido,??,0,0,1
25.4,69.0,7.6,0.0,30,342.5,3.2,65.0,0.5,8.4,Desconhecido,??,0,0,0
25.4,69.0,7.6,0.0,30,340.0,4.0,65.0,0.5,6.5,Desconhecido,??,0,0,1
25.4,69.0,7.6,0.0,30,330.5,4.0,65.0,0.5,7.2,Desconhecido,??,0,0,0
25.4,69.0,7.6,0.0,30,338.0,5.5,65.0,0.5,18.7,Desconhecido,??,0,0,0
25.4,69.0,7.6,0.0,30,356.5,5.5,65.0,0.5,11.5,Desconhecido,??,0,0,1
25.4,69.0,7.6,0.0,30,353.3,6.3,65.0,0.5,10.9,Desconhecido,??,0,0,1
25.4,69.0,7.6,0.0,30,339.9,4.3,65.0,0.5,8.7,Desconhecido,??,0,0,1
25.4,69.0,7.6,0.0,30,340.4,7.9,65.0,0.5,22.2,Desconhecido,??,0,0,0
25.4,69.0,7.6,0.0,30,329.6,1.7,65.0,0.6,16.5,Pantanal,MS,0,0,0
25.4,69.0,7.6,0.0,30,333.1,4.1,65.0,0.6,6.4,Pantanal,MS,0,0,0
25.4,69.0,7.6,0.0,30,348.7,10.3,65.0,0.5,8.6,Desconhecido,??,0,0,0
25.4,69.0,7.6,0.0,30,347.6,10.3,65.0,0.5,8.9,Desconhecido,??,0,0,0
25.4,69.0,7.6,0.0,30,330.4,4.2,65.0,0.6,10.7,Pantanal,MS,0,0,0
25.4,69.0,7.6,0.0,30,332.7,3.3,65.0,0.6,6.5,Pantanal,MS,0,0,1
25.4,69.0,7.6,0.0,30,343.4,7.2,65.0,0.6,12.2,Pantanal,MS,0,0,0
25.4,69.0,7.6,0.0,30,338.1,3.9,65.0,0.6,17.3,Pantanal,MS,0,0,0
25.4,69.0,7.6,0.0,30,341.4,4.2,65.0,0.6,3.4,Pantanal,MS,0,0,0
25.4,69.0,7.6,0.0,30,331.3,2.1,65.0,0.5,4.4,Desconhecido,??,0,0,1
25.4,69.0,7.6,0.0,30,331.4,2.7,65.0,0.5,7.6,Cerrado,??,0,0,0
25.4,69.0,7.6,0.0,30,333.5,2.7,65.0,0.5,7.8,Cerrado,??,0,0,1
25.4,69.0,7.6,0.0,30,347.1,10.2,65.0,0.5,20.0,Cerrado,??,0,0,1
25.4,69.0,7.6,0.0,30,335.9,4.1,65.0,0.5,15.0,Cerrado,??,0,0,1
25.4,69.0,7.6,0.0,30,348.0,17.1,65.0,0.5,14.7,Cerrado,??,0,0,1
25.4,69.0,7.6,0.0,30,351.7,17.1,65.0,0.5,8.7,Cerrado,??,0,0,0
25.4,69.0,7.6,0.0,30,340.8,9.3,65.0,0.5,8.6,Cerrado,??,0,0,0
25.4,69.0,7.6,0.0,30,356.2,17.1,65.0,0.5,2.7,Cerrado,??,0,0,0
25.4,69.0,7.6,0.0,30,356.1,17.1,65.0,0.5,13.9,Cerrado,??,0,0,0
25.4,69.0,7.6,0.0,30,338.9,7.8,65.0,0.5,12.5,Cerrado,??,0,0,1
25.4,69.0,7.6,0.0,30,357.2,20.0,65.0,0.5,16.4,Cerrado,??,0,0,0
25.4,69.0,7.6,0.0,30,367.0,20.0,95.0,0.5,8.9,Cerrado,??,0,0,1
25.4,69.0,7.6,0.0,30,340.9,13.4,65.0,0.5,9.3,Desconhecido,??,0,0,0
25.4,69.0,7.6,0.0,30,331.9,3.8,65.0,0.5,10.9,Cerrado,??,0,0,0
25.4,69.0,7.6,0.0,30,331.7,3.8,65.0,0.5,14.5,Cerrado,??,0,0,0
25.4,69.0,7.6,0.0,30,331.0,5.1,65.0,0.5,2.6,Cerrado,??,0,0,1
25.4,69.0,7.6,0.0,30,334.7,4.0,65.0,0.5,13.7,Cerrado,??,0,0,1
25.4,69.0,7.6,0.0,30,367.0,9.8,95.0,0.5,9.9,Cerrado,??,0,0,1
25.4,69.0,7.6,0.0,30,354.0,9.8,65.0,0.5,4.7,Cerrado,??,0,0,0
25.4,69.0,7.6,0.0,30,352.9,7.5,65.0,0.5,0.0,Cerrado,??,0,0,0
25.4,69.0,7.6,0.0,30,325.4,2.4,65.0,0.7,9.3,Mata Atlantica,GO,0,0,0
25.4,69.0,7.6,0.0,30,332.8,5.0,65.0,0.5,17.2,Cerrado,??,0,0,1
25.4,69.0,7.6,0.0,30,329.4,2.7,65.0,0.5,18.4,Desconhecido,??,0,0,0
25.4,69.0,7.6,0.0,30,330.4,2.1,65.0,0.5,11.8,Desconhecido,??,0,0,0
25.4,69.0,7.6,0.0,30,331.9,2.5,65.0,0.5,19.8,Desconhecido,??,0,0,0
25.4,69.0,7.6,0.0,30,343.6,3.7,65.0,0.5,9.8,Cerrado,??,0,0,0
25.4,69.0,7.6,0.0,30,332.0,3.7,65.0,0.5,14.8,Cerrado,??,0,0,0
25.4,69.0,7.6,0.0,30,335.5,3.7,65.0,0.5,7.7,Cerrado,??,0,0,1
25.4,69.0,7.6,0.0,30,331.8,2.9,65.0,0.5,7.4,Cerrado,??,0,0,0
25.4,69.0,7.6,0.0,30,326.2,2.7,65.0,0.5,6.6,Desconhecido,??,0,0,0
25.4,69.0,7.6,0.0,30,331.6,4.8,65.0,0.5,0.0,Cerrado,??,0,0,1
25.4,69.0,7.6,0.0,30,326.8,3.1,65.0,0.5,16.4,Cerrado,??,0,0,0
25.4,69.0,7.6,0.0,30,349.6,7.2,65.0,0.5,6.8,Cerrado,??,0,0,0
25.4,69.0,7.6,0.0,30,330.0,2.7,65.0,0.5,6.0,Cerrado,??,0,0,1
25.4,69.0,7.6,0.0,30,353.7,7.7,65.0,0.5,4.1,Cerrado,??,0,0,0
25.4,69.0,7.6,0.0,30,331.3,2.3,65.0,0.5,9.0,Desconhecido,??,0,0,0
25.4,69.0,7.6,0.0,30,349.4,7.0,65.0,0.5,18.8,Desconhecido,??,0,0,0
25.4,69.0,7.6,0.0,30,331.7,7.0,65.0,0.5,20.5,Desconhecido,??,0,0,0
25.4,69.0,7.6,0.0,30,342.5,3.3,65.0,0.5,1.7,Desconhecido,MT,0,0,0
25.4,69.0,7.6,0.0,30,328.6,2.6,65.0,0.5,8.2,Desconhecido,MT,0,0,0
25.4,69.0,7.6,0.0,30,340.9,15.5,65.0,0.5,4.8,Cerrado,MT,0,0,0
25.4,69.0,7.6,0.0,30,346.7,6.1,65.0,0.5,14.9,Desconhecido,MT,0,0,1
25.4,69.0,7.6,0.0,30,345.2,6.1,65.0,0.5,11.4,Desconhecido,MT,0,0,1
25.4,69.0,7.6,0.0,30,339.1,7.3,65.0,0.5,6.8,Desconhecido,MT,0,0,0
25.4,69.0,7.6,0.0,30,346.8,7.3,65.0,0.5,10.4,Desconhecido,MT,0,0,1
25.4,69.0,7.6,0.0,30,337.3,7.3,65.0,0.5,7.6,Desconhecido,??,0,0,0
25.4,69.0,7.6,0.0,30,344.4,7.3,65.0,0.5,18.1,Desconhecido,MT,0,0,0
25.4,69.0,7.6,0.0,30,327.7,33.0,65.0,0.5,12.7,Cerrado,MT,0,0,0
25.4,69.0,7.6,0.0,30,351.7,33.0,65.0,0.5,13.3,Cerrado,MT,0,0,1
25.4,69.0,7.6,0.0,30,332.3,10.7,65.0,0.5,0.0,Cerrado,MT,0,0,0
25.4,69.0,7.6,0.0,30,342.4,33.0,65.0,0.5,9.7,Cerrado,MT,0,0,1
25.4,69.0,7.6,0.0,30,341.9,33.0,65.0,0.5,20.4,Cerrado,MT,0,0,1
25.4,69.0,7.6,0.0,30,337.7,10.7,65.0,0.5,16.6,Cerrado,MT,0,0,0
25.4,69.0,7.6,0.0,30,339.8,10.7,65.0,0.5,0.8,Cerrado,MT,0,0,1
25.4,69.0,7.6,0.0,30,355.2,20.2,65.0,0.5,8.4,Cerrado,MT,0,0,1
25.4,69.0,7.6,0.0,30,351.3,16.0,65.0,0.5,4.0,Cerrado,MT,0,0,1
25.4,69.0,7.6,0.0,30,354.3,16.0,65.0,0.5,18.6,Cerrado,MT,0,0,0
25.4,69.0,7.6,0.0,30,331.9,16.0,65.0,0.5,11.2,Cerrado,MT,0,0,0
25.4,69.0,7.6,0.0,30,334.0,16.0,65.0,0.5,6.2,Cerrado,MT,0,0,1
25.4,69.0,7.6,0.0,30,352.4,6.7,65.0,0.5,10.2,Cerrado,MT,0,0,0
25.4,69.0,7.6,0.0,30,343.1,6.7,65.0,0.5,0.0,Cerrado,MT,0,0,1
25.4,69.0,7.6,0.0,30,328.7,19.7,65.0,0.5,4.6,Cerrado,MT,0,0,1
25.4,69.0,7.6,0.0,30,343.5,19.7,65.0,0.5,10.2,Cerrado,MT,0,0,0
25.4,69.0,7.6,0.0,30,328.3,9.3,65.0,0.5,14.2,Cerrado,MT,0,0,1
25.4,69.0,7.6,0.0,30,348.2,11.6,65.0,0.5,0.3,Cerrado,MT,0,0,0
25.4,69.0,7.6,0.0,30,354.3,11.6,65.0,0.5,8.1,Cerrado,MT,0,0,0
25.4,69.0,7.6,0.0,30,348.4,13.7,65.0,0.5,15.0,Cerrado,MT,0,0,1
25.4,69.0,7.6,0.0,30,350.3,15.5,65.0,0.5,2.7,Cerrado,MT,0,0,1
25.4,69.0,7.6,0.0,30,336.7,11.6,65.0,0.5,11.1,Cerrado,MT,0,0,1
25.4,69.0,7.6,0.0,30,367.0,11.6,95.0,0.5,10.3,Cerrado,MT,0,0,0
25.4,69.0,7.6,0.0,30,344.9,13.7,65.0,0.5,18.6,Cerrado,MT,0,0,0
25.4,69.0,7.6,0.0,30,367.0,13.7,95.0,0.5,8.8,Cerrado,MT,0,0,0
25.4,69.0,7.6,0.0,30,353.5,15.5,65.0,0.5,9.1,Cerrado,MT,0,0,0
25.4,69.0,7.6,0.0,30,337.1,15.5,65.0,0.5,14.3,Cerrado,MT,0,0,0
25.4,69.0,7.6,0.0,30,333.1,3.9,65.0,0.5,3.4,Cerrado,MT,0,0,1
25.4,69.0,7.6,0.0,30,354.2,3.9,65.0,0.5,8.9,Cerrado,MT,0,0,0
25.4,69.0,7.6,0.0,30,367.0,19.2,95.0,0.5,7.7,Cerrado,MT,0,0,1
25.4,69.0,7.6,0.0,30,355.4,19.2,65.0,0.5,9.3,Cerrado,MT,0,0,0
25.4,69.0,7.6,0.0,30,349.0,43.9,65.0,0.5,14.2,Cerrado,MT,0,0,1
25.4,69.0,7.6,0.0,30,328.9,3.9,65.0,0.5,12.8,Cerrado,MT,0,0,0
25.4,69.0,7.6,0.0,30,338.6,5.0,65.0,0.5,6.3,Cerrado,MT,0,0,0
25.4,69.0,7.6,0.0,30,329.8,3.0,65.0,0.5,10.7,Desconhecido,??,0,0,0
25.4,69.0,7.6,0.0,30,343.8,16.6,65.0,0.5,17.5,Cerrado,MT,0,0,1
25.4,69.0,7.6,0.0,30,343.3,11.3,65.0,0.5,5.8,Desconhecido,??,0,0,0
25.4,69.0,7.6,0.0,30,343.3,36.2,65.0,0.5,10.7,Desconhecido,??,0,0,0
25.4,69.0,7.6,0.0,30,349.6,36.2,65.0,0.5,9.0,Desconhecido,??,0,0,1
25.4,69.0,7.6,0.0,30,338.4,4.3,65.0,0.5,9.7,Desconhecido,??,0,0,0
25.4,69.0,7.6,0.0,30,336.0,4.9,65.0,0.5,1.8,Desconhecido,??,0,0,0
25.4,69.0,7.6,0.0,30,333.4,5.1,65.0,0.5,17.1,Desconhecido,??,0,0,1
25.4,69.0,7.6,0.0,30,329.2,5.6,65.0,0.5,6.1,Desconhecido,??,0,0,1
25.4,69.0,7.6,0.0,30,331.1,3.1,65.0,0.5,15.1,Desconhecido,??,0,0,0
25.4,69.0,7.6,0.0,30,332.0,3.4,65.0,0.5,6.9,Desconhecido,??,0,0,0
25.4,69.0,7.6,0.0,30,339.4,3.5,65.0,0.5,6.9,Cerrado,GO,0,0,1
25.4,69.0,7.6,0.0,30,348.8,5.2,65.0,0.5,16.1,Cerrado,GO,0,0,1
25.4,69.0,7.6,0.0,30,332.0,4.1,65.0,0.5,15.0,Desconhecido,??,0,0,0
25.4,69.0,7.6,0.0,30,331.9,3.4,65.0,0.5,11.0,Desconhecido,??,0,0,0
25.4,69.0,7.6,0.0,30,354.3,7.5,65.0,0.5,13.8,Desconhecido,??,0,0,0
25.4,69.0,7.6,0.0,30,333.9,4.6,65.0,0.5,8.6,Desconhecido,??,0,0,0
25.4,69.0,7.6,0.0,30,332.2,1.0,65.0,0.5,10.0,Desconhecido,??,0,0,0
25.4,69.0,7.6,0.0,30,331.8,4.2,65.0,0.5,6.7,Desconhecido,MT,0,0,0
25.4,69.0,7.6,0.0,30,331.8,5.1,65.0,0.5,14.5,Desconhecido,MT,0,0,0
25.4,69.0,7.6,0.0,30,333.6,3.0,65.0,0.5,6.5,Desconhecido,??,0,0,0
25.4,69.0,7.6,0.0,30,333.8,4.6,65.0,0.5,17.4,Desconhecido,??,0,0,1
25.4,69.0,7.6,0.0,30,328.2,3.1,65.0,0.5,8.4,Cerrado,GO,0,0,0
25.4,69.0,7.6,0.0,30,328.9,2.8,65.0,0.5,10.1,Cerrado,GO,0,0,0
25.4,69.0,7.6,0.0,30,338.5,11.1,65.0,0.5,13.8,Desconhecido,??,0,0,0
25.4,69.0,7.6,0.0,30,329.7,5.1,65.0,0.5,10.1,Desconhecido,??,0,0,1
25.4,69.0,7.6,0.0,30,327.1,2.9,65.0,0.5,8.5,Cerrado,MT,0,0,0
25.4,69.0,7.6,0.0,30,329.3,1.2,65.0,0.5,9.8,Cerrado,MT,0,0,1
25.4,69.0,7.6,0.0,30,341.3,3.4,65.0,0.5,14.5,Cerrado,MT,0,0,0
25.4,69.0,7.6,0.0,30,343.0,7.2,65.0,0.5,6.7,Cerrado,MT,0,0,0
25.4,69.0,7.6,0.0,30,367.0,7.2,95.0,0.5,9.4,Cerrado,MT,0,0,0
25.4,69.0,7.6,0.0,30,356.7,9.0,65.0,0.5,10.1,Cerrado,MT,0,0,0
25.4,69.0,7.6,0.0,30,345.2,5.4,65.0,0.5,14.3,Cerrado,MT,0,0,1
25.4,69.0,7.6,0.0,30,331.1,5.4,65.0,0.5,9.5,Cerrado,MT,0,0,0
25.4,69.0,7.6,0.0,30,356.4,5.4,65.0,0.5,19.0,Cerrado,MT,0,0,1
25.4,69.0,7.6,0.0,30,345.4,8.7,65.0,0.5,9.2,Cerrado,MT,0,0,0
25.4,69.0,7.6,0.0,30,336.6,4.6,65.0,0.5,8.8,Desconhecido,??,0,0,0
25.4,69.0,7.6,0.0,30,338.1,3.8,65.0,0.5,9.1,Cerrado,MT,0,0,1
25.4,69.0,7.6,0.0,30,333.5,3.2,65.0,0.5,3.4,Cerrado,MT,0,0,1
25.4,69.0,7.6,0.0,30,336.1,9.8,65.0,0.5,4.8,Desconhecido,??,0,0,0
25.4,69.0,7.6,0.0,30,346.0,11.4,65.0,0.5,7.3,Desconhecido,MT,0,0,1
25.4,69.0,7.6,0.0,30,367.0,9.8,95.0,0.5,15.7,Desconhecido,??,0,0,0
25.4,69.0,7.6,0.0,30,333.9,5.6,65.0,0.5,9.8,Cerrado,MT,0,0,0
25.4,69.0,7.6,0.0,30,335.5,3.4,65.0,0.5,7.6,Cerrado,MT,0,0,1
25.4,69.0,7.6,0.0,30,330.3,3.4,65.0,0.5,16.1,Cerrado,MT,0,0,0
25.4,69.0,7.6,0.0,30,337.7,3.0,65.0,0.5,17.8,Cerrado,MT,0,0,1
25.4,69.0,7.6,0.0,30,348.1,13.3,65.0,0.5,16.3,Desconhecido,MT,0,0,0
25.4,69.0,7.6,0.0,30,330.2,3.0,65.0,0.5,5.7,Cerrado,MT,0,0,0
25.4,69.0,7.6,0.0,30,347.2,9.8,65.0,0.5,7.5,Cerrado,MT,0,0,1
25.4,69.0,7.6,0.0,30,338.7,3.6,65.0,0.5,19.1,Desconhecido,MT,0,0,0
25.4,69.0,7.6,0.0,30,333.9,7.7,65.0,0.5,11.2,Cerrado,MT,0,0,0
25.4,69.0,7.6,0.0,30,347.2,9.8,65.0,0.5,8.7,Cerrado,MT,0,0,1
25.4,69.0,7.6,0.0,30,347.3,5.9,65.0,0.5,13.6,Cerrado,MT,0,0,1
25.4,69.0,7.6,0.0,30,329.1,3.3,65.0,0.5,15.0,Desconhecido,MT,0,0,1
25.4,69.0,7.6,0.0,30,341.2,5.9,65.0,0.5,7.1,Cerrado,MT,0,0,0
25.4,69.0,7.6,0.0,30,351.8,3.3,65.0,0.5,11.1,Desconhecido,MT,0,0,0
25.4,69.0,7.6,0.0,30,350.3,13.4,65.0,0.5,14.6,Desconhecido,MT,0,0,0
25.4,69.0,7.6,0.0,30,355.8,13.4,65.0,0.5,4.2,Desconhecido,MT,0,0,0
25.4,69.0,7.6,0.0,30,332.9,3.0,65.0,0.5,10.1,Cerrado,MT,0,0,1
25.4,69.0,7.6,0.0,30,347.8,9.8,65.0,0.5,4.4,Cerrado,MT,0,0,1
25.4,69.0,7.6,0.0,30,336.2,6.6,65.0,0.5,5.1,Desconhecido,MT,0,0,1
25.4,69.0,7.6,0.0,30,347.4,7.7,65.0,0.5,7.2,Cerrado,MT,0,0,0
25.4,69.0,7.6,0.0,30,339.6,9.8,65.0,0.5,12.4,Cerrado,MT,0,0,1
25.4,69.0,7.6,0.0,30,334.0,7.7,65.0,0.5,8.4,Cerrado,MT,0,0,1
25.4,69.0,7.6,0.0,30,328.4,3.8,65.0,0.5,6.8,Cerrado,MT,0,0,1
25.4,69.0,7.6,0.0,30,353.3,3.8,65.0,0.5,10.3,Cerrado,MT,0,0,1
25.4,69.0,7.6,0.0,30,345.7,5.9,65.0,0.5,4.3,Cerrado,MT,0,0,1
25.4,69.0,7.6,0.0,30,328.0,5.9,65.0,0.5,12.1,Cerrado,MT,0,0,1
25.4,69.0,7.6,0.0,30,328.9,3.1,65.0,0.5,15.7,Cerrado,MT,0,0,0
25.4,69.0,7.6,0.0,30,336.6,4.7,65.0,0.5,9.6,Cerrado,MT,0,0,1
25.4,69.0,7.6,0.0,30,331.6,3.9,65.0,0.5,9.0,Cerrado,MT,0,0,1
25.4,69.0,7.6,0.0,30,347.7,6.7,65.0,0.5,11.9,Cerrado,MT,0,0,1
25.4,69.0,7.6,0.0,30,333.9,3.1,65.0,0.5,0.0,Cerrado,MT,0,0,1
25.4,69.0,7.6,0.0,30,329.3,1.7,65.0,0.5,12.7,Cerrado,MT,0,0,0
25.4,69.0,7.6,0.0,30,330.9,2.8,65.0,0.5,25.5,Cerrado,MT,0,0,1
25.4,69.0,7.6,0.0,30,334.2,26.6,65.0,0.5,9.4,Cerrado,MT,0,0,0
25.4,69.0,7.6,0.0,30,351.1,26.6,65.0,0.5,9.4,Cerrado,MT,0,0,1
25.4,69.0,7.6,0.0,30,345.1,20.8,65.0,0.5,13.7,Cerrado,MT,0,0,0
25.4,69.0,7.6,0.0,30,329.7,1.9,65.0,0.5,18.2,Desconhecido,MT,0,0,1
25.4,69.0,7.6,0.0,30,332.5,4.7,65.0,0.5,14.9,Cerrado,MT,0,0,1
25.4,69.0,7.6,0.0,30,338.3,5.5,65.0,0.5,0.0,Desconhecido,??,0,0,0
25.4,69.0,7.6,0.0,30,335.5,4.8,65.0,0.5,12.8,Cerrado,MT,0,0,0
25.4,69.0,7.6,0.0,30,347.1,9.8,65.0,0.5,22.9,Cerrado,MT,0,0,0
25.4,69.0,7.6,0.0,30,353.9,9.8,65.0,0.5,13.1,Cerrado,MT,0,0,0
25.4,69.0,7.6,0.0,30,331.2,3.6,65.0,0.5,4.2,Cerrado,MT,0,0,0
25.4,69.0,7.6,0.0,30,334.5,3.6,65.0,0.5,11.4,Cerrado,MT,0,0,0
25.4,69.0,7.6,0.0,30,343.6,4.8,65.0,0.5,3.6,Desconhecido,??,0,0,0
25.4,69.0,7.6,0.0,30,347.0,4.7,65.0,0.5,16.2,Desconhecido,MT,0,0,0
25.4,69.0,7.6,0.0,30,340.1,4.2,65.0,0.5,5.2,Cerrado,MT,0,0,0
25.4,69.0,7.6,0.0,30,331.7,2.1,65.0,0.5,10.4,Desconhecido,??,0,0,0
23.2,95.0,1.7,0.0,30,327.3,1.9,65.0,0.5,5.7,Desconhecido,??,0,0,0
24.5,87.0,1.2,0.0,30,335.8,3.2,65.0,0.5,7.3,Desconhecido,??,0,0,0
23.8,94.0,1.6,0.0,30,330.5,4.0,65.0,0.5,17.4,Desconhecido,??,0,0,0
23.5,70.0,8.9,0.0,30,351.2,8.9,65.0,0.5,10.5,Cerrado,MT,0,0,1
23.5,70.0,8.9,0.0,30,349.3,8.9,65.0,0.5,7.2,Cerrado,MT,0,0,1
23.5,70.0,8.9,0.0,30,331.9,6.9,65.0,0.5,4.3,Cerrado,MT,0,0,1
23.5,70.0,8.9,0.0,30,354.1,6.9,65.0,0.5,0.6,Cerrado,MT,0,0,1
23.5,70.0,8.9,0.0,30,332.3,4.7,65.0,0.5,3.7,Cerrado,MT,0,0,1
23.5,70.0,8.9,0.0,30,331.8,5.5,65.0,0.5,10.6,Cerrado,MT,0,0,0
23.5,70.0,8.9,0.0,30,334.4,4.5,65.0,0.5,14.9,Cerrado,MT,0,0,0
23.5,70.0,8.9,0.0,30,329.4,4.7,65.0,0.5,7.2,Cerrado,MT,0,0,0
23.5,70.0,8.9,0.0,30,345.8,11.3,65.0,0.5,17.9,Cerrado,MT,0,0,1
23.9,71.0,7.7,0.0,30,340.0,8.8,65.0,0.5,6.4,Cerrado,MT,0,0,0
23.9,71.0,7.7,0.0,30,345.9,4.7,65.0,0.5,8.8,Cerrado,MT,0,0,1
23.9,71.0,7.7,0.0,30,340.9,8.1,65.0,0.5,4.6,Cerrado,MT,0,0,0
23.9,71.0,7.7,0.0,30,331.3,5.1,65.0,0.5,15.0,Cerrado,MT,0,0,0
23.9,71.0,7.7,0.0,30,328.5,7.3,65.0,0.5,20.5,Cerrado,MT,0,0,0
23.9,71.0,7.7,0.0,30,338.4,6.2,65.0,0.5,1.2,Cerrado,MT,0,0,0
23.9,71.0,7.7,0.0,30,351.0,6.2,65.0,0.5,8.3,Cerrado,MT,0,0,1
23.9,71.0,7.7,0.0,30,327.3,5.2,65.0,0.5,16.3,Cerrado,MT,0,0,0
23.5,70.0,8.9,0.0,30,343.0,9.2,65.0,0.5,2.8,Cerrado,MT,0,0,0
23.5,70.0,8.9,0.0,30,352.8,9.2,65.0,0.5,12.8,Cerrado,MT,0,0,1
23.9,71.0,7.7,0.0,30,341.4,10.3,65.0,0.5,16.1,Cerrado,MT,0,0,0
23.9,71.0,7.7,0.0,30,367.0,11.8,95.0,0.5,10.4,Cerrado,MT,0,0,1
23.9,71.0,7.7,0.0,30,341.9,11.8,65.0,0.5,12.8,Cerrado,MT,0,0,0
23.9,71.0,7.7,0.0,30,334.0,6.9,65.0,0.5,18.8,Cerrado,MT,0,0,0
23.9,71.0,7.7,0.0,30,328.3,4.4,65.0,0.5,19.7,Cerrado,MT,0,0,0
24.4,71.0,8.5,0.0,30,329.2,2.7,65.0,0.5,9.7,Cerrado,MT,0,0,1
23.9,71.0,7.7,0.0,30,328.0,2.7,65.0,0.5,7.3,Cerrado,MT,0,0,0
23.9,71.0,7.7,0.0,30,334.7,3.0,65.0,0.5,5.4,Cerrado,MT,0,0,1
23.9,71.0,7.7,0.0,30,346.3,4.5,65.0,0.5,14.9,Cerrado,MT,0,0,1
23.8,91.0,5.4,0.0,30,326.0,1.5,65.0,0.5,3.1,Desconhecido,??,0,0,0
24.4,70.0,7.9,0.0,30,330.6,2.8,65.0,0.5,8.7,Cerrado,MT,0,0,1
24.4,70.0,7.9,0.0,30,330.1,2.7,65.0,0.5,10.5,Cerrado,MT,0,0,0
24.4,70.0,7.9,0.0,30,327.2,2.2,65.0,0.5,7.5,Cerrado,MT,0,0,1
24.4,70.0,7.9,0.0,30,326.2,2.9,65.0,0.5,11.4,Cerrado,MT,0,0,0
24.4,70.0,7.9,0.0,30,329.9,6.1,65.0,0.5,22.8,Cerrado,MT,0,0,1
24.6,80.0,2.3,0.0,30,328.3,2.4,65.0,0.5,9.4,Desconhecido,??,0,0,0
27.0,60.0,2.0,0.0,30,332.6,2.1,65.0,0.6,7.8,Pantanal,MT,0,0,0
24.1,85.0,5.8,0.0,30,329.9,1.8,65.0,0.5,15.1,Desconhecido,??,0,0,0
27.0,56.0,2.5,0.0,30,329.4,1.2,65.0,0.6,11.2,Pantanal,MT,0,0,1
24.5,72.0,9.4,0.0,30,347.4,9.4,65.0,0.5,17.2,Cerrado,MT,0,0,1
25.2,73.0,6.4,0.0,30,332.7,4.7,65.0,0.6,10.8,Pantanal,MT,0,0,0
25.1,74.0,5.4,0.0,30,339.0,8.9,65.0,0.6,8.8,Pantanal,MT,0,0,1
24.7,74.0,5.0,0.0,30,333.5,4.7,65.0,0.5,1.1,Desconhecido,MT,0,0,0
24.1,85.0,1.9,0.0,30,335.7,6.0,65.0,0.5,1.9,Desconhecido,??,0,0,0
24.1,85.0,1.9,0.0,30,332.5,5.1,65.0,0.5,0.8,Desconhecido,??,0,0,0
23.8,92.0,1.9,0.0,30,326.8,6.5,65.0,0.5,11.9,Desconhecido,??,0,0,0
23.8,92.0,1.9,0.0,30,345.9,6.5,65.0,0.5,3.2,Desconhecido,??,0,0,0
23.8,92.0,1.9,0.0,30,335.8,10.7,65.0,0.5,16.3,Desconhecido,??,0,0,0
25.0,70.0,6.2,0.0,30,331.6,7.3,65.0,0.5,10.2,Cerrado,MT,0,0,0
25.0,70.0,6.2,0.0,30,340.3,3.4,65.0,0.5,8.8,Cerrado,MT,0,0,0
24.5,77.0,3.2,0.0,30,339.0,9.6,65.0,0.5,5.8,Desconhecido,??,0,0,0
25.0,68.0,7.5,0.0,30,339.9,6.7,65.0,0.5,13.1,Cerrado,MT,0,0,0
24.1,84.0,2.2,0.0,30,333.6,5.5,65.0,0.5,6.0,Desconhecido,??,0,0,0
24.5,77.0,3.2,0.0,30,343.1,8.9,65.0,0.5,5.1,Desconhecido,??,0,0,0
25.0,68.0,7.5,0.0,30,351.4,21.6,65.0,0.5,15.9,Cerrado,MT,0,0,0
25.2,86.0,2.8,0.0,30,346.9,7.9,65.0,0.5,11.8,Desconhecido,??,0,0,0
25.2,86.0,2.8,0.0,30,333.2,3.4,65.0,0.5,8.8,Desconhecido,??,0,0,0
24.5,77.0,3.2,0.0,30,333.7,7.5,65.0,0.5,13.2,Desconhecido,??,0,0,0
25.2,86.0,1.5,0.0,30,328.5,2.1,65.0,0.5,10.0,Desconhecido,??,0,0,0
21.2,60.0,9.5,0.0,30,337.1,6.8,65.0,0.5,11.9,Cerrado,MT,0,0,1
21.2,60.0,9.5,0.0,30,350.8,12.5,65.0,0.5,5.9,Cerrado,MT,0,0,0
21.2,60.0,9.5,0.0,30,343.7,6.8,65.0,0.5,20.4,Cerrado,MT,0,0,1
21.2,60.0,9.5,0.0,30,367.0,12.4,95.0,0.5,7.1,Cerrado,MT,0,0,1
21.2,60.0,9.5,0.0,30,336.9,4.5,65.0,0.5,17.8,Cerrado,MT,0,0,1
25.1,87.0,1.9,0.0,30,329.8,3.4,65.0,0.5,9.1,Desconhecido,??,0,0,0
21.7,77.0,6.0,0.0,30,328.0,2.0,65.0,0.5,14.0,Cerrado,MT,0,0,0
21.7,77.0,6.0,0.0,30,333.1,2.3,65.0,0.5,13.7,Cerrado,MT,0,0,0
25.6,81.0,2.8,0.0,30,337.0,2.7,65.0,0.5,15.7,Desconhecido,??,0,0,0
25.6,81.0,2.8,0.0,30,334.8,3.8,65.0,0.5,5.8,Desconhecido,??,0,0,0
24.9,83.0,1.8,0.0,30,330.6,8.8,65.0,0.5,15.4,Desconhecido,??,0,0,0
24.8,83.0,1.8,0.0,30,336.9,5.7,65.0,0.5,19.2,Desconhecido,??,0,0,0
25.6,88.0,3.9,0.0,30,326.8,2.1,65.0,0.5,8.7,Desconhecido,??,0,0,0
24.8,94.0,2.0,0.0,30,334.5,4.2,65.0,0.5,10.2,Desconhecido,??,0,0,0
25.6,88.0,2.4,0.0,30,325.6,1.6,65.0,0.5,7.4,Desconhecido,??,0,0,0
25.6,88.0,2.4,0.0,30,332.8,2.4,65.0,0.5,8.3,Desconhecido,??,0,0,0
26.5,75.0,4.3,0.0,30,344.8,7.7,65.0,0.5,18.6,Desconhecido,??,0,0,0
26.4,37.0,9.0,0.0,30,352.7,13.3,65.0,0.5,5.0,Cerrado,MT,0,0,1
26.4,37.0,9.0,0.0,30,348.7,7.7,65.0,0.5,5.3,Cerrado,MT,0,0,1
26.8,78.0,2.9,0.0,30,327.5,4.1,65.0,0.5,18.1,Desconhecido,??,0,0,0
26.8,78.0,2.9,0.0,30,331.5,2.8,65.0,0.5,13.1,Desconhecido,??,0,0,0
22.7,71.0,10.2,0.0,30,337.1,4.6,65.0,0.5,20.6,Cerrado,MT,0,0,1
22.8,74.0,10.9,0.0,30,344.6,19.6,65.0,0.5,7.7,Cerrado,MT,0,0,0
23.0,68.0,13.4,0.0,30,336.7,21.6,65.0,0.5,10.6,Cerrado,MT,0,0,0
23.0,68.0,13.4,0.0,30,347.6,21.6,65.0,0.5,6.7,Cerrado,MT,0,0,1
23.0,68.0,13.4,0.0,30,352.3,21.6,65.0,0.5,10.7,Cerrado,MT,0,0,1
23.0,68.0,13.4,0.0,30,343.6,21.6,65.0,0.5,1.1,Cerrado,MT,0,0,1
22.9,73.0,11.0,0.0,30,335.3,6.3,65.0,0.5,13.4,Cerrado,MT,0,0,1
22.9,73.0,11.0,0.0,30,328.7,26.8,65.0,0.5,11.6,Cerrado,MT,0,0,1
22.9,73.0,11.0,0.0,30,349.3,26.8,65.0,0.5,9.7,Cerrado,MT,0,0,1
22.9,73.0,11.0,0.0,30,341.3,36.5,65.0,0.5,8.0,Cerrado,MT,0,0,0
22.9,73.0,11.0,0.0,30,333.0,4.4,65.0,0.5,5.5,Cerrado,MT,0,0,0
26.6,38.0,14.9,0.0,30,329.7,5.2,65.0,0.5,13.6,Cerrado,MT,0,0,1
25.7,82.0,5.2,0.0,30,341.7,5.8,65.0,0.5,4.1,Desconhecido,??,0,0,0
25.2,81.0,4.9,0.0,30,335.9,4.9,65.0,0.5,12.6,Desconhecido,??,0,0,0
27.1,75.0,4.2,0.0,30,335.6,6.9,65.0,0.5,20.4,Desconhecido,??,0,0,0
27.1,75.0,4.2,0.0,30,340.8,24.7,65.0,0.5,17.4,Desconhecido,??,0,0,0
27.5,39.0,18.8,0.0,30,332.3,9.5,65.0,0.5,2.5,Cerrado,MT,0,0,1
27.4,76.0,3.6,0.0,30,345.2,6.3,65.0,0.5,7.3,Desconhecido,RO,0,0,0
25.6,90.0,3.0,0.0,30,338.1,4.3,65.0,0.5,12.1,Desconhecido,??,0,0,0
27.2,73.0,6.2,0.0,30,339.4,4.8,65.0,0.5,9.6,Desconhecido,RO,0,0,0
27.2,73.0,6.2,0.0,30,336.0,4.8,65.0,0.5,3.0,Desconhecido,RO,0,0,0
27.2,73.0,6.2,0.0,30,341.0,7.0,65.0,0.5,11.9,Desconhecido,RO,0,0,1
26.1,81.0,3.8,0.0,30,327.4,4.1,65.0,0.5,9.9,Desconhecido,??,0,0,0
27.0,77.0,4.6,0.0,30,328.4,1.8,65.0,0.5,19.6,Desconhecido,RO,0,0,0
27.3,74.0,4.3,0.0,30,334.9,3.7,65.0,0.5,8.7,Desconhecido,RO,0,0,0
27.3,74.0,4.3,0.0,30,332.1,5.5,65.0,0.5,15.8,Desconhecido,RO,0,0,0
27.2,76.0,6.6,0.0,30,332.2,1.9,65.0,0.5,3.7,Desconhecido,RO,0,0,0
27.2,76.0,6.6,0.0,30,333.5,3.1,65.0,0.5,4.9,Desconhecido,RO,0,0,1
22.2,96.0,2.5,0.1,30,328.3,3.3,65.0,0.5,13.6,Desconhecido,??,0,0,0
27.4,78.0,4.0,0.0,30,329.4,11.2,65.0,0.5,15.4,Desconhecido,RO,0,0,0
27.4,78.0,4.0,0.0,30,343.5,18.9,65.0,0.5,5.2,Desconhecido,RO,0,0,0
27.4,78.0,4.0,0.0,30,346.1,11.2,65.0,0.5,10.1,Desconhecido,RO,0,0,0
27.4,78.0,4.0,0.0,30,350.3,18.9,65.0,0.5,3.1,Desconhecido,RO,0,0,0
27.4,78.0,4.0,0.0,30,335.4,13.7,65.0,0.5,9.1,Desconhecido,RO,0,0,0
27.4,78.0,4.0,0.0,30,343.4,13.7,65.0,0.5,14.2,Desconhecido,RO,0,0,0
27.4,78.0,4.0,0.0,30,348.1,5.3,65.0,0.5,7.8,Desconhecido,RO,0,0,1
27.1,79.0,4.7,0.0,30,355.7,22.7,65.0,0.5,8.8,Desconhecido,RO,0,0,0
27.4,78.0,4.0,0.0,30,332.6,3.0,65.0,0.5,4.4,Desconhecido,RO,0,0,0
27.4,78.0,4.0,0.0,30,332.1,5.3,65.0,0.5,6.8,Desconhecido,RO,0,0,0
24.3,62.0,10.7,0.0,30,340.2,7.1,65.0,0.5,18.8,Cerrado,MT,0,0,1
27.6,70.0,5.2,0.0,30,342.8,5.5,65.0,0.5,10.4,Desconhecido,RO,0,0,1
27.6,70.0,5.2,0.0,30,343.9,5.5,65.0,0.5,5.0,Desconhecido,RO,0,0,0
27.5,73.0,4.8,0.0,30,340.7,12.3,65.0,0.5,8.4,Desconhecido,RO,0,0,0
27.5,73.0,4.8,0.0,30,336.1,15.6,65.0,0.5,2.0,Desconhecido,RO,0,0,0
25.4,69.0,7.6,0.0,30,305.2,2.0,65.0,0.5,4.9,Cerrado,MT,0,0,1
25.4,69.0,7.6,0.0,30,301.7,0.9,65.0,0.5,16.8,Cerrado,MT,0,0,1
25.4,69.0,7.6,0.0,30,318.6,2.1,65.0,0.5,9.3,Cerrado,MT,0,0,0
25.4,69.0,7.6,0.0,30,315.5,2.7,65.0,0.5,19.5,Cerrado,MT,0,0,0
25.4,69.0,7.6,0.0,30,302.9,2.1,65.0,0.5,9.5,Cerrado,MT,0,0,1
25.4,69.0,7.6,0.0,30,306.2,2.0,65.0,0.5,9.8,Cerrado,MT,0,0,1
25.4,69.0,7.6,0.0,30,315.7,3.0,65.0,0.5,13.2,Cerrado,MT,0,0,1
25.4,69.0,7.6,0.0,30,318.8,3.0,65.0,0.5,0.0,Cerrado,MT,0,0,0
25.4,69.0,7.6,0.0,30,319.3,3.2,65.0,0.5,11.0,Cerrado,MT,0,0,1
25.4,69.0,7.6,0.0,30,306.6,1.3,65.0,0.5,9.8,Cerrado,MT,0,0,1
25.4,69.0,7.6,0.0,30,306.0,1.8,65.0,0.5,17.4,Cerrado,MT,0,0,0
25.4,69.0,7.6,0.0,30,311.7,2.1,65.0,0.5,14.8,Cerrado,MT,0,0,0
25.4,69.0,7.6,0.0,30,300.0,0.6,65.0,0.5,4.3,Cerrado,MT,0,0,0
25.4,69.0,7.6,0.0,30,299.4,0.6,65.0,0.5,16.2,Cerrado,MT,0,0,1
25.4,69.0,7.6,0.0,30,307.6,1.4,65.0,0.5,8.7,Cerrado,MT,0,0,1
25.4,69.0,7.6,0.0,30,314.9,2.3,65.0,0.5,5.5,Cerrado,MT,0,0,1
25.4,69.0,7.6,0.0,30,305.1,1.2,65.0,0.5,11.0,Cerrado,MT,0,0,1
25.4,69.0,7.6,0.0,30,316.0,1.8,65.0,0.5,9.0,Cerrado,MT,0,0,0
25.4,69.0,7.6,0.0,30,310.5,1.8,65.0,0.5,17.7,Cerrado,MT,0,0,1
25.4,69.0,7.6,0.0,30,322.0,2.8,65.0,0.5,11.7,Cerrado,MT,0,0,1
25.4,69.0,7.6,0.0,30,300.8,0.4,65.0,0.5,11.0,Cerrado,MT,0,0,1
25.4,69.0,7.6,0.0,30,304.4,1.3,65.0,0.5,14.5,Cerrado,MT,0,0,1
25.4,69.0,7.6,0.0,30,306.2,1.4,65.0,0.5,15.5,Cerrado,MT,0,0,0
25.4,69.0,7.6,0.0,30,302.1,1.2,65.0,0.5,13.9,Cerrado,MT,0,0,1
25.4,69.0,7.6,0.0,30,300.7,0.6,65.0,0.5,17.1,Cerrado,MT,0,0,1
25.4,69.0,7.6,0.0,30,320.4,2.2,65.0,0.5,13.0,Cerrado,MT,0,0,0
25.4,69.0,7.6,0.0,30,303.6,1.7,65.0,0.5,10.8,Cerrado,MT,0,0,0
25.4,69.0,7.6,0.0,30,316.3,2.2,65.0,0.5,16.2,Cerrado,MT,0,0,0
25.4,69.0,7.6,0.0,30,309.4,2.4,65.0,0.5,9.5,Cerrado,MT,0,0,0
25.4,69.0,7.6,0.0,30,302.1,1.0,65.0,0.5,10.2,Cerrado,MT,0,0,0
25.4,69.0,7.6,0.0,30,325.1,1.0,65.0,0.5,18.6,Cerrado,MT,0,0,0
25.4,69.0,7.6,0.0,30,314.8,4.9,65.0,0.5,18.1,Cerrado,MT,0,0,1
25.4,69.0,7.6,0.0,30,367.0,4.9,95.0,0.5,10.0,Cerrado,MT,0,0,0
25.4,69.0,7.6,0.0,30,313.4,5.9,65.0,0.5,7.7,Cerrado,MT,0,0,1
25.4,69.0,7.6,0.0,30,343.9,4.9,65.0,0.5,17.3,Cerrado,MT,0,0,1
25.4,69.0,7.6,0.0,30,340.6,5.9,65.0,0.5,14.0,Cerrado,MT,0,0,1
25.4,69.0,7.6,0.0,30,316.9,2.6,65.0,0.5,11.6,Cerrado,MT,0,0,0
25.4,69.0,7.6,0.0,30,348.0,6.3,65.0,0.5,8.4,Cerrado,MT,0,0,1
25.4,69.0,7.6,0.0,30,319.1,1.9,65.0,0.5,11.7,Cerrado,MT,0,0,0
25.4,69.0,7.6,0.0,30,306.4,0.6,65.0,0.5,9.9,Cerrado,MT,0,0,0
25.4,69.0,7.6,0.0,30,302.5,0.6,65.0,0.5,6.7,Cerrado,MT,0,0,0
25.4,69.0,7.6,0.0,30,299.4,1.1,65.0,0.5,10.6,Cerrado,MT,0,0,0
25.4,69.0,7.6,0.0,30,329.4,2.0,65.0,0.5,11.3,Cerrado,MT,0,0,0
25.4,69.0,7.6,0.0,30,313.7,2.0,65.0,0.5,8.1,Cerrado,MT,0,0,1
25.4,69.0,7.6,0.0,30,304.1,1.4,65.0,0.5,14.5,Cerrado,MT,0,0,1
25.4,69.0,7.6,0.0,30,306.3,1.3,65.0,0.5,16.4,Cerrado,MT,0,0,1
25.4,69.0,7.6,0.0,30,327.0,6.3,65.0,0.5,14.8,Cerrado,MT,0,0,1
25.4,69.0,7.6,0.0,30,334.9,6.3,65.0,0.5,8.6,Cerrado,MT,0,0,1
25.4,69.0,7.6,0.0,30,354.8,7.4,65.0,0.5,13.8,Cerrado,MT,0,0,0
25.4,69.0,7.6,0.0,30,313.1,7.4,65.0,0.5,10.4,Cerrado,MT,0,0,0
25.4,69.0,7.6,0.0,30,367.0,6.3,95.0,0.5,3.8,Cerrado,MT,0,0,0
25.4,69.0,7.6,0.0,30,340.4,7.4,65.0,0.5,13.4,Cerrado,MT,0,0,0
25.4,69.0,7.6,0.0,30,300.4,0.7,65.0,0.5,10.7,Cerrado,MT,0,0,0
25.4,69.0,7.6,0.0,30,303.5,1.3,65.0,0.5,23.0,Cerrado,MT,0,0,0
25.4,69.0,7.6,0.0,30,307.7,1.6,65.0,0.5,17.3,Cerrado,MT,0,0,1
25.4,69.0,7.6,0.0,30,302.0,1.0,65.0,0.5,13.6,Cerrado,MT,0,0,1
25.4,69.0,7.6,0.0,30,301.6,1.9,65.0,0.5,11.2,Cerrado,MT,0,0,0
25.4,69.0,7.6,0.0,30,306.2,1.2,65.0,0.5,10.8,Cerrado,MT,0,0,1
25.4,69.0,7.6,0.0,30,307.1,2.3,65.0,0.5,5.0,Cerrado,MT,0,0,0
25.4,69.0,7.6,0.0,30,305.7,1.6,65.0,0.5,1.3,Cerrado,MT,0,0,1
25.4,69.0,7.6,0.0,30,311.5,2.3,65.0,0.5,5.6,Cerrado,MT,0,0,1
25.4,69.0,7.6,0.0,30,304.4,1.6,65.0,0.5,9.8,Cerrado,MT,0,0,0
25.4,69.0,7.6,0.0,30,304.2,1.6,65.0,0.5,0.0,Cerrado,MT,0,0,0
25.4,69.0,7.6,0.0,30,326.5,9.7,65.0,0.5,7.3,Cerrado,MT,0,0,0
25.4,69.0,7.6,0.0,30,367.0,9.7,95.0,0.5,8.8,Cerrado,MT,0,0,1
25.4,69.0,7.6,0.0,30,309.1,2.1,65.0,0.5,8.9,Cerrado,MT,0,0,1
25.4,69.0,7.6,0.0,30,301.6,0.7,65.0,0.5,6.7,Cerrado,MT,0,0,0
25.4,69.0,7.6,0.0,30,301.2,0.7,65.0,0.5,8.3,Cerrado,MT,0,0,1
25.4,69.0,7.6,0.0,30,303.9,0.7,65.0,0.5,18.6,Cerrado,MT,0,0,0
25.4,69.0,7.6,0.0,30,301.8,0.7,65.0,0.5,13.3,Desconhecido,AC,0,0,0
25.4,69.0,7.6,0.0,30,309.1,0.8,65.0,0.5,7.2,Cerrado,MT,0,0,0
25.4,69.0,7.6,0.0,30,327.4,5.4,65.0,0.5,9.7,Cerrado,MT,0,0,0
25.4,69.0,7.6,0.0,30,306.3,0.6,65.0,0.5,9.9,Desconhecido,RO,0,0,0
25.4,69.0,7.6,0.0,30,303.4,1.4,65.0,0.5,6.2,Desconhecido,RO,0,0,0
25.4,69.0,7.6,0.0,30,303.1,0.6,65.0,0.5,6.2,Desconhecido,RO,0,0,1
25.4,69.0,7.6,0.0,30,324.1,4.0,65.0,0.5,15.1,Cerrado,MT,0,0,0
25.4,69.0,7.6,0.0,30,345.7,6.2,65.0,0.5,7.9,Cerrado,MT,0,0,0
25.4,69.0,7.6,0.0,30,316.1,4.0,65.0,0.5,4.5,Cerrado,MT,0,0,1
25.4,69.0,7.6,0.0,30,367.0,6.2,95.0,0.5,9.8,Cerrado,MT,0,0,1
25.4,69.0,7.6,0.0,30,306.3,6.2,65.0,0.5,10.6,Cerrado,MT,0,0,1
25.4,69.0,7.6,0.0,30,319.7,1.1,65.0,0.5,0.1,Cerrado,MT,0,0,1
25.4,69.0,7.6,0.0,30,304.6,1.1,65.0,0.5,9.8,Cerrado,MT,0,0,0
25.4,69.0,7.6,0.0,30,315.2,1.0,65.0,0.5,14.3,Cerrado,MT,0,0,0
25.4,69.0,7.6,0.0,30,302.9,0.9,65.0,0.5,12.3,Cerrado,MT,0,0,0
25.4,69.0,7.6,0.0,30,311.1,1.3,65.0,0.5,21.1,Desconhecido,RO,0,0,1
25.4,69.0,7.6,0.0,30,303.5,0.7,65.0,0.5,16.3,Desconhecido,RO,0,0,1
25.4,69.0,7.6,0.0,30,307.0,0.6,65.0,0.8,17.2,Amazonia,AM,0,0,0
25.4,69.0,7.6,0.0,30,295.9,0.4,65.0,0.8,24.0,Amazonia,AM,0,0,0
25.4,69.0,7.6,0.0,30,300.3,0.4,65.0,0.8,13.8,Amazonia,AM,0,0,0
25.4,69.0,7.6,0.0,30,302.5,0.4,65.0,0.8,10.8,Amazonia,AM,0,0,0
25.4,69.0,7.6,0.0,30,319.8,1.3,65.0,0.5,14.9,Cerrado,MS,0,0,1
25.4,69.0,7.6,0.0,30,312.7,0.8,65.0,0.5,7.2,Cerrado,MS,0,0,1
25.4,69.0,7.6,0.0,30,295.9,1.1,65.0,0.5,10.5,Desconhecido,??,0,0,0
25.4,69.0,7.6,0.0,30,303.8,0.6,65.0,0.5,6.8,Desconhecido,??,0,0,1
25.4,69.0,7.6,0.0,30,300.4,0.5,65.0,0.5,12.0,Desconhecido,??,0,0,0
25.4,69.0,7.6,0.0,30,299.9,0.7,65.0,0.5,6.7,Cerrado,??,0,0,0
25.4,69.0,7.6,0.0,30,323.4,1.7,65.0,0.5,6.6,Cerrado,??,0,0,1
25.4,69.0,7.6,0.0,30,306.1,1.7,65.0,0.5,12.1,Cerrado,??,0,0,1
25.4,69.0,7.6,0.0,30,300.5,0.5,65.0,0.5,9.3,Cerrado,??,0,0,1
25.4,69.0,7.6,0.0,30,317.0,1.0,65.0,0.5,0.4,Cerrado,MT,0,0,1
25.4,69.0,7.6,0.0,30,304.4,1.0,65.0,0.5,2.7,Cerrado,MT,0,0,0
25.4,69.0,7.6,0.0,30,317.1,1.1,65.0,0.5,4.3,Desconhecido,??,0,0,0
25.4,69.0,7.6,0.0,30,302.7,0.5,65.0,0.5,5.6,Desconhecido,??,0,0,0
25.4,69.0,7.6,0.0,30,299.1,0.3,65.0,0.5,12.1,Desconhecido,??,0,0,0
25.4,69.0,7.6,0.0,30,304.2,1.6,65.0,0.5,11.1,Cerrado,MT,0,0,1
25.4,69.0,7.6,0.0,30,299.4,0.5,65.0,0.5,15.3,Desconhecido,??,0,0,0
25.4,69.0,7.6,0.0,30,313.0,2.6,65.0,0.5,13.8,Cerrado,MT,0,0,0
25.4,69.0,7.6,0.0,30,301.6,0.7,65.0,0.5,15.4,Desconhecido,MT,0,0,1
25.4,69.0,7.6,0.0,30,304.8,1.2,65.0,0.5,13.0,Cerrado,MT,0,0,0
25.4,69.0,7.6,0.0,30,306.9,1.2,65.0,0.5,11.0,Cerrado,MT,0,0,1
25.4,69.0,7.6,0.0,30,302.2,1.1,65.0,0.5,15.5,Cerrado,MT,0,0,1
25.4,69.0,7.6,0.0,30,305.7,1.0,65.0,0.5,14.6,Cerrado,MT,0,0,0
25.4,69.0,7.6,0.0,30,303.2,1.0,65.0,0.5,11.9,Cerrado,MT,0,0,0
25.4,69.0,7.6,0.0,30,301.4,0.6,65.0,0.5,16.4,Cerrado,MT,0,0,1
25.4,69.0,7.6,0.0,30,305.8,0.9,65.0,0.5,0.0,Cerrado,MT,0,0,0
25.4,69.0,7.6,0.0,30,303.8,0.9,65.0,0.5,8.5,Cerrado,MT,0,0,0
25.4,69.0,7.6,0.0,30,302.5,0.5,65.0,0.5,8.5,Desconhecido,??,0,0,0
25.4,69.0,7.6,0.0,30,303.5,1.1,65.0,0.6,15.8,Pantanal,MT,0,0,1
25.4,69.0,7.6,0.0,30,304.1,0.9,65.0,0.6,17.9,Pantanal,MT,0,0,0
25.4,69.0,7.6,0.0,30,304.7,0.9,65.0,0.6,2.7,Pantanal,MT,0,0,0
25.4,69.0,7.6,0.0,30,299.0,0.8,65.0,0.5,17.1,Desconhecido,??,0,0,0
25.4,69.0,7.6,0.0,30,310.7,0.8,65.0,0.5,4.1,Desconhecido,??,0,0,0
25.4,69.0,7.6,0.0,30,301.7,0.5,65.0,0.5,4.3,Desconhecido,??,0,0,0
25.4,69.0,7.6,0.0,30,305.7,0.8,65.0,0.5,8.8,Desconhecido,MT,0,0,0
25.4,69.0,7.6,0.0,30,306.0,0.8,65.0,0.5,8.4,Desconhecido,MT,0,0,0
25.4,69.0,7.6,0.0,30,307.1,1.0,65.0,0.6,2.2,Pantanal,MT,0,0,1
25.4,69.0,7.6,0.0,30,307.5,1.2,65.0,0.6,13.2,Pantanal,MT,0,0,0
25.4,69.0,7.6,0.0,30,311.2,1.6,65.0,0.6,13.4,Pantanal,MT,0,0,0
25.4,69.0,7.6,0.0,30,303.4,1.2,65.0,0.6,15.3,Pantanal,MT,0,0,1
25.4,69.0,7.6,0.0,30,303.0,1.1,65.0,0.5,7.8,Desconhecido,MT,0,0,0
25.4,69.0,7.6,0.0,30,305.5,1.0,65.0,0.5,9.8,Desconhecido,MT,0,0,0
25.4,69.0,7.6,0.0,30,311.1,1.0,65.0,0.5,9.8,Desconhecido,MT,0,0,0
25.4,69.0,7.6,0.0,30,309.4,1.1,65.0,0.5,18.4,Desconhecido,MT,0,0,0
25.4,69.0,7.6,0.0,30,334.5,4.3,65.0,0.5,0.0,Desconhecido,MT,0,0,0
25.4,69.0,7.6,0.0,30,311.1,1.0,65.0,0.5,5.2,Desconhecido,??,0,0,0
25.4,69.0,7.6,0.0,30,336.3,2.7,65.0,0.5,10.0,Desconhecido,MT,0,0,0
25.4,69.0,7.6,0.0,30,319.2,1.9,65.0,0.5,4.6,Desconhecido,MT,0,0,0
25.4,69.0,7.6,0.0,30,309.0,2.7,65.0,0.5,8.7,Desconhecido,MT,0,0,0
25.4,69.0,7.6,0.0,30,306.5,1.9,65.0,0.5,9.4,Desconhecido,MT,0,0,0
25.4,69.0,7.6,0.0,30,306.4,0.6,65.0,0.5,6.7,Desconhecido,??,0,0,1
25.4,69.0,7.6,0.0,30,331.5,2.4,65.0,0.45,10.3,Pampa,RS,0,0,0
25.4,69.0,7.6,0.0,30,341.4,3.2,65.0,0.45,13.1,Pampa,RS,0,0,0
25.4,69.0,7.6,0.0,30,303.3,3.2,65.0,0.45,8.8,Pampa,RS,0,0,0
25.4,69.0,7.6,0.0,30,346.5,5.2,65.0,0.45,7.7,Pampa,RS,0,0,0
25.4,69.0,7.6,0.0,30,367.0,6.0,95.0,0.45,9.2,Pampa,RS,0,0,0
25.4,69.0,7.6,0.0,30,324.3,6.0,65.0,0.45,10.0,Pampa,RS,0,0,1
25.4,69.0,7.6,0.0,30,301.8,2.4,65.0,0.45,1.3,Pampa,RS,0,0,0
25.4,69.0,7.6,0.0,30,347.0,3.2,65.0,0.45,12.3,Pampa,RS,0,0,0
25.4,69.0,7.6,0.0,30,328.5,3.2,65.0,0.45,7.7,Pampa,RS,0,0,1
25.4,69.0,7.6,0.0,30,308.6,0.9,65.0,0.5,16.3,Desconhecido,??,0,0,0
25.4,69.0,7.6,0.0,30,311.3,1.7,65.0,0.5,13.0,Desconhecido,??,0,0,0
25.4,69.0,7.6,0.0,30,298.7,0.8,65.0,0.5,15.9,Desconhecido,??,0,0,0
25.4,69.0,7.6,0.0,30,302.9,0.8,65.0,0.5,4.9,Desconhecido,??,0,0,0
25.4,69.0,7.6,0.0,30,295.8,0.5,65.0,0.5,8.1,Desconhecido,??,0,0,1
25.4,69.0,7.6,0.0,30,297.4,0.8,65.0,0.5,3.8,Desconhecido,??,0,0,0
25.4,69.0,7.6,0.0,30,295.8,0.9,65.0,0.5,6.5,Desconhecido,??,0,0,0
25.4,69.0,7.6,0.0,30,297.7,0.7,65.0,0.5,16.3,Desconhecido,??,0,0,0
25.4,69.0,7.6,0.0,30,313.9,2.2,65.0,0.5,17.4,Desconhecido,??,0,0,0
25.4,69.0,7.6,0.0,30,317.1,2.2,65.0,0.5,4.3,Desconhecido,??,0,0,0
25.4,69.0,7.6,0.0,30,306.0,1.0,65.0,0.5,7.7,Desconhecido,??,0,0,0
25.4,69.0,7.6,0.0,30,302.5,1.0,65.0,0.5,9.6,Desconhecido,??,0,0,0
25.4,69.0,7.6,0.0,30,320.8,2.2,65.0,0.5,12.9,Desconhecido,??,0,0,0
25.4,69.0,7.6,0.0,30,295.7,0.5,65.0,0.5,1.2,Desconhecido,??,0,0,0
25.4,69.0,7.6,0.0,30,300.4,1.6,65.0,0.5,2.0,Desconhecido,??,0,0,1
25.4,69.0,7.6,0.0,30,321.2,1.7,65.0,0.5,12.4,Desconhecido,??,0,0,0
25.4,69.0,7.6,0.0,30,319.4,1.6,65.0,0.5,0.3,Desconhecido,??,0,0,0
25.4,69.0,7.6,0.0,30,310.0,1.7,65.0,0.5,7.8,Desconhecido,??,0,0,1
25.4,69.0,7.6,0.0,30,300.0,1.7,65.0,0.5,10.8,Desconhecido,??,0,0,0
25.4,69.0,7.6,0.0,30,328.2,7.8,65.0,0.5,12.1,Desconhecido,??,0,0,0
25.4,69.0,7.6,0.0,30,345.8,7.8,65.0,0.5,9.3,Desconhecido,??,0,0,0
25.4,69.0,7.6,0.0,30,295.6,0.7,65.0,0.5,8.2,Desconhecido,??,0,0,0
25.4,69.0,7.6,0.0,30,297.7,0.9,65.0,0.5,14.2,Desconhecido,??,0,0,1
25.4,69.0,7.6,0.0,30,326.0,2.7,65.0,0.5,11.4,Desconhecido,??,0,0,1
25.4,69.0,7.6,0.0,30,302.8,0.9,65.0,0.5,6.8,Desconhecido,??,0,0,1
25.4,69.0,7.6,0.0,30,328.5,5.4,65.0,0.5,10.2,Desconhecido,??,0,0,0
25.4,69.0,7.6,0.0,30,301.9,1.1,65.0,0.5,11.9,Desconhecido,??,0,0,0
25.4,69.0,7.6,0.0,30,301.0,1.2,65.0,0.5,18.6,Desconhecido,??,0,0,0
25.4,69.0,7.6,0.0,30,301.7,0.8,65.0,0.5,13.9,Desconhecido,??,0,0,0
25.4,69.0,7.6,0.0,30,297.1,0.8,65.0,0.5,16.1,Desconhecido,??,0,0,0
25.4,69.0,7.6,0.0,30,297.9,0.7,65.0,0.5,6.9,Desconhecido,??,0,0,0
25.4,69.0,7.6,0.0,30,296.5,0.5,65.0,0.5,7.4,Desconhecido,??,0,0,1
25.4,69.0,7.6,0.0,30,307.1,1.3,65.0,0.5,8.8,Desconhecido,??,0,0,0
25.4,69.0,7.6,0.0,30,300.0,1.3,65.0,0.5,9.3,Desconhecido,??,0,0,0
25.4,69.0,7.6,0.0,30,325.6,1.5,65.0,0.5,5.0,Desconhecido,??,0,0,0
25.4,69.0,7.6,0.0,30,327.7,3.1,65.0,0.5,16.3,Desconhecido,??,0,0,0
25.4,69.0,7.6,0.0,30,330.7,5.3,65.0,0.5,14.4,Desconhecido,??,0,0,0
25.4,69.0,7.6,0.0,30,303.9,1.3,65.0,0.5,8.5,Desconhecido,??,0,0,0
25.4,69.0,7.6,0.0,30,307.4,1.1,65.0,0.5,13.2,Desconhecido,??,0,0,0
25.4,69.0,7.6,0.0,30,303.8,0.7,65.0,0.5,11.1,Desconhecido,??,0,0,0
25.4,69.0,7.6,0.0,30,297.7,0.2,65.0,0.5,13.6,Desconhecido,??,0,0,1
25.4,69.0,7.6,0.0,30,311.6,0.3,65.0,0.5,3.3,Desconhecido,??,0,0,0
25.4,69.0,7.6,0.0,30,295.8,0.4,65.0,0.5,9.3,Desconhecido,??,0,0,0
25.4,69.0,7.6,0.0,30,343.9,4.5,65.0,0.5,9.7,Cerrado,SP,0,0,0
25.4,69.0,7.6,0.0,30,367.0,11.9,95.0,0.7,13.1,Mata Atlantica,MG,0,0,1
25.4,69.0,7.6,0.0,30,328.5,11.9,65.0,0.7,6.9,Mata Atlantica,MG,0,0,1
25.4,69.0,7.6,0.0,30,327.9,7.1,65.0,0.7,0.0,Mata Atlantica,MG,0,0,1
25.4,69.0,7.6,0.0,30,341.3,7.1,65.0,0.7,4.6,Mata Atlantica,MG,0,0,0
25.4,69.0,7.6,0.0,30,339.1,6.4,65.0,0.7,9.7,Mata Atlantica,MG,0,0,0
25.4,69.0,7.6,0.0,30,344.2,7.2,65.0,0.7,10.3,Mata Atlantica,MG,0,0,0
25.4,69.0,7.6,0.0,30,342.6,8.0,65.0,0.7,18.4,Mata Atlantica,MG,0,0,0
25.4,69.0,7.6,0.0,30,326.6,4.6,65.0,0.7,12.9,Mata Atlantica,MG,0,0,0
25.4,69.0,7.6,0.0,30,355.8,31.6,65.0,0.7,10.4,Mata Atlantica,MG,0,0,0
25.4,69.0,7.6,0.0,30,329.7,3.9,65.0,0.7,9.8,Mata Atlantica,MG,0,0,0
25.4,69.0,7.6,0.0,30,328.1,3.3,65.0,0.7,15.5,Mata Atlantica,MG,0,0,0
25.4,69.0,7.6,0.0,30,332.8,8.7,65.0,0.5,7.0,Cerrado,MS,0,0,1
25.4,69.0,7.6,0.0,30,329.0,9.9,65.0,0.5,9.3,Cerrado,MS,0,0,1
25.4,69.0,7.6,0.0,30,330.9,2.3,65.0,0.7,4.6,Mata Atlantica,MG,0,0,0
25.4,69.0,7.6,0.0,30,327.6,2.3,65.0,0.7,17.1,Mata Atlantica,MG,0,0,0
25.4,69.0,7.6,0.0,30,354.0,8.9,65.0,0.5,12.0,Cerrado,MG,0,0,0
25.4,69.0,7.6,0.0,30,329.7,3.5,65.0,0.7,6.5,Mata Atlantica,MG,0,0,0
25.4,69.0,7.6,0.0,30,336.1,6.7,65.0,0.7,9.4,Mata Atlantica,MG,0,0,0
25.4,69.0,7.6,0.0,30,332.3,4.4,65.0,0.7,12.5,Mata Atlantica,MG,0,0,0
25.4,69.0,7.6,0.0,30,335.0,6.9,65.0,0.7,8.7,Mata Atlantica,MG,0,0,0
25.4,69.0,7.6,0.0,30,338.1,9.1,65.0,0.7,7.3,Mata Atlantica,MG,0,0,0
25.4,69.0,7.6,0.0,30,325.5,1.8,65.0,0.7,6.7,Mata Atlantica,MG,0,0,0
25.4,69.0,7.6,0.0,30,328.1,4.0,65.0,0.7,11.7,Mata Atlantica,MG,0,0,0
25.4,69.0,7.6,0.0,30,328.0,3.5,65.0,0.7,8.2,Mata Atlantica,GO,0,0,1
17.9,54.0,6.4,0.0,30,332.2,5.8,65.0,0.7,7.7,Mata Atlantica,GO,0,0,0
20.8,44.0,13.7,0.0,30,355.5,9.6,65.0,0.5,3.3,Cerrado,GO,0,0,1
16.3,54.0,6.4,0.0,30,332.2,5.4,65.0,0.7,10.4,Mata Atlantica,GO,0,0,0
16.3,54.0,6.4,0.0,30,329.8,6.0,65.0,0.7,9.1,Mata Atlantica,GO,0,0,0
21.7,78.0,6.2,0.0,30,334.5,3.6,65.0,0.7,8.4,Mata Atlantica,MG,0,0,0
19.1,72.0,2.8,0.0,30,342.8,7.0,65.0,0.7,11.0,Mata Atlantica,BA,0,0,0
18.2,73.0,3.4,0.0,30,349.2,9.0,65.0,0.7,13.7,Mata Atlantica,BA,0,0,0
17.6,89.0,7.7,0.0,30,344.7,5.6,65.0,0.7,13.5,Mata Atlantica,BA,0,0,0
20.6,58.0,10.7,0.0,30,326.1,3.4,65.0,0.5,12.8,Cerrado,MT,0,0,0
21.5,71.0,1.2,0.0,30,334.3,3.0,65.0,0.7,8.8,Mata Atlantica,GO,0,0,0
21.5,71.0,1.2,0.0,30,355.3,23.1,65.0,0.7,7.2,Mata Atlantica,GO,0,0,0
19.9,63.0,2.6,0.0,30,338.3,6.4,65.0,0.7,4.8,Mata Atlantica,GO,0,0,0
22.1,72.0,0.2,0.0,30,333.3,2.6,65.0,0.7,7.0,Mata Atlantica,GO,0,0,0
24.0,55.0,4.6,0.0,30,339.7,2.6,65.0,0.7,10.1,Mata Atlantica,BA,0,0,0
24.0,55.0,4.6,0.0,30,333.6,5.8,65.0,0.7,6.1,Mata Atlantica,BA,0,0,0
20.4,64.0,4.8,0.0,30,344.2,3.3,65.0,0.5,10.5,Cerrado,GO,0,0,0
24.6,54.0,4.5,0.0,30,329.5,3.5,65.0,0.7,5.2,Mata Atlantica,BA,0,0,1
22.8,52.0,12.7,0.0,30,336.7,3.4,65.0,0.5,1.7,Cerrado,GO,0,0,0
22.8,52.0,12.7,0.0,30,340.2,4.5,65.0,0.5,14.1,Cerrado,GO,0,0,1
20.0,72.0,6.1,0.0,30,342.5,8.3,65.0,0.7,7.6,Mata Atlantica,GO,0,0,0
21.2,95.0,2.3,0.1,30,336.4,3.2,65.0,0.3,5.8,Caatinga,BA,0,0,0
25.0,50.0,8.9,0.0,30,334.7,3.6,65.0,0.3,4.5,Caatinga,BA,0,0,1
24.1,49.0,10.0,0.0,30,334.8,5.2,65.0,0.7,12.1,Mata Atlantica,BA,0,0,1
24.4,51.0,9.0,0.0,30,342.7,10.3,65.0,0.7,16.9,Mata Atlantica,BA,0,0,1
24.4,51.0,9.0,0.0,30,337.3,6.6,65.0,0.7,8.0,Mata Atlantica,BA,0,0,1
24.4,51.0,9.0,0.0,30,331.5,6.6,65.0,0.7,8.9,Mata Atlantica,BA,0,0,1
19.7,73.0,11.1,0.0,30,346.0,12.0,65.0,0.7,15.4,Mata Atlantica,GO,0,0,0
19.7,73.0,11.1,0.0,30,334.8,12.0,65.0,0.7,0.9,Mata Atlantica,GO,0,0,0
19.6,73.0,11.1,0.0,30,338.8,7.9,65.0,0.7,19.8,Mata Atlantica,GO,0,0,0
19.6,73.0,11.1,0.0,30,342.2,15.1,65.0,0.7,22.2,Mata Atlantica,GO,0,0,0
18.1,80.0,6.7,0.0,30,344.7,10.1,65.0,0.7,0.0,Mata Atlantica,GO,0,0,0
22.0,82.0,16.2,0.1,30,334.4,2.1,65.0,0.3,9.5,Caatinga,BA,0,0,0
24.7,62.0,8.5,0.0,30,336.3,3.4,65.0,0.3,6.4,Caatinga,BA,0,0,1
25.7,52.0,8.9,0.0,30,332.2,1.8,65.0,0.3,8.7,Caatinga,BA,0,0,1
19.7,93.0,20.5,0.0,30,339.1,3.7,65.0,0.3,7.9,Caatinga,BA,0,1,0
23.6,63.0,15.4,0.0,30,346.9,6.0,65.0,0.3,14.1,Caatinga,BA,0,0,0
23.6,63.0,15.4,0.0,30,337.4,3.3,65.0,0.3,9.4,Caatinga,BA,0,0,1
25.1,59.0,7.6,0.0,30,342.7,6.9,65.0,0.5,5.4,Cerrado,GO,0,0,1
25.1,59.0,7.6,0.0,30,340.9,8.9,65.0,0.5,9.1,Cerrado,GO,0,0,0
25.4,54.0,10.3,0.0,30,341.9,6.1,65.0,0.7,12.6,Mata Atlantica,GO,0,0,1
25.4,54.0,10.3,0.0,30,345.4,9.0,65.0,0.7,4.1,Mata Atlantica,GO,0,0,1
23.5,52.0,13.0,0.0,30,346.0,5.3,65.0,0.5,1.8,Cerrado,MT,0,0,1
23.5,52.0,13.0,0.0,30,355.6,18.5,65.0,0.5,20.0,Cerrado,MT,0,0,1
23.5,52.0,13.0,0.0,30,340.3,7.5,65.0,0.5,6.8,Cerrado,MT,0,0,1
26.6,42.0,15.3,0.0,30,335.3,5.6,65.0,0.5,9.3,Cerrado,MT,0,0,1
26.6,42.0,15.3,0.0,30,337.3,5.6,65.0,0.5,8.0,Cerrado,MT,0,0,1
26.6,42.0,15.3,0.0,30,337.9,5.3,65.0,0.5,12.7,Cerrado,MT,0,0,1
26.6,42.0,15.3,0.0,30,342.6,9.4,65.0,0.5,18.9,Cerrado,MT,0,0,1
26.8,62.0,6.2,0.0,30,334.4,3.3,65.0,0.5,12.9,Cerrado,GO,0,0,1
25.5,48.0,6.7,0.0,30,332.0,3.0,65.0,0.7,2.4,Mata Atlantica,GO,0,0,1
24.0,63.0,6.8,0.0,30,331.8,8.9,65.0,0.5,3.1,Cerrado,MT,0,0,0
24.1,62.0,6.9,0.0,30,341.1,8.9,65.0,0.5,8.0,Cerrado,MT,0,0,1
24.1,62.0,6.9,0.0,30,350.8,8.9,65.0,0.5,8.7,Cerrado,MT,0,0,1
25.2,51.0,12.9,0.0,30,354.8,11.1,65.0,0.7,1.4,Mata Atlantica,BA,0,0,1
25.2,51.0,12.9,0.0,30,337.9,11.2,65.0,0.7,14.1,Mata Atlantica,BA,0,0,1
25.2,51.0,12.9,0.0,30,353.5,16.3,65.0,0.7,4.6,Mata Atlantica,BA,0,0,1
25.2,51.0,12.9,0.0,30,345.8,10.7,65.0,0.7,17.5,Mata Atlantica,BA,0,0,1
25.2,51.0,12.9,0.0,30,353.0,10.7,65.0,0.7,19.1,Mata Atlantica,BA,0,0,1
25.2,51.0,12.9,0.0,30,349.2,30.0,65.0,0.7,8.8,Mata Atlantica,BA,0,0,1
28.8,49.0,10.1,0.0,30,344.9,11.6,65.0,0.7,12.2,Mata Atlantica,GO,0,0,1
28.8,49.0,10.1,0.0,30,343.1,8.7,65.0,0.7,3.8,Mata Atlantica,GO,0,0,1
28.8,49.0,10.1,0.0,30,343.8,8.7,65.0,0.7,13.1,Mata Atlantica,GO,0,0,1
26.5,51.0,6.2,0.0,30,336.1,2.0,65.0,0.7,7.5,Mata Atlantica,GO,0,0,1
26.5,51.0,6.2,0.0,30,351.6,18.8,65.0,0.7,4.6,Mata Atlantica,GO,0,0,1
26.5,51.0,6.2,0.0,30,347.9,17.6,65.0,0.7,8.6,Mata Atlantica,GO,0,0,1
26.5,51.0,6.2,0.0,30,343.8,17.7,65.0,0.7,7.7,Mata Atlantica,GO,0,0,1
26.5,51.0,6.2,0.0,30,344.4,17.8,65.0,0.7,8.4,Mata Atlantica,GO,0,0,1
28.5,51.0,9.7,0.0,30,332.9,10.6,65.0,0.5,14.7,Cerrado,MT,0,0,1
28.5,51.0,9.7,0.0,30,367.0,10.4,95.0,0.5,6.1,Cerrado,MT,0,0,1
28.5,51.0,9.7,0.0,30,343.5,10.4,65.0,0.5,18.7,Cerrado,MT,0,0,1
24.5,79.0,5.6,0.0,30,331.7,8.6,65.0,0.5,3.4,Cerrado,MT,0,0,0
24.3,76.0,6.7,0.0,30,326.9,6.8,65.0,0.5,18.1,Cerrado,MT,0,0,0
24.3,76.0,6.7,0.0,30,330.0,6.8,65.0,0.5,4.9,Cerrado,MT,0,0,0
21.2,83.0,8.6,0.0,30,332.6,2.3,65.0,0.3,10.0,Caatinga,BA,0,0,0
22.1,97.0,11.3,0.1,30,340.7,5.1,65.0,0.3,7.5,Caatinga,BA,0,0,0
22.1,97.0,11.3,0.1,30,342.2,6.1,65.0,0.3,8.3,Caatinga,BA,0,0,0
26.4,53.0,11.8,0.0,30,334.8,2.7,65.0,0.3,14.0,Caatinga,BA,0,0,1
26.4,53.0,11.8,0.0,30,343.5,7.0,65.0,0.3,17.5,Caatinga,BA,0,0,1
29.5,40.0,13.2,0.0,30,340.2,5.4,65.0,0.7,16.0,Mata Atlantica,TO,0,0,1
28.6,55.0,4.7,0.0,30,341.8,9.9,65.0,0.5,8.0,Cerrado,TO,0,0,1
25.4,53.0,8.7,0.0,30,353.9,30.3,65.0,0.7,10.9,Mata Atlantica,BA,0,0,0
25.4,53.0,8.7,0.0,30,356.3,30.3,65.0,0.7,6.1,Mata Atlantica,BA,0,0,1
22.4,93.0,11.2,0.0,30,344.7,4.3,65.0,0.3,5.0,Caatinga,BA,0,0,0
25.4,53.0,8.7,0.0,30,347.9,12.4,65.0,0.7,4.3,Mata Atlantica,BA,0,0,1
25.4,53.0,8.7,0.0,30,348.5,12.4,65.0,0.7,7.8,Mata Atlantica,BA,0,0,1
25.4,53.0,8.7,0.0,30,355.9,19.7,65.0,0.7,11.2,Mata Atlantica,BA,0,0,1
25.4,53.0,8.7,0.0,30,339.8,19.7,65.0,0.7,0.4,Mata Atlantica,BA,0,0,0
28.3,57.0,5.2,0.0,30,348.1,12.5,65.0,0.5,9.8,Cerrado,TO,0,0,1
29.0,43.0,10.4,0.0,30,367.0,18.4,95.0,0.7,17.6,Mata Atlantica,TO,0,0,1
28.2,45.0,9.6,0.0,30,336.7,2.6,65.0,0.7,15.6,Mata Atlantica,TO,0,0,1
29.0,43.0,10.4,0.0,30,355.3,18.4,65.0,0.7,7.1,Mata Atlantica,TO,0,0,1
29.0,43.0,10.4,0.0,30,339.2,18.4,65.0,0.7,3.0,Mata Atlantica,TO,0,0,1
29.0,43.0,10.4,0.0,30,339.1,5.1,65.0,0.7,12.3,Mata Atlantica,TO,0,0,1
28.9,52.0,5.1,0.0,30,340.4,9.9,65.0,0.5,0.0,Cerrado,TO,0,0,1
28.9,52.0,5.1,0.0,30,342.5,16.1,65.0,0.5,15.6,Cerrado,TO,0,0,1
26.0,52.0,7.0,0.0,30,341.4,12.1,65.0,0.3,8.9,Caatinga,BA,0,0,1
26.0,52.0,7.0,0.0,30,339.7,12.1,65.0,0.3,19.2,Caatinga,BA,0,0,1
26.0,52.0,7.0,0.0,30,340.7,12.1,65.0,0.3,1.4,Caatinga,BA,0,0,1
28.6,44.0,8.1,0.0,30,342.2,2.7,65.0,0.7,14.6,Mata Atlantica,TO,0,0,1
26.2,52.0,6.1,0.0,30,347.8,7.2,65.0,0.7,9.5,Mata Atlantica,TO,0,0,1
25.8,60.0,2.2,0.0,30,347.1,16.9,65.0,0.7,8.3,Mata Atlantica,BA,0,0,0
24.5,68.0,11.2,0.0,30,335.5,13.5,65.0,0.5,3.2,Cerrado,MT,0,0,1
25.8,60.0,2.2,0.0,30,354.0,16.9,65.0,0.7,13.0,Mata Atlantica,BA,0,0,0
24.5,68.0,11.2,0.0,30,326.0,8.1,65.0,0.5,13.4,Cerrado,MT,0,0,1
25.8,60.0,2.2,0.0,30,347.7,7.1,65.0,0.7,18.9,Mata Atlantica,BA,0,0,0
24.2,71.0,9.1,0.0,30,333.8,15.4,65.0,0.5,15.0,Cerrado,MT,0,0,0
29.0,43.0,9.2,0.0,30,340.2,4.3,65.0,0.7,7.0,Mata Atlantica,TO,0,0,1
22.6,64.0,12.2,0.0,30,345.3,6.2,65.0,0.3,5.0,Caatinga,BA,0,0,1
22.6,64.0,12.2,0.0,30,342.2,3.3,65.0,0.3,3.2,Caatinga,BA,0,0,0
26.9,61.0,3.1,0.0,30,333.1,2.9,65.0,0.5,17.4,Cerrado,MT,0,0,0
23.8,66.0,4.6,0.0,30,347.3,8.1,65.0,0.7,6.1,Mata Atlantica,BA,0,0,0
28.1,49.0,8.2,0.0,30,339.9,4.5,65.0,0.7,17.4,Mata Atlantica,TO,0,0,1
29.2,40.0,14.0,0.0,30,334.3,7.3,65.0,0.7,12.6,Mata Atlantica,TO,0,0,1
29.2,40.0,14.0,0.0,30,344.3,16.5,65.0,0.7,11.6,Mata Atlantica,TO,0,0,1
22.4,93.0,9.7,0.0,30,332.2,2.9,65.0,0.3,8.5,Caatinga,BA,0,0,0
21.7,95.0,12.7,0.0,30,336.3,2.6,65.0,0.3,13.3,Caatinga,BA,0,0,0
21.9,93.0,12.5,0.0,30,334.3,1.9,65.0,0.3,9.9,Caatinga,BA,0,0,0
24.5,84.0,8.8,0.0,30,328.2,4.2,65.0,0.5,8.2,Cerrado,MT,0,0,1
24.5,84.0,8.8,0.0,30,341.3,6.6,65.0,0.5,13.5,Cerrado,MT,0,0,0
24.5,84.0,8.8,0.0,30,336.4,4.2,65.0,0.5,9.3,Cerrado,MT,0,0,0
24.5,84.0,8.8,0.0,30,330.7,6.6,65.0,0.5,6.0,Cerrado,MT,0,0,0
24.4,75.0,9.0,0.0,30,330.2,5.3,65.0,0.5,13.0,Cerrado,MT,0,0,0
24.4,75.0,9.0,0.0,30,328.3,6.1,65.0,0.5,9.7,Cerrado,MT,0,0,1
27.5,44.0,4.4,0.0,30,337.8,5.5,65.0,0.7,12.4,Mata Atlantica,TO,0,0,1
27.6,43.0,6.1,0.0,30,337.0,5.5,65.0,0.7,7.7,Mata Atlantica,TO,0,0,1
22.0,90.0,15.1,0.0,30,346.4,6.8,65.0,0.3,4.0,Caatinga,BA,0,0,0
22.0,90.0,15.1,0.0,30,348.0,8.7,65.0,0.3,18.7,Caatinga,BA,0,0,0
28.7,51.0,9.5,0.0,30,340.7,5.6,65.0,0.5,17.7,Cerrado,MT,0,0,1
28.7,51.0,9.5,0.0,30,336.5,7.1,65.0,0.5,14.4,Cerrado,MT,0,0,1
28.7,51.0,9.5,0.0,30,347.1,5.6,65.0,0.5,8.1,Cerrado,MT,0,0,1
28.7,51.0,9.5,0.0,30,333.6,7.1,65.0,0.5,8.5,Cerrado,MT,0,0,1
28.7,51.0,9.5,0.0,30,351.6,8.9,65.0,0.5,16.9,Cerrado,MT,0,0,1
28.7,51.0,9.5,0.0,30,367.0,16.3,95.0,0.5,8.2,Cerrado,MT,0,0,1
28.7,51.0,9.5,0.0,30,341.7,11.8,65.0,0.5,6.8,Cerrado,MT,0,0,1
28.7,51.0,9.5,0.0,30,348.6,18.9,65.0,0.5,19.4,Cerrado,MT,0,0,1
28.7,51.0,9.5,0.0,30,367.0,16.3,95.0,0.5,9.8,Cerrado,MT,0,0,1
28.7,51.0,9.5,0.0,30,352.0,23.2,65.0,0.5,18.8,Cerrado,MT,0,0,1
28.7,51.0,9.5,0.0,30,341.1,11.8,65.0,0.5,3.0,Cerrado,MT,0,0,1
21.8,95.0,10.6,0.5,30,333.7,1.8,65.0,0.3,12.6,Caatinga,BA,0,0,0
27.4,67.0,4.1,0.0,30,341.2,10.6,65.0,0.5,20.4,Cerrado,TO,0,0,0
27.4,67.0,4.1,0.0,30,338.0,11.3,65.0,0.5,10.1,Cerrado,TO,0,0,1
27.4,67.0,4.1,0.0,30,343.3,8.7,65.0,0.5,8.7,Cerrado,TO,0,0,1
27.4,67.0,4.1,0.0,30,337.9,8.7,65.0,0.5,4.2,Cerrado,TO,0,0,1
27.4,67.0,4.1,0.0,30,352.3,11.3,65.0,0.5,15.4,Cerrado,TO,0,0,1
27.4,67.0,4.1,0.0,30,341.8,8.7,65.0,0.5,6.1,Cerrado,TO,0,0,0
29.8,47.0,9.7,0.0,30,346.5,8.3,65.0,0.5,9.5,Cerrado,MT,0,0,1
24.6,67.0,4.0,0.0,30,332.8,4.1,65.0,0.7,3.8,Mata Atlantica,BA,0,0,1
29.8,47.0,9.7,0.0,30,367.0,8.3,95.0,0.5,17.8,Cerrado,MT,0,0,1
29.8,47.0,9.7,0.0,30,352.9,5.1,65.0,0.5,15.8,Cerrado,MT,0,0,1
29.8,47.0,9.7,0.0,30,335.0,5.1,65.0,0.5,9.8,Cerrado,MT,0,0,1
27.0,48.0,4.4,0.0,30,353.7,8.8,65.0,0.7,4.2,Mata Atlantica,TO,0,0,1
27.0,48.0,4.4,0.0,30,338.6,8.8,65.0,0.7,17.7,Mata Atlantica,TO,0,0,1
27.0,48.0,4.4,0.0,30,350.5,8.0,65.0,0.7,8.2,Mata Atlantica,TO,0,0,1
27.0,48.0,4.4,0.0,30,352.9,8.1,65.0,0.7,4.5,Mata Atlantica,TO,0,0,1
27.0,48.0,4.4,0.0,30,348.7,8.1,65.0,0.7,1.2,Mata Atlantica,TO,0,0,0
27.0,48.0,4.4,0.0,30,344.8,4.9,65.0,0.7,6.8,Mata Atlantica,TO,0,0,1
27.0,48.0,4.4,0.0,30,349.2,4.9,65.0,0.7,2.7,Mata Atlantica,TO,0,0,1
27.0,48.0,4.4,0.0,30,367.0,8.8,95.0,0.7,6.9,Mata Atlantica,TO,0,0,0
27.0,48.0,4.4,0.0,30,367.0,69.7,95.0,0.7,13.7,Mata Atlantica,TO,0,0,1
27.6,60.0,1.5,0.0,30,345.1,5.5,65.0,0.7,8.1,Mata Atlantica,TO,0,0,1
27.0,48.0,4.4,0.0,30,338.5,61.3,65.0,0.7,11.8,Mata Atlantica,TO,0,0,1
27.0,48.0,4.4,0.0,30,356.3,69.7,65.0,0.7,6.4,Mata Atlantica,TO,0,0,1
27.0,48.0,4.4,0.0,30,352.5,69.7,65.0,0.7,10.3,Mata Atlantica,TO,0,0,1
27.0,48.0,4.4,0.0,30,346.3,8.1,65.0,0.7,19.6,Mata Atlantica,TO,0,0,0
27.0,48.0,4.4,0.0,30,347.0,69.6,65.0,0.7,8.3,Mata Atlantica,TO,0,0,1
27.0,48.0,4.4,0.0,30,356.1,69.6,65.0,0.7,11.9,Mata Atlantica,TO,0,0,1
27.0,48.0,4.4,0.0,30,367.0,69.6,95.0,0.7,2.2,Mata Atlantica,TO,0,0,1
27.0,48.0,4.4,0.0,30,367.0,69.6,95.0,0.7,17.6,Mata Atlantica,TO,0,0,1
27.0,48.0,4.4,0.0,30,353.7,45.3,65.0,0.7,7.6,Mata Atlantica,TO,0,0,1
27.0,48.0,4.4,0.0,30,356.7,45.3,65.0,0.7,15.3,Mata Atlantica,TO,0,0,0
27.0,48.0,4.4,0.0,30,351.4,11.5,65.0,0.7,9.4,Mata Atlantica,TO,0,0,0
27.0,48.0,4.4,0.0,30,367.0,13.2,95.0,0.7,13.1,Mata Atlantica,TO,0,0,0
24.6,77.0,7.8,0.0,30,330.2,8.9,65.0,0.5,13.4,Cerrado,MT,0,0,1
24.6,77.0,7.8,0.0,30,328.5,8.2,65.0,0.5,7.7,Cerrado,MT,0,0,1
22.0,96.0,10.5,0.2,30,334.0,3.7,65.0,0.3,15.5,Caatinga,BA,0,0,0
26.6,50.0,4.2,0.0,30,353.2,7.4,65.0,0.7,6.2,Mata Atlantica,TO,0,0,1
26.6,50.0,4.2,0.0,30,355.2,15.3,65.0,0.7,13.9,Mata Atlantica,TO,0,0,1
24.4,77.0,8.2,0.0,30,328.0,6.1,65.0,0.5,8.0,Cerrado,MT,0,0,0
26.6,50.0,4.2,0.0,30,356.9,15.3,65.0,0.7,11.7,Mata Atlantica,TO,0,0,1
25.8,50.0,4.2,0.0,30,342.1,7.6,65.0,0.7,7.7,Mata Atlantica,TO,0,0,1
26.6,50.0,4.2,0.0,30,342.8,8.5,65.0,0.7,10.2,Mata Atlantica,TO,0,0,1
26.6,50.0,4.2,0.0,30,352.7,50.9,65.0,0.7,4.6,Mata Atlantica,TO,0,0,1
26.6,50.0,4.2,0.0,30,367.0,50.9,95.0,0.7,11.2,Mata Atlantica,TO,0,0,1
26.6,50.0,4.2,0.0,30,347.9,15.3,65.0,0.7,10.2,Mata Atlantica,TO,0,0,1
26.6,50.0,4.2,0.0,30,367.0,50.9,95.0,0.7,7.3,Mata Atlantica,TO,0,0,0
26.6,50.0,4.2,0.0,30,355.5,50.9,65.0,0.7,9.7,Mata Atlantica,TO,0,0,1
26.2,50.0,4.2,0.0,30,346.2,7.1,65.0,0.7,10.7,Mata Atlantica,TO,0,0,1
26.2,50.0,4.2,0.0,30,351.7,7.1,65.0,0.7,6.9,Mata Atlantica,TO,0,0,1
26.2,50.0,4.2,0.0,30,351.3,7.3,65.0,0.7,9.4,Mata Atlantica,TO,0,0,1
26.6,50.0,4.2,0.0,30,345.7,7.3,65.0,0.7,5.0,Mata Atlantica,TO,0,0,1
26.6,50.0,4.2,0.0,30,351.9,8.9,65.0,0.7,21.7,Mata Atlantica,TO,0,0,1
26.6,50.0,4.2,0.0,30,367.0,8.9,95.0,0.7,15.3,Mata Atlantica,TO,0,0,1
26.6,50.0,4.2,0.0,30,367.0,12.5,95.0,0.7,11.4,Mata Atlantica,TO,0,0,0
26.6,50.0,4.2,0.0,30,367.0,12.5,95.0,0.7,15.9,Mata Atlantica,TO,0,0,0
26.6,50.0,4.2,0.0,30,357.1,26.0,65.0,0.7,0.1,Mata Atlantica,TO,0,0,1
23.5,83.0,11.7,0.0,30,333.2,2.3,65.0,0.3,0.0,Caatinga,BA,0,0,0
26.6,59.0,3.4,0.0,30,340.8,5.8,65.0,0.7,8.0,Mata Atlantica,TO,0,0,1
26.6,59.0,3.4,0.0,30,342.6,5.8,65.0,0.7,3.1,Mata Atlantica,TO,0,0,1
26.5,51.0,5.2,0.0,30,351.3,7.7,65.0,0.7,8.8,Mata Atlantica,TO,0,0,1
26.5,51.0,5.2,0.0,30,341.3,8.6,65.0,0.7,11.0,Mata Atlantica,TO,0,0,1
26.5,51.0,5.2,0.0,30,344.0,9.5,65.0,0.7,14.6,Mata Atlantica,TO,0,0,0
26.5,51.0,5.2,0.0,30,351.0,17.0,65.0,0.7,4.3,Mata Atlantica,TO,0,0,1
26.5,51.0,5.2,0.0,30,349.9,23.8,65.0,0.7,12.0,Mata Atlantica,TO,0,0,1
26.5,51.0,5.2,0.0,30,346.1,17.0,65.0,0.7,10.1,Mata Atlantica,TO,0,0,1
26.5,51.0,5.2,0.0,30,355.3,8.6,65.0,0.7,11.7,Mata Atlantica,TO,0,0,1
26.5,51.0,5.2,0.0,30,354.7,9.5,65.0,0.7,7.4,Mata Atlantica,TO,0,0,1
26.5,51.0,5.2,0.0,30,350.8,8.6,65.0,0.7,16.9,Mata Atlantica,TO,0,0,1
26.5,51.0,5.2,0.0,30,350.9,9.5,65.0,0.7,9.5,Mata Atlantica,TO,0,0,1
26.5,51.0,5.2,0.0,30,354.9,17.0,65.0,0.7,18.9,Mata Atlantica,TO,0,0,1
26.5,51.0,5.2,0.0,30,354.1,23.8,65.0,0.7,6.0,Mata Atlantica,TO,0,0,1
26.5,51.0,5.2,0.0,30,367.0,17.0,95.0,0.7,13.7,Mata Atlantica,TO,0,0,1
26.5,51.0,5.2,0.0,30,367.0,23.8,95.0,0.7,9.7,Mata Atlantica,TO,0,0,1
26.5,51.0,5.2,0.0,30,367.0,14.6,95.0,0.7,8.4,Mata Atlantica,TO,0,0,0
25.9,62.0,5.7,0.0,30,347.5,5.6,65.0,0.7,13.2,Mata Atlantica,TO,0,0,1
26.5,51.0,5.2,0.0,30,356.0,10.9,65.0,0.7,8.5,Mata Atlantica,TO,0,0,1
26.5,51.0,5.2,0.0,30,367.0,10.9,95.0,0.7,0.0,Mata Atlantica,TO,0,0,1
26.5,51.0,5.2,0.0,30,367.0,10.0,95.0,0.7,0.0,Mata Atlantica,TO,0,0,1
26.5,51.0,5.2,0.0,30,367.0,10.0,95.0,0.7,16.4,Mata Atlantica,TO,0,0,1
26.5,51.0,5.2,0.0,30,344.3,7.7,65.0,0.7,16.2,Mata Atlantica,TO,0,0,1
27.7,42.0,8.0,0.0,30,343.0,3.4,65.0,0.7,19.4,Mata Atlantica,TO,0,0,1
27.7,42.0,8.0,0.0,30,344.9,4.8,65.0,0.7,9.9,Mata Atlantica,TO,0,0,1
27.4,62.0,10.0,0.0,30,334.9,11.4,65.0,0.5,3.5,Cerrado,TO,0,0,1
27.7,42.0,8.0,0.0,30,343.2,4.0,65.0,0.7,7.9,Mata Atlantica,TO,0,0,1
27.4,62.0,10.0,0.0,30,343.1,11.4,65.0,0.5,10.1,Cerrado,TO,0,0,1
29.0,52.0,8.3,0.0,30,338.2,17.2,65.0,0.5,5.0,Cerrado,TO,0,0,1
29.0,52.0,8.3,0.0,30,348.1,27.8,65.0,0.5,18.2,Cerrado,TO,0,0,1
29.0,52.0,8.3,0.0,30,343.1,17.2,65.0,0.5,21.2,Cerrado,TO,0,0,1
29.0,52.0,8.3,0.0,30,340.7,7.7,65.0,0.5,12.4,Cerrado,TO,0,0,1
27.5,46.0,6.9,0.0,30,349.4,4.5,65.0,0.7,9.9,Mata Atlantica,TO,0,0,1
27.1,54.0,8.6,0.0,30,352.3,5.6,65.0,0.7,3.5,Mata Atlantica,TO,0,0,1
27.1,54.0,8.6,0.0,30,339.2,5.6,65.0,0.7,17.7,Mata Atlantica,TO,0,0,1
27.1,54.0,8.6,0.0,30,367.0,9.5,95.0,0.7,10.4,Mata Atlantica,TO,0,0,0
27.1,54.0,8.6,0.0,30,340.6,4.2,65.0,0.7,8.6,Mata Atlantica,TO,0,0,1
24.9,76.0,8.9,0.0,30,353.5,13.9,65.0,0.5,12.4,Cerrado,MT,0,0,1
26.4,65.0,5.6,0.0,30,333.9,3.2,65.0,0.5,7.1,Cerrado,TO,0,0,0
26.4,65.0,5.6,0.0,30,332.0,2.5,65.0,0.5,10.7,Cerrado,TO,0,0,0
28.2,54.0,10.1,0.0,30,329.9,3.7,65.0,0.5,2.8,Cerrado,MT,0,0,1
28.2,54.0,10.1,0.0,30,331.5,2.9,65.0,0.5,15.4,Cerrado,MT,0,0,1
29.4,46.0,11.6,0.0,30,335.5,41.1,65.0,0.5,9.5,Cerrado,TO,0,0,1
29.4,46.0,11.6,0.0,30,356.4,41.1,65.0,0.5,15.8,Cerrado,TO,0,0,1
29.4,46.0,11.6,0.0,30,351.7,41.1,65.0,0.5,9.0,Cerrado,TO,0,0,1
29.5,47.0,9.6,0.0,30,338.3,10.6,65.0,0.5,9.3,Cerrado,TO,0,0,1
29.4,46.0,11.6,0.0,30,344.1,28.6,65.0,0.5,3.9,Cerrado,TO,0,0,1
29.5,47.0,9.6,0.0,30,337.9,10.6,65.0,0.5,13.8,Cerrado,TO,0,0,0
29.5,47.0,9.6,0.0,30,345.0,28.6,65.0,0.5,5.6,Cerrado,TO,0,0,1
29.5,47.0,9.6,0.0,30,344.1,14.1,65.0,0.5,7.6,Cerrado,TO,0,0,1
29.4,46.0,11.6,0.0,30,341.7,8.3,65.0,0.5,10.0,Cerrado,TO,0,0,1
29.5,47.0,9.6,0.0,30,347.3,15.6,65.0,0.5,10.6,Cerrado,TO,0,0,1
29.5,47.0,9.6,0.0,30,355.8,15.6,65.0,0.5,1.5,Cerrado,TO,0,0,1
29.5,47.0,9.6,0.0,30,356.7,28.6,65.0,0.5,8.8,Cerrado,TO,0,0,1
29.5,47.0,9.6,0.0,30,367.0,14.1,95.0,0.5,14.0,Cerrado,TO,0,0,1
29.5,47.0,9.6,0.0,30,333.4,14.1,65.0,0.5,8.1,Cerrado,TO,0,0,1
29.4,46.0,11.6,0.0,30,341.8,8.3,65.0,0.5,8.9,Cerrado,TO,0,0,1
29.5,47.0,9.6,0.0,30,340.9,15.6,65.0,0.5,10.8,Cerrado,TO,0,0,1
29.5,43.0,4.2,0.0,30,337.5,5.2,65.0,0.7,9.4,Mata Atlantica,TO,0,0,1
29.5,43.0,4.2,0.0,30,338.4,4.5,65.0,0.7,4.8,Mata Atlantica,TO,0,0,1
29.5,43.0,4.2,0.0,30,330.8,5.2,65.0,0.7,9.8,Mata Atlantica,TO,0,0,1
24.8,65.0,4.5,0.0,30,354.0,10.4,65.0,0.7,15.0,Mata Atlantica,TO,0,0,0
25.6,65.0,4.5,0.0,30,331.1,4.3,65.0,0.7,4.7,Mata Atlantica,TO,0,0,0
29.9,39.0,4.5,0.0,30,354.3,7.9,65.0,0.7,8.1,Mata Atlantica,TO,0,0,1
26.4,70.0,5.1,0.0,30,367.0,8.1,95.0,0.5,3.1,Cerrado,MT,0,0,1
27.8,66.0,3.7,0.0,30,342.4,37.4,65.0,0.7,14.7,Mata Atlantica,TO,0,0,0
27.8,66.0,3.7,0.0,30,356.3,37.4,65.0,0.7,9.5,Mata Atlantica,TO,0,0,0
27.8,66.0,3.7,0.0,30,342.8,8.0,65.0,0.7,5.7,Mata Atlantica,TO,0,0,0
27.8,66.0,3.7,0.0,30,350.0,37.4,65.0,0.7,10.5,Mata Atlantica,TO,0,0,0
27.8,66.0,3.7,0.0,30,353.3,37.4,65.0,0.7,4.0,Mata Atlantica,TO,0,0,1
27.8,66.0,3.7,0.0,30,333.9,8.0,65.0,0.7,4.8,Mata Atlantica,TO,0,0,1
28.4,60.0,3.3,0.0,30,341.8,11.4,65.0,0.7,2.7,Mata Atlantica,TO,0,0,1
27.8,66.0,3.7,0.0,30,351.2,11.4,65.0,0.7,4.7,Mata Atlantica,TO,0,0,0
28.2,59.0,5.0,0.0,30,355.5,33.1,65.0,0.7,16.8,Mata Atlantica,TO,0,0,1
28.2,59.0,5.0,0.0,30,342.7,14.0,65.0,0.7,6.3,Mata Atlantica,TO,0,0,1
27.5,52.0,10.5,0.0,30,342.7,3.8,65.0,0.7,12.3,Mata Atlantica,TO,0,0,1
26.0,67.0,10.6,0.0,30,334.3,2.0,65.0,0.3,5.8,Caatinga,BA,0,0,1
26.8,67.0,13.5,0.0,30,336.5,2.4,65.0,0.3,13.8,Caatinga,BA,0,0,1
30.5,39.0,11.1,0.0,30,354.9,7.3,65.0,0.8,4.9,Amazonia,PA,0,0,1
30.5,39.0,11.1,0.0,30,347.2,5.6,65.0,0.8,10.2,Amazonia,PA,0,0,1
30.5,39.0,11.1,0.0,30,367.0,8.5,95.0,0.8,10.3,Amazonia,PA,0,0,1
30.5,39.0,11.1,0.0,30,347.5,6.3,65.0,0.8,21.6,Amazonia,PA,0,0,1
30.5,39.0,11.1,0.0,30,334.9,6.3,65.0,0.8,13.2,Amazonia,PA,0,0,1
27.2,53.0,12.3,0.0,30,336.6,2.1,65.0,0.3,7.0,Caatinga,BA,0,0,1
30.3,39.0,6.7,0.0,30,350.5,6.2,65.0,0.8,13.4,Amazonia,PA,0,0,1
30.3,39.0,6.7,0.0,30,345.7,6.2,65.0,0.8,20.7,Amazonia,PA,0,0,1
29.7,41.0,13.4,0.0,30,352.5,16.7,65.0,0.8,1.9,Amazonia,PA,0,0,1
29.7,41.0,13.4,0.0,30,341.1,6.1,65.0,0.8,5.8,Amazonia,PA,0,0,1
29.7,41.0,13.4,0.0,30,367.0,16.7,95.0,0.8,8.8,Amazonia,PA,0,0,1
29.7,41.0,13.4,0.0,30,331.3,4.3,65.0,0.8,7.9,Amazonia,PA,0,0,1
30.8,35.0,10.5,0.0,30,344.6,4.7,65.0,0.8,8.3,Amazonia,PA,0,0,1
30.8,35.0,10.5,0.0,30,337.8,9.1,65.0,0.8,3.5,Amazonia,PA,0,0,1
30.8,35.0,10.5,0.0,30,348.2,5.3,65.0,0.8,17.0,Amazonia,PA,0,0,1
30.8,35.0,10.5,0.0,30,335.8,4.4,65.0,0.8,2.9,Amazonia,PA,0,0,1
30.8,35.0,10.5,0.0,30,336.3,4.4,65.0,0.8,9.0,Amazonia,PA,0,0,1
30.0,37.0,5.2,0.0,30,343.8,4.7,65.0,0.8,15.2,Amazonia,PA,0,0,1
30.8,35.0,10.5,0.0,30,336.0,2.5,65.0,0.8,9.8,Amazonia,PA,0,0,1
30.5,38.0,10.7,0.0,30,341.7,11.3,65.0,0.8,5.1,Amazonia,PA,0,0,1
30.5,38.0,10.7,0.0,30,347.3,66.8,65.0,0.8,3.3,Amazonia,PA,0,0,1
30.5,38.0,10.7,0.0,30,347.8,18.9,65.0,0.8,8.9,Amazonia,PA,0,0,1
30.5,38.0,10.7,0.0,30,342.9,43.3,65.0,0.8,6.2,Amazonia,PA,0,0,1
30.5,38.0,10.7,0.0,30,367.0,43.5,95.0,0.8,11.0,Amazonia,PA,0,0,1
30.5,38.0,10.7,0.0,30,341.2,9.8,65.0,0.8,3.0,Amazonia,PA,0,0,1
30.7,37.0,10.6,0.0,30,348.7,9.7,65.0,0.8,14.1,Amazonia,PA,0,0,1
30.7,37.0,10.6,0.0,30,334.9,7.3,65.0,0.8,10.6,Amazonia,PA,0,0,1
31.1,35.0,10.5,0.0,30,340.3,6.4,65.0,0.8,10.9,Amazonia,PA,0,0,1
31.0,36.0,10.7,0.0,30,338.6,5.2,65.0,0.8,17.2,Amazonia,PA,0,0,1
31.0,36.0,10.7,0.0,30,344.2,6.2,65.0,0.8,7.8,Amazonia,PA,0,0,1
31.2,35.0,14.7,0.0,30,344.1,8.5,65.0,0.8,6.4,Amazonia,PA,0,0,1
31.2,35.0,14.7,0.0,30,342.7,6.8,65.0,0.8,7.3,Amazonia,PA,0,0,1
31.0,44.0,4.0,0.0,30,338.8,6.4,65.0,0.8,9.0,Amazonia,PA,0,0,1
31.0,36.0,10.7,0.0,30,343.3,6.2,65.0,0.8,9.5,Amazonia,PA,0,0,1
31.0,44.0,4.0,0.0,30,356.0,20.1,65.0,0.8,5.8,Amazonia,PA,0,0,1
31.0,44.0,4.0,0.0,30,367.0,15.7,95.0,0.8,0.0,Amazonia,PA,0,0,1
31.0,44.0,4.0,0.0,30,340.3,15.7,65.0,0.8,7.2,Amazonia,PA,0,0,1
31.0,36.0,10.7,0.0,30,346.5,8.1,65.0,0.8,11.8,Amazonia,PA,0,0,1
31.0,44.0,4.0,0.0,30,367.0,20.1,95.0,0.8,10.7,Amazonia,PA,0,0,1
31.0,44.0,4.0,0.0,30,344.2,20.1,65.0,0.8,16.0,Amazonia,PA,0,0,1
31.0,44.0,4.0,0.0,30,367.0,15.7,95.0,0.8,19.8,Amazonia,PA,0,0,1
31.0,44.0,4.0,0.0,30,367.0,15.7,95.0,0.8,13.8,Amazonia,PA,0,0,1
31.0,36.0,10.7,0.0,30,337.8,8.1,65.0,0.8,16.9,Amazonia,PA,0,0,1
31.0,44.0,4.0,0.0,30,357.0,12.0,65.0,0.8,13.8,Amazonia,PA,0,0,1
26.5,42.0,7.0,0.0,30,334.8,2.2,65.0,0.3,18.5,Caatinga,BA,0,0,1
26.6,63.0,12.1,0.0,30,333.1,6.2,65.0,0.3,19.3,Caatinga,BA,0,0,1
27.3,57.0,10.7,0.0,30,336.7,2.4,65.0,0.3,14.8,Caatinga,BA,0,0,1
28.5,38.0,9.3,0.0,30,337.5,2.2,65.0,0.7,13.5,Mata Atlantica,BA,0,0,1
26.8,62.0,8.9,0.0,30,332.8,4.1,65.0,0.3,9.0,Caatinga,BA,0,0,1
26.8,62.0,8.9,0.0,30,333.7,6.6,65.0,0.3,9.8,Caatinga,BA,0,0,0
30.0,35.0,14.4,0.0,30,335.9,17.5,65.0,0.8,8.3,Amazonia,PA,0,0,1
30.0,35.0,14.4,0.0,30,332.2,3.4,65.0,0.8,13.1,Amazonia,PA,0,0,1
31.1,43.0,5.4,0.0,30,334.0,4.4,65.0,0.8,6.4,Amazonia,PA,0,0,1
31.0,34.0,9.4,0.0,30,339.1,3.6,65.0,0.8,9.0,Amazonia,PA,0,0,1
31.0,35.0,7.0,0.0,30,333.5,2.7,65.0,0.8,0.0,Amazonia,PA,0,0,1
23.2,70.0,13.7,0.0,30,329.2,1.0,65.0,0.7,18.6,Mata Atlantica,??,0,0,1
26.2,62.0,7.8,0.0,30,334.8,3.8,65.0,0.8,8.9,Amazonia,PA,0,0,0
26.2,62.0,7.8,0.0,30,332.3,4.1,65.0,0.8,12.3,Amazonia,PA,0,0,1
25.8,60.0,8.6,0.0,30,367.0,9.1,95.0,0.8,17.3,Amazonia,PA,0,0,1
25.7,60.0,8.6,0.0,30,353.6,13.9,65.0,0.8,11.5,Amazonia,PA,0,0,1
25.8,60.0,8.6,0.0,30,367.0,9.7,95.0,0.8,17.2,Amazonia,PA,0,0,1
25.7,60.0,8.6,0.0,30,349.8,14.1,65.0,0.8,3.8,Amazonia,PA,0,0,1
26.3,62.0,7.8,0.0,30,340.8,4.0,65.0,0.8,22.0,Amazonia,PA,0,0,1
26.5,62.0,7.8,0.0,30,333.9,4.0,65.0,0.8,15.4,Amazonia,PA,0,0,1
26.3,62.0,7.8,0.0,30,341.3,5.9,65.0,0.8,11.0,Amazonia,PA,0,0,1
26.6,62.0,7.8,0.0,30,332.0,4.6,65.0,0.8,17.1,Amazonia,PA,0,0,1
26.6,62.0,7.8,0.0,30,333.0,5.9,65.0,0.8,4.2,Amazonia,PA,0,0,1
27.0,64.0,9.4,0.0,30,342.1,3.8,65.0,0.8,8.6,Amazonia,PA,0,0,1
27.0,64.0,9.4,0.0,30,343.7,4.2,65.0,0.8,17.2,Amazonia,PA,0,0,1
30.0,35.0,9.3,0.0,30,333.3,4.6,65.0,0.8,0.7,Amazonia,PA,0,0,1
27.0,64.0,9.4,0.0,30,330.0,3.5,65.0,0.8,12.8,Amazonia,PA,0,0,1
26.5,78.0,0.4,0.0,30,350.8,9.2,65.0,0.8,12.7,Amazonia,PA,0,0,0
26.5,78.0,0.4,0.0,30,341.4,10.9,65.0,0.8,19.8,Amazonia,PA,0,0,0
30.1,39.0,8.6,0.0,30,367.0,16.1,95.0,0.8,2.1,Amazonia,PA,0,0,1
30.1,39.0,8.6,0.0,30,337.6,15.0,65.0,0.8,18.0,Amazonia,PA,0,0,1
30.1,39.0,8.6,0.0,30,339.9,16.1,65.0,0.8,7.2,Amazonia,PA,0,0,1
28.1,45.0,4.0,0.0,30,346.6,11.7,65.0,0.8,7.8,Amazonia,PA,0,0,1
26.0,76.0,6.4,0.0,30,331.6,3.9,65.0,0.8,3.9,Amazonia,PA,0,0,0
26.0,76.0,6.4,0.0,30,334.0,15.6,65.0,0.8,4.6,Amazonia,PA,0,0,1
25.7,75.0,5.6,0.0,30,357.2,11.4,65.0,0.8,12.0,Amazonia,PA,0,0,0
26.0,76.0,6.4,0.0,30,367.0,16.4,95.0,0.8,4.4,Amazonia,PA,0,0,0
25.7,75.0,5.6,0.0,30,337.0,10.6,65.0,0.8,13.7,Amazonia,PA,0,0,1
26.0,76.0,6.4,0.0,30,367.0,15.6,95.0,0.8,6.7,Amazonia,PA,0,0,0
25.7,75.0,5.6,0.0,30,350.3,8.6,65.0,0.8,3.9,Amazonia,PA,0,0,1
26.0,76.0,6.4,0.0,30,367.0,14.5,95.0,0.8,7.4,Amazonia,PA,0,0,0
29.6,62.0,3.5,0.0,30,344.6,8.7,65.0,0.8,11.7,Amazonia,PA,0,0,0
26.1,72.0,6.7,0.0,30,337.8,5.3,65.0,0.8,8.6,Amazonia,PA,0,0,1
28.6,44.0,11.0,0.0,30,342.7,8.1,65.0,0.8,10.2,Amazonia,PA,0,0,1
29.5,41.0,4.8,0.0,30,333.8,3.6,65.0,0.7,13.5,Mata Atlantica,MA,0,0,1
29.5,41.0,4.8,0.0,30,337.2,4.1,65.0,0.7,15.4,Mata Atlantica,MA,0,0,1
24.9,78.0,6.9,0.0,30,336.1,4.0,65.0,0.8,8.4,Amazonia,PA,0,0,0
31.1,36.0,7.8,0.0,30,338.3,7.8,65.0,0.8,4.8,Amazonia,PA,0,0,1
31.1,36.0,7.8,0.0,30,339.4,4.4,65.0,0.8,10.4,Amazonia,PA,0,0,1
31.1,36.0,7.8,0.0,30,341.3,4.4,65.0,0.8,12.4,Amazonia,PA,0,0,1
29.7,40.0,4.2,0.0,30,330.5,3.4,65.0,0.8,2.7,Amazonia,PA,0,0,1
25.3,78.0,5.6,0.0,30,343.2,3.8,65.0,0.8,5.5,Amazonia,PA,0,0,0
25.3,78.0,5.6,0.0,30,333.5,3.8,65.0,0.8,6.4,Amazonia,PA,0,0,0
26.0,76.0,5.3,0.0,30,333.9,4.7,65.0,0.8,9.0,Amazonia,PA,0,0,0
30.9,42.0,11.3,0.0,30,330.3,1.8,65.0,0.8,6.2,Amazonia,PA,0,0,1
25.7,76.0,5.3,0.0,30,333.6,2.8,65.0,0.8,13.5,Amazonia,PA,0,0,0
25.7,76.0,5.3,0.0,30,335.2,3.7,65.0,0.8,2.0,Amazonia,PA,0,0,0
29.0,51.0,3.6,0.0,30,338.9,3.4,65.0,0.7,2.1,Mata Atlantica,TO,0,0,1
25.0,83.0,5.4,0.0,30,325.6,3.9,65.0,0.8,8.3,Amazonia,PA,0,0,0
31.2,43.0,7.4,0.0,30,343.4,20.4,65.0,0.8,9.1,Amazonia,PA,0,0,1
31.2,43.0,7.4,0.0,30,335.3,94.1,65.0,0.8,2.7,Amazonia,PA,0,0,1
31.2,43.0,7.4,0.0,30,356.7,19.3,65.0,0.8,7.0,Amazonia,PA,0,0,1
30.3,37.0,10.2,0.0,30,339.4,8.3,65.0,0.8,8.0,Amazonia,PA,0,0,1
29.5,51.0,8.2,0.0,30,355.5,11.8,65.0,0.8,8.0,Amazonia,PA,0,0,1
29.5,51.0,8.2,0.0,30,342.7,11.8,65.0,0.8,10.8,Amazonia,PA,0,0,1
31.2,38.0,8.8,0.0,30,339.1,6.1,65.0,0.8,6.7,Amazonia,PA,0,0,1
26.1,75.0,4.2,0.0,30,351.9,9.1,65.0,0.8,17.4,Amazonia,PA,0,0,0
31.2,38.0,8.8,0.0,30,338.5,5.8,65.0,0.8,12.4,Amazonia,PA,0,0,1
26.1,75.0,4.2,0.0,30,328.0,5.1,65.0,0.8,6.0,Amazonia,PA,0,0,1
26.1,75.0,4.2,0.0,30,354.8,9.1,65.0,0.8,10.5,Amazonia,PA,0,0,0
26.1,75.0,4.2,0.0,30,367.0,9.1,95.0,0.8,10.6,Amazonia,PA,0,0,0
26.1,75.0,4.2,0.0,30,367.0,8.4,95.0,0.8,16.1,Amazonia,PA,0,0,0
26.1,75.0,4.2,0.0,30,367.0,8.4,95.0,0.8,7.0,Amazonia,PA,0,0,0
23.8,80.0,3.0,0.0,30,335.7,4.3,65.0,0.8,13.8,Amazonia,PA,0,0,0
30.8,37.0,9.3,0.0,30,338.1,5.4,65.0,0.8,10.2,Amazonia,PA,0,0,1
30.8,37.0,9.3,0.0,30,336.8,6.2,65.0,0.8,17.5,Amazonia,PA,0,0,1
30.8,37.0,9.3,0.0,30,337.9,5.4,65.0,0.8,16.5,Amazonia,PA,0,0,1
31.1,39.0,8.3,0.0,30,338.9,8.1,65.0,0.3,11.0,Caatinga,MA,0,0,1
26.0,89.0,6.1,0.0,30,343.6,15.2,65.0,0.8,8.7,Amazonia,PA,0,0,0
26.0,89.0,6.1,0.0,30,340.1,7.9,65.0,0.8,12.5,Amazonia,PA,0,0,0
26.0,89.0,6.1,0.0,30,342.6,7.9,65.0,0.8,9.1,Amazonia,PA,0,0,0
30.0,38.0,6.9,0.0,30,337.9,3.9,65.0,0.7,18.4,Mata Atlantica,MA,0,0,1
28.5,45.0,9.4,0.0,30,341.6,7.6,65.0,0.8,10.4,Amazonia,PA,0,0,1
28.5,45.0,9.4,0.0,30,338.0,13.1,65.0,0.8,8.0,Amazonia,PA,0,0,1
28.5,45.0,9.4,0.0,30,337.4,10.8,65.0,0.8,7.7,Amazonia,PA,0,0,1
27.2,62.0,0.7,0.0,30,333.7,3.7,65.0,0.8,3.9,Amazonia,PA,0,0,1
26.5,84.0,1.5,0.0,30,333.4,8.1,65.0,0.8,12.8,Amazonia,PA,0,0,0
29.1,45.0,8.4,0.0,30,331.9,2.1,65.0,0.8,5.9,Amazonia,PA,0,0,1
30.2,44.0,4.1,0.0,30,341.3,8.2,65.0,0.7,15.5,Mata Atlantica,MA,0,0,1
30.5,42.0,6.9,0.0,30,349.0,8.2,65.0,0.7,3.5,Mata Atlantica,MA,0,0,1
30.2,44.0,4.1,0.0,30,347.2,22.6,65.0,0.7,10.6,Mata Atlantica,MA,0,0,1
30.5,42.0,6.9,0.0,30,342.0,22.6,65.0,0.7,15.8,Mata Atlantica,MA,0,0,1
30.2,44.0,4.1,0.0,30,348.3,33.1,65.0,0.7,0.0,Mata Atlantica,MA,0,0,1
30.2,44.0,4.1,0.0,30,340.4,22.6,65.0,0.7,20.1,Mata Atlantica,MA,0,0,1
30.8,39.0,9.0,0.0,30,342.4,11.3,65.0,0.3,7.9,Caatinga,MA,0,0,1
30.8,39.0,9.0,0.0,30,339.4,22.8,65.0,0.3,10.7,Caatinga,MA,0,0,1
31.0,42.0,5.6,0.0,30,345.3,11.7,65.0,0.3,12.9,Caatinga,MA,0,0,1
27.1,75.0,4.8,0.0,30,349.2,5.1,65.0,0.8,13.6,Amazonia,PA,0,0,1
27.1,75.0,4.8,0.0,30,333.2,5.1,65.0,0.8,11.4,Amazonia,PA,0,0,0
27.1,75.0,4.8,0.0,30,343.6,5.1,65.0,0.8,15.0,Amazonia,PA,0,0,0
27.8,46.0,8.2,0.0,30,330.6,2.2,65.0,0.7,12.6,Mata Atlantica,MA,0,0,1
27.8,46.0,8.2,0.0,30,350.4,41.2,65.0,0.7,18.8,Mata Atlantica,MA,0,0,1
25.6,84.0,1.8,0.0,30,344.3,19.7,65.0,0.8,12.6,Amazonia,PA,0,0,1
25.6,84.0,1.8,0.0,30,367.0,28.8,95.0,0.8,19.8,Amazonia,PA,0,0,0
29.1,44.0,5.6,0.0,30,333.8,2.5,65.0,0.3,14.5,Caatinga,MA,0,0,1
25.2,72.0,5.4,0.0,30,338.0,4.9,65.0,0.7,1.0,Mata Atlantica,MA,0,0,1
24.7,89.0,3.3,0.0,30,340.8,5.4,65.0,0.8,23.1,Amazonia,PA,0,0,0
26.7,71.0,12.0,0.0,30,351.6,18.7,65.0,0.7,7.1,Mata Atlantica,MA,0,0,0
27.5,66.0,4.6,0.0,30,342.4,9.6,65.0,0.7,17.5,Mata Atlantica,MA,0,0,0
26.7,71.0,12.0,0.0,30,341.9,18.7,65.0,0.7,10.1,Mata Atlantica,MA,0,0,0
27.5,66.0,4.6,0.0,30,343.2,7.6,65.0,0.7,15.3,Mata Atlantica,MA,0,0,0
26.7,71.0,12.0,0.0,30,355.8,18.7,65.0,0.7,6.6,Mata Atlantica,MA,0,0,0
26.7,71.0,12.0,0.0,30,356.2,14.7,65.0,0.7,13.1,Mata Atlantica,MA,0,0,1
25.6,80.0,11.4,0.0,30,353.4,22.0,65.0,0.7,8.7,Mata Atlantica,MA,0,0,1
25.6,80.0,11.4,0.0,30,354.4,22.0,65.0,0.7,17.9,Mata Atlantica,MA,0,0,0
25.6,80.0,11.4,0.0,30,343.3,5.4,65.0,0.7,12.2,Mata Atlantica,MA,0,0,0
26.6,75.0,8.0,0.0,30,333.7,2.1,65.0,0.7,14.7,Mata Atlantica,MA,0,0,0
25.6,80.0,11.4,0.0,30,355.5,22.0,65.0,0.7,0.0,Mata Atlantica,MA,0,0,1
25.6,80.0,11.4,0.0,30,367.0,22.0,95.0,0.7,9.6,Mata Atlantica,MA,0,0,1
27.0,74.0,8.4,0.0,30,346.6,5.4,65.0,0.7,12.1,Mata Atlantica,MA,0,0,0
26.0,76.0,11.5,0.0,30,340.7,10.4,65.0,0.8,11.1,Amazonia,PA,0,0,1
26.0,76.0,11.5,0.0,30,341.4,7.2,65.0,0.8,14.8,Amazonia,PA,0,0,0
26.0,76.0,11.5,0.0,30,346.4,10.3,65.0,0.8,8.2,Amazonia,PA,0,0,1
26.0,76.0,11.5,0.0,30,347.0,7.2,65.0,0.8,10.2,Amazonia,PA,0,0,1
25.0,84.0,5.5,0.0,30,334.3,3.6,65.0,0.7,15.9,Mata Atlantica,MA,0,0,0
26.1,84.0,7.3,0.0,30,340.5,3.6,65.0,0.7,0.0,Mata Atlantica,MA,0,0,0
26.1,84.0,7.3,0.0,30,345.1,6.6,65.0,0.7,12.9,Mata Atlantica,MA,0,0,0
26.1,84.0,7.3,0.0,30,338.6,3.6,65.0,0.7,8.3,Mata Atlantica,MA,0,0,0
25.5,76.0,5.9,0.0,30,347.3,6.3,65.0,0.3,5.4,Caatinga,MA,0,0,0
26.0,77.0,7.4,0.0,30,332.9,1.9,65.0,0.3,11.7,Caatinga,MA,0,0,0
26.2,81.0,12.8,0.0,30,334.4,4.4,65.0,0.7,16.1,Mata Atlantica,??,0,0,0
26.6,72.0,6.8,0.0,30,329.9,2.7,65.0,0.3,15.2,Caatinga,CE,0,0,1
26.6,72.0,6.8,0.0,30,331.1,4.1,65.0,0.3,9.3,Caatinga,CE,0,0,0
26.6,72.0,6.8,0.0,30,342.4,6.2,65.0,0.3,14.4,Caatinga,CE,0,0,0
26.6,72.0,6.8,0.0,30,341.2,4.1,65.0,0.3,14.3,Caatinga,CE,0,0,0
26.6,72.0,6.8,0.0,30,332.9,5.8,65.0,0.3,9.6,Caatinga,CE,0,0,0
25.4,90.0,11.3,0.0,30,337.8,6.7,65.0,0.8,6.5,Amazonia,PA,0,0,0
24.4,99.0,1.4,0.0,30,343.8,2.7,65.0,0.8,6.8,Amazonia,PA,0,0,0
25.5,92.0,1.1,0.0,30,344.8,7.5,65.0,0.7,14.2,Mata Atlantica,MA,0,0,0
25.5,92.0,1.1,0.0,30,338.8,8.5,65.0,0.7,9.8,Mata Atlantica,MA,0,0,0
24.6,95.0,4.1,0.0,30,339.5,8.7,65.0,0.7,4.8,Mata Atlantica,MA,0,0,0
26.6,77.0,5.4,0.0,30,338.0,5.9,65.0,0.5,1.6,Cerrado,MA,0,0,0
26.5,76.0,4.4,0.0,30,332.7,4.1,65.0,0.3,14.2,Caatinga,MA,0,0,0
26.5,76.0,4.4,0.0,30,345.5,18.0,65.0,0.3,7.3,Caatinga,MA,0,0,0
26.5,76.0,4.4,0.0,30,334.5,4.1,65.0,0.3,11.7,Caatinga,MA,0,0,1
26.5,76.0,4.4,0.0,30,335.7,18.0,65.0,0.3,16.2,Caatinga,MA,0,0,0
26.8,79.0,4.6,0.0,30,339.0,5.8,65.0,0.5,3.5,Cerrado,MA,0,0,0
26.8,79.0,4.6,0.0,30,348.2,5.8,65.0,0.5,9.8,Cerrado,MA,0,0,0
26.8,79.0,4.6,0.0,30,345.8,18.2,65.0,0.5,9.1,Cerrado,MA,0,0,0
26.8,79.0,4.6,0.0,30,351.2,18.2,65.0,0.5,11.9,Cerrado,MA,0,0,0
25.9,93.0,1.9,0.0,30,331.3,2.9,65.0,0.5,16.2,Cerrado,MA,0,0,0
26.0,79.0,5.6,0.0,30,333.9,6.0,65.0,0.3,3.4,Caatinga,MA,0,0,0
26.0,79.0,5.6,0.0,30,351.4,6.0,65.0,0.3,12.8,Caatinga,MA,0,0,0
26.2,80.0,8.4,0.0,30,329.3,5.6,65.0,0.3,15.2,Caatinga,CE,0,0,0
26.2,80.0,8.4,0.0,30,353.9,5.6,65.0,0.3,9.1,Caatinga,CE,0,0,0
26.2,80.0,8.4,0.0,30,334.9,4.4,65.0,0.3,9.3,Caatinga,CE,0,0,1
26.2,80.0,8.4,0.0,30,345.2,4.4,65.0,0.3,12.1,Caatinga,CE,0,0,0
26.1,83.0,7.0,0.0,30,345.2,20.6,65.0,0.8,11.7,Amazonia,PA,0,0,0
24.7,97.0,4.1,0.0,30,336.8,5.5,65.0,0.8,12.9,Amazonia,PA,0,0,0
24.7,97.0,4.1,0.0,30,332.6,4.0,65.0,0.8,12.8,Amazonia,PA,0,0,0
26.0,92.0,7.9,0.0,30,346.6,29.8,65.0,0.3,5.1,Caatinga,MA,0,0,0
26.0,92.0,7.9,0.0,30,332.5,29.8,65.0,0.3,15.0,Caatinga,MA,0,0,0
27.2,77.0,10.7,0.0,30,337.9,3.9,65.0,0.3,15.8,Caatinga,PI,0,0,1
27.2,77.0,10.7,0.0,30,348.0,9.3,65.0,0.3,10.9,Caatinga,PI,0,0,0
27.2,77.0,10.7,0.0,30,342.9,9.3,65.0,0.3,2.5,Caatinga,PI,0,0,0
26.2,85.0,10.7,0.0,30,344.6,8.3,65.0,0.3,9.4,Caatinga,CE,0,0,1
24.5,98.0,9.5,0.1,30,343.6,4.9,65.0,0.3,11.0,Caatinga,MA,0,0,0
25.8,90.0,8.6,0.1,30,331.8,3.9,65.0,0.5,4.3,Cerrado,MA,0,0,0
25.6,91.0,6.0,0.0,30,333.5,3.2,65.0,0.3,8.2,Caatinga,MA,0,0,0
25.6,91.0,6.0,0.0,30,343.7,24.4,65.0,0.3,3.0,Caatinga,MA,0,0,0
25.9,88.0,7.3,0.0,30,337.1,16.4,65.0,0.3,13.0,Caatinga,MA,0,0,0
26.9,88.0,6.5,0.0,30,340.6,5.9,65.0,0.8,10.8,Amazonia,PA,0,0,0
12.6,86.0,7.1,0.0,30,330.2,1.4,65.0,0.5,1.8,Desconhecido,??,0,0,0
14.1,87.0,10.7,0.0,30,346.9,9.1,65.0,0.45,11.8,Pampa,RS,0,0,0
14.1,87.0,10.7,0.0,30,337.4,9.1,65.0,0.45,9.7,Pampa,RS,0,0,0
14.1,87.0,10.7,0.0,30,350.2,9.1,65.0,0.45,12.6,Pampa,RS,0,0,0
15.7,85.0,10.9,0.0,30,331.8,3.9,65.0,0.5,8.0,Desconhecido,??,0,0,0
15.7,85.0,10.9,0.0,30,329.5,4.7,65.0,0.5,6.0,Desconhecido,??,0,0,0
15.4,71.0,4.2,0.0,30,339.2,7.8,65.0,0.5,6.1,Desconhecido,??,0,0,0
12.5,86.0,6.8,0.0,30,328.8,3.4,65.0,0.5,7.3,Desconhecido,??,0,0,0
12.9,85.0,8.7,0.0,30,329.2,1.9,65.0,0.5,10.1,Desconhecido,??,0,0,0
13.7,85.0,11.1,0.0,30,338.3,7.1,65.0,0.5,10.7,Desconhecido,??,0,0,0
13.7,85.0,11.1,0.0,30,335.5,7.1,65.0,0.5,9.0,Desconhecido,??,0,0,0
12.9,77.0,11.6,0.0,30,326.8,4.6,65.0,0.45,7.9,Pampa,RS,0,0,0
13.1,75.0,12.2,0.0,30,333.0,1.9,65.0,0.45,8.2,Pampa,RS,0,0,0
13.3,86.0,8.8,0.0,30,329.3,3.3,65.0,0.5,22.5,Desconhecido,??,0,0,0
13.3,86.0,8.8,0.0,30,334.4,2.4,65.0,0.5,6.1,Desconhecido,??,0,0,0
13.3,86.0,8.8,0.0,30,328.3,2.4,65.0,0.5,7.2,Desconhecido,??,0,0,0
14.0,84.0,11.1,0.0,30,333.1,4.6,65.0,0.5,26.5,Desconhecido,??,0,0,0
14.2,83.0,10.2,0.0,30,351.5,7.1,65.0,0.5,12.1,Desconhecido,??,0,0,0
14.2,83.0,10.2,0.0,30,326.1,7.1,65.0,0.5,3.1,Desconhecido,??,0,0,0
14.2,83.0,10.2,0.0,30,343.5,8.7,65.0,0.5,14.2,Desconhecido,??,0,0,0
14.9,79.0,12.1,0.0,30,338.4,8.1,65.0,0.5,5.4,Desconhecido,??,0,0,0
16.2,77.0,10.2,0.0,30,333.4,3.7,65.0,0.5,14.5,Desconhecido,??,0,0,0
14.6,87.0,8.9,0.0,30,327.5,2.8,65.0,0.5,8.9,Desconhecido,??,0,0,0
15.0,80.0,12.0,0.0,30,328.9,126.0,65.0,0.45,7.8,Pampa,RS,0,0,0
15.0,80.0,12.0,0.0,30,367.0,126.0,95.0,0.45,18.0,Pampa,RS,0,0,0
15.0,80.0,12.0,0.0,30,348.0,15.6,65.0,0.45,12.8,Pampa,RS,0,0,0
17.4,72.0,10.9,0.0,30,329.9,2.4,65.0,0.5,14.9,Desconhecido,??,0,0,0
14.6,86.0,10.7,0.0,30,333.8,1.8,65.0,0.5,12.2,Desconhecido,??,0,0,0
14.6,86.0,10.7,0.0,30,335.3,3.2,65.0,0.5,7.8,Desconhecido,??,0,0,0
14.6,86.0,10.7,0.0,30,347.0,6.7,65.0,0.5,13.1,Desconhecido,??,0,0,0
15.2,81.0,11.8,0.0,30,335.9,3.0,65.0,0.5,16.0,Desconhecido,??,0,0,0
18.6,72.0,4.7,0.0,30,338.7,4.2,65.0,0.5,10.7,Desconhecido,??,0,0,0
14.9,87.0,8.2,0.0,30,337.6,12.8,65.0,0.45,19.0,Pampa,RS,0,0,0
15.4,81.0,10.5,0.0,30,347.3,4.4,65.0,0.45,14.3,Pampa,RS,0,0,0
15.4,81.0,10.5,0.0,30,339.1,4.4,65.0,0.45,11.1,Pampa,RS,0,0,0
15.9,80.0,11.8,0.0,30,328.0,1.8,65.0,0.5,11.3,Desconhecido,??,0,0,0
15.5,80.0,14.5,0.0,30,333.6,3.0,65.0,0.45,10.7,Pampa,RS,0,0,0
15.8,88.0,10.0,0.0,30,344.9,9.0,65.0,0.5,3.7,Desconhecido,??,0,0,0
15.8,88.0,10.0,0.0,30,334.4,2.7,65.0,0.5,9.5,Desconhecido,??,0,0,0
15.8,88.0,10.0,0.0,30,347.6,10.2,65.0,0.5,11.1,Desconhecido,??,0,0,0
15.8,88.0,10.0,0.0,30,330.3,10.2,65.0,0.5,7.9,Desconhecido,??,0,0,0
15.8,88.0,10.0,0.0,30,337.5,9.4,65.0,0.5,11.7,Desconhecido,??,0,0,0
15.8,88.0,10.0,0.0,30,345.2,9.0,65.0,0.5,10.1,Desconhecido,??,0,0,0
15.8,88.0,10.9,0.0,30,332.7,2.6,65.0,0.5,13.9,Desconhecido,??,0,0,0
15.8,88.0,10.9,0.0,30,330.0,9.2,65.0,0.5,13.3,Desconhecido,??,0,0,0
15.8,88.0,10.9,0.0,30,347.2,9.2,65.0,0.5,10.8,Desconhecido,??,0,0,0
15.1,86.0,9.3,0.0,30,335.3,7.4,65.0,0.45,3.2,Pampa,RS,0,0,0
15.8,88.0,10.9,0.0,30,345.0,16.5,65.0,0.5,19.0,Desconhecido,??,0,0,0
15.8,88.0,10.9,0.0,30,330.4,4.2,65.0,0.5,9.3,Desconhecido,??,0,0,0
16.8,85.0,14.1,0.0,30,330.0,2.5,65.0,0.5,9.6,Desconhecido,??,0,0,0
15.4,86.0,11.1,0.0,30,334.5,3.7,65.0,0.45,8.3,Pampa,RS,0,0,0
17.0,81.0,12.7,0.0,30,331.8,2.3,65.0,0.5,7.6,Desconhecido,??,0,0,0
17.8,83.0,9.1,0.0,30,339.4,54.4,65.0,0.5,17.7,Desconhecido,??,0,0,0
20.9,72.0,10.8,0.0,30,329.8,2.3,65.0,0.5,16.9,Desconhecido,??,0,0,0
20.1,79.0,4.0,0.0,30,332.5,2.9,65.0,0.5,12.2,Desconhecido,??,0,0,0
21.1,71.0,10.1,0.0,30,331.7,2.7,65.0,0.5,9.5,Desconhecido,??,0,0,0
19.9,72.0,9.7,0.0,30,330.0,1.5,65.0,0.5,13.1,Desconhecido,??,0,0,0
20.0,72.0,9.8,0.0,30,329.8,1.4,65.0,0.5,10.4,Desconhecido,??,0,0,0
19.2,88.0,5.6,0.0,30,325.0,1.4,65.0,0.5,9.0,Desconhecido,??,0,0,0
19.4,88.0,3.7,0.0,30,328.9,2.0,65.0,0.5,11.7,Desconhecido,??,0,0,0
19.8,77.0,12.8,0.0,30,333.6,3.6,65.0,0.5,7.8,Desconhecido,??,0,0,0
18.2,86.0,12.0,0.0,30,331.7,3.7,65.0,0.5,11.3,Desconhecido,??,0,0,0
14.8,84.0,5.6,0.0,30,326.0,1.3,65.0,0.5,11.0,Desconhecido,SC,0,0,0
18.1,88.0,11.2,0.0,30,333.9,6.2,65.0,0.5,13.0,Desconhecido,??,0,0,0
19.4,86.0,10.2,0.0,30,344.8,5.4,65.0,0.5,6.9,Desconhecido,??,0,0,0
19.4,83.0,12.4,0.0,30,331.0,2.2,65.0,0.5,13.6,Desconhecido,??,0,0,0
20.2,77.0,9.6,0.0,30,340.1,4.8,65.0,0.5,5.5,Desconhecido,??,0,0,0
20.2,77.0,9.6,0.0,30,340.0,4.8,65.0,0.5,7.1,Desconhecido,??,0,0,0
19.5,85.0,9.2,0.0,30,334.8,3.1,65.0,0.5,7.4,Desconhecido,??,0,0,0
20.1,83.0,7.8,0.0,30,342.3,5.0,65.0,0.5,4.6,Desconhecido,??,0,0,0
20.2,84.0,7.4,0.0,30,346.8,7.4,65.0,0.5,15.1,Desconhecido,??,0,0,0
20.2,84.0,7.4,0.0,30,333.0,4.9,65.0,0.5,5.2,Desconhecido,??,0,0,0
19.8,83.0,8.5,0.0,30,325.0,3.5,65.0,0.5,6.5,Desconhecido,??,0,0,0
22.5,83.0,7.0,0.0,30,335.3,4.1,65.0,0.5,16.3,Desconhecido,??,0,0,0
22.5,83.0,6.6,0.0,30,334.9,4.1,65.0,0.5,7.1,Desconhecido,??,0,0,0
19.2,84.0,7.8,0.0,30,336.6,4.3,65.0,0.5,9.1,Desconhecido,??,0,0,0
20.2,78.0,9.6,0.0,30,341.3,5.8,65.0,0.5,4.9,Desconhecido,??,0,0,0
19.6,81.0,8.7,0.0,30,343.6,6.5,65.0,0.5,14.2,Desconhecido,??,0,0,0
20.8,79.0,11.0,0.0,30,333.2,3.7,65.0,0.5,14.2,Desconhecido,MS,0,0,0
21.3,83.0,8.1,0.0,30,341.6,12.3,65.0,0.5,13.7,Cerrado,MS,0,0,0
21.5,82.0,8.1,0.0,30,336.5,7.0,65.0,0.5,12.7,Cerrado,MS,0,0,0
20.5,78.0,11.8,0.0,30,346.2,19.6,65.0,0.5,10.4,Cerrado,MS,0,0,0
20.5,78.0,11.8,0.0,30,338.1,7.5,65.0,0.5,7.4,Cerrado,MS,0,0,0
20.5,78.0,11.8,0.0,30,341.1,13.2,65.0,0.5,5.9,Cerrado,MS,0,0,0
19.5,81.0,10.1,0.0,30,336.7,14.7,65.0,0.5,16.4,Cerrado,MS,0,0,0
19.5,81.0,10.1,0.0,30,339.7,14.7,65.0,0.5,13.8,Cerrado,MS,0,0,0
19.0,85.0,7.9,0.0,30,339.3,2.3,65.0,0.5,6.5,Cerrado,MS,0,0,0
15.6,84.0,4.0,0.0,30,351.5,37.4,65.0,0.5,10.2,Cerrado,MS,0,0,0
15.6,84.0,4.0,0.0,30,332.4,29.1,65.0,0.5,8.5,Cerrado,MS,0,0,0
15.6,84.0,4.0,0.0,30,357.0,10.4,65.0,0.5,4.4,Cerrado,MS,0,0,0
15.9,70.0,14.7,0.0,30,334.7,5.8,65.0,0.5,10.9,Cerrado,MG,0,0,1
19.9,73.0,9.2,0.0,30,343.7,10.5,65.0,0.5,7.9,Cerrado,MS,0,0,0
19.9,73.0,9.2,0.0,30,343.5,12.9,65.0,0.5,5.2,Cerrado,MS,0,0,0
16.9,13.0,16.0,0.0,30,334.8,0.1,65.0,0.5,2.6,Desconhecido,??,1,0,1
10.5,39.0,5.1,0.0,30,332.4,1.9,65.0,0.5,2.2,Desconhecido,??,0,0,0
19.2,54.0,10.9,0.0,30,340.8,1.1,65.0,0.5,8.1,Cerrado,MS,0,0,1
23.8,84.0,7.9,0.0,30,327.9,5.2,65.0,0.5,9.6,Desconhecido,??,0,0,0
23.8,84.0,7.9,0.0,30,344.2,5.2,65.0,0.5,5.6,Desconhecido,??,0,0,0
23.8,84.0,7.9,0.0,30,344.3,13.6,65.0,0.5,13.3,Desconhecido,??,0,0,0
23.8,84.0,7.9,0.0,30,350.5,12.0,65.0,0.5,9.7,Desconhecido,??,0,0,0
23.8,84.0,7.9,0.0,30,353.2,12.0,65.0,0.5,12.9,Desconhecido,??,0,0,0
23.8,84.0,7.9,0.0,30,367.0,12.0,95.0,0.5,9.1,Desconhecido,??,0,0,0
23.8,84.0,7.9,0.0,30,343.6,12.0,65.0,0.5,6.1,Desconhecido,??,0,0,0
23.5,70.0,7.3,0.0,30,341.9,10.2,65.0,0.5,10.6,Cerrado,??,0,0,1
23.5,70.0,7.3,0.0,30,340.3,11.6,65.0,0.5,3.7,Cerrado,??,0,0,0
23.5,70.0,7.3,0.0,30,351.0,10.2,65.0,0.5,12.7,Cerrado,??,0,0,1
23.5,70.0,7.3,0.0,30,348.4,11.6,65.0,0.5,5.3,Cerrado,??,0,0,0
23.5,84.0,7.2,0.0,30,339.0,7.0,65.0,0.5,14.6,Desconhecido,??,0,0,0
23.5,84.0,7.2,0.0,30,337.0,6.1,65.0,0.5,8.3,Desconhecido,??,0,0,1
19.3,61.0,14.3,0.0,30,349.3,5.0,65.0,0.5,15.3,Cerrado,MS,0,0,1
12.4,14.0,9.3,0.0,30,337.0,7.0,65.0,0.5,4.4,Desconhecido,??,1,0,1
13.0,14.0,9.3,0.0,30,339.1,4.9,65.0,0.5,6.6,Desconhecido,??,1,0,1
19.0,70.0,6.5,0.0,30,326.3,10.4,65.0,0.5,11.9,Cerrado,MS,0,0,1
23.6,75.0,9.5,0.0,30,332.6,5.3,65.0,0.5,15.9,Desconhecido,??,0,0,0
10.1,77.0,1.1,0.0,30,332.6,1.9,65.0,0.5,18.3,Desconhecido,??,0,0,0
21.8,84.0,10.8,0.0,30,339.3,3.8,65.0,0.5,10.2,Desconhecido,??,0,0,0
24.9,65.0,8.4,0.0,30,329.0,2.0,65.0,0.6,19.2,Pantanal,MS,0,0,1
19.4,67.0,7.5,0.0,30,351.3,12.2,65.0,0.5,8.6,Cerrado,MS,0,0,0
19.4,67.0,7.5,0.0,30,344.9,7.5,65.0,0.5,15.5,Cerrado,MS,0,0,0
19.4,67.0,7.5,0.0,30,330.7,7.5,65.0,0.5,5.3,Cerrado,MS,0,0,0
24.2,63.0,10.3,0.0,30,326.1,3.3,65.0,0.5,12.1,Cerrado,??,0,0,1
24.2,63.0,10.3,0.0,30,327.8,3.1,65.0,0.5,0.0,Cerrado,??,0,0,1
24.1,70.0,7.7,0.0,30,328.0,6.6,65.0,0.5,4.4,Desconhecido,??,0,0,1
24.1,70.0,7.7,0.0,30,354.6,6.6,65.0,0.5,12.3,Desconhecido,??,0,0,0
23.7,79.0,5.5,0.0,30,341.8,43.5,65.0,0.5,3.4,Desconhecido,??,0,0,1
23.7,79.0,5.5,0.0,30,340.1,43.5,65.0,0.5,12.1,Desconhecido,??,0,0,0
23.7,79.0,5.5,0.0,30,342.8,48.1,65.0,0.5,14.5,Desconhecido,??,0,0,0
23.7,79.0,5.5,0.0,30,348.1,48.1,65.0,0.5,7.5,Desconhecido,??,0,0,0
23.7,79.0,5.5,0.0,30,347.7,64.6,65.0,0.5,5.2,Desconhecido,??,0,0,0
23.7,79.0,5.5,0.0,30,351.7,64.6,65.0,0.5,7.6,Desconhecido,??,0,0,0
23.7,79.0,5.5,0.0,30,355.8,50.0,65.0,0.5,5.2,Desconhecido,??,0,0,0
24.2,77.0,5.1,0.0,30,349.9,8.1,65.0,0.5,9.5,Desconhecido,??,0,0,0
25.0,61.0,6.5,0.0,30,333.7,6.9,65.0,0.5,10.5,Cerrado,??,0,0,0
25.0,61.0,6.5,0.0,30,355.8,7.1,65.0,0.5,8.5,Cerrado,??,0,0,1
25.0,61.0,6.5,0.0,30,349.1,6.3,65.0,0.5,18.4,Cerrado,??,0,0,1
25.0,61.0,6.5,0.0,30,339.9,3.7,65.0,0.5,6.4,Cerrado,??,0,0,1
25.0,61.0,6.5,0.0,30,329.7,5.3,65.0,0.5,17.0,Cerrado,??,0,0,1
25.0,61.0,6.5,0.0,30,325.5,3.1,65.0,0.5,4.8,Cerrado,??,0,0,0
25.0,61.0,6.5,0.0,30,350.0,8.8,65.0,0.5,10.4,Cerrado,??,0,0,0
25.0,61.0,6.5,0.0,30,353.1,12.0,65.0,0.5,15.9,Cerrado,??,0,0,1
24.4,61.0,6.4,0.0,30,367.0,9.2,95.0,0.5,15.7,Cerrado,??,0,0,1
24.4,61.0,6.4,0.0,30,367.0,14.4,95.0,0.5,7.9,Cerrado,??,0,0,0
25.0,61.0,6.5,0.0,30,326.1,4.3,65.0,0.5,12.8,Cerrado,??,0,0,1
25.0,61.0,6.5,0.0,30,328.4,4.4,65.0,0.5,12.1,Cerrado,??,0,0,0
25.0,61.0,6.5,0.0,30,351.4,4.3,65.0,0.5,7.3,Cerrado,??,0,0,0
25.0,61.0,6.5,0.0,30,350.3,4.4,65.0,0.5,13.1,Cerrado,??,0,0,1
24.4,61.0,6.4,0.0,30,340.5,4.1,65.0,0.5,19.3,Cerrado,??,0,0,1
24.4,61.0,6.4,0.0,30,367.0,7.6,95.0,0.5,12.4,Cerrado,??,0,0,0
24.4,61.0,6.4,0.0,30,327.5,7.6,65.0,0.5,12.8,Cerrado,??,0,0,0
3.6,33.0,10.0,0.0,30,345.9,8.7,65.0,0.5,13.4,Desconhecido,??,0,0,0
19.8,94.0,8.8,0.0,30,326.8,3.7,65.0,0.5,2.7,Desconhecido,??,0,0,0
19.8,94.0,8.8,0.0,30,338.7,3.4,65.0,0.5,12.3,Desconhecido,??,0,0,0
23.8,79.0,5.6,0.0,30,352.8,6.9,65.0,0.5,4.9,Desconhecido,??,0,0,0
23.8,79.0,5.6,0.0,30,335.3,6.9,65.0,0.5,7.1,Desconhecido,??,0,0,0
23.8,79.0,5.6,0.0,30,349.2,8.3,65.0,0.5,20.8,Desconhecido,??,0,0,0
24.9,74.0,4.7,0.0,30,337.6,5.7,65.0,0.5,8.7,Desconhecido,??,0,0,0
23.5,84.0,6.9,0.0,30,333.5,2.8,65.0,0.5,6.3,Desconhecido,??,0,0,0
6.6,95.0,9.3,0.0,30,337.3,2.4,65.0,0.5,15.8,Desconhecido,??,0,0,0
21.8,95.0,8.3,0.0,30,335.0,3.2,65.0,0.5,5.3,Desconhecido,??,0,0,0
25.3,72.0,4.2,0.0,30,338.6,4.7,65.0,0.5,7.8,Desconhecido,??,0,0,0
23.9,81.0,5.6,0.0,30,328.5,2.4,65.0,0.5,16.2,Desconhecido,??,0,0,0
22.7,94.0,6.0,0.2,30,329.4,5.3,65.0,0.5,10.2,Desconhecido,??,0,0,0
22.7,94.0,6.0,0.2,30,330.8,5.0,65.0,0.5,2.2,Desconhecido,??,0,0,0
23.6,88.0,4.1,0.0,30,332.3,7.5,65.0,0.5,12.7,Desconhecido,??,0,0,0
24.1,86.0,3.6,0.0,30,333.1,1.6,65.0,0.5,8.0,Desconhecido,??,0,0,0
24.1,86.0,3.6,0.0,30,332.7,1.8,65.0,0.5,17.7,Desconhecido,??,0,0,0
24.3,89.0,1.2,0.0,30,338.2,5.4,65.0,0.5,7.0,Desconhecido,??,0,0,0
23.6,97.0,1.9,0.0,30,338.7,3.5,65.0,0.5,15.3,Desconhecido,??,0,0,0
24.5,86.0,1.3,0.0,30,336.2,2.4,65.0,0.5,18.9,Desconhecido,??,0,0,0
24.5,86.0,1.3,0.0,30,336.2,4.3,65.0,0.5,5.7,Desconhecido,??,0,0,0
18.9,82.0,7.6,0.0,30,342.4,6.1,65.0,0.5,9.0,Desconhecido,??,0,0,0
24.0,86.0,0.6,0.0,30,330.5,1.9,65.0,0.5,11.9,Desconhecido,??,0,0,0
24.6,85.0,4.4,0.0,30,332.7,3.2,65.0,0.5,5.7,Desconhecido,??,0,0,0
23.2,95.0,1.7,0.0,30,333.6,2.6,65.0,0.5,11.4,Desconhecido,??,0,0,0
23.2,95.0,1.7,0.0,30,335.1,2.6,65.0,0.5,8.9,Desconhecido,??,0,0,0
23.2,95.0,1.7,0.0,30,330.3,2.7,65.0,0.5,8.8,Desconhecido,??,0,0,0
27.5,73.0,4.8,0.0,30,345.5,12.3,65.0,0.5,10.2,Desconhecido,RO,0,0,0
27.5,73.0,4.8,0.0,30,340.5,15.6,65.0,0.5,10.4,Desconhecido,RO,0,0,0
27.5,73.0,4.8,0.0,30,347.3,13.6,65.0,0.5,10.8,Desconhecido,RO,0,0,0
27.5,73.0,4.8,0.0,30,345.9,15.6,65.0,0.5,7.0,Desconhecido,RO,0,0,0
27.5,73.0,4.8,0.0,30,347.4,13.6,65.0,0.5,7.2,Desconhecido,RO,0,0,0
27.5,73.0,4.8,0.0,30,344.8,15.6,65.0,0.5,9.4,Desconhecido,RO,0,0,0
27.3,77.0,4.4,0.0,30,333.1,3.8,65.0,0.5,9.8,Desconhecido,RO,0,0,0
27.1,75.0,8.6,0.0,30,330.4,12.3,65.0,0.5,7.8,Desconhecido,RO,0,0,1
27.1,75.0,8.6,0.0,30,342.7,12.3,65.0,0.5,11.6,Desconhecido,RO,0,0,0
24.0,63.0,6.8,0.0,30,367.0,13.0,95.0,0.5,0.9,Cerrado,MT,0,0,1
24.0,63.0,6.8,0.0,30,347.6,13.0,65.0,0.5,6.3,Cerrado,MT,0,0,1
24.1,62.0,6.9,0.0,30,342.9,13.0,65.0,0.5,8.6,Cerrado,MT,0,0,0
23.4,72.0,6.8,0.0,30,345.2,8.9,65.0,0.5,5.7,Cerrado,MT,0,0,0
25.5,96.0,3.7,0.0,30,325.5,3.2,65.0,0.5,18.1,Desconhecido,??,0,0,0
25.5,96.0,3.7,0.0,30,335.3,3.2,65.0,0.5,10.1,Desconhecido,??,0,0,0
24.9,70.0,6.0,0.0,30,339.8,59.6,65.0,0.5,10.9,Cerrado,MT,0,0,0
24.9,70.0,6.0,0.0,30,341.2,38.8,65.0,0.5,7.6,Cerrado,MT,0,0,1
24.9,70.0,6.0,0.0,30,340.3,43.9,65.0,0.5,9.9,Cerrado,MT,0,0,1
24.9,70.0,6.0,0.0,30,352.9,43.9,65.0,0.5,3.9,Cerrado,MT,0,0,1
25.9,84.0,7.1,0.0,30,333.1,6.9,65.0,0.5,9.2,Desconhecido,RO,0,0,0
27.2,76.0,4.7,0.0,30,330.0,3.3,65.0,0.5,5.3,Desconhecido,RO,0,0,0
27.2,76.0,4.7,0.0,30,333.3,3.3,65.0,0.5,8.6,Desconhecido,RO,0,0,0
26.5,83.0,4.5,0.0,30,340.7,14.8,65.0,0.5,0.0,Desconhecido,RO,0,0,0
27.2,76.0,4.7,0.0,30,344.7,5.9,65.0,0.5,4.4,Desconhecido,RO,0,0,1
27.2,76.0,4.7,0.0,30,349.2,5.9,65.0,0.5,17.3,Desconhecido,RO,0,0,0
23.8,75.0,5.2,0.0,30,348.8,13.6,65.0,0.5,14.2,Cerrado,MT,0,0,0
23.8,75.0,5.2,0.0,30,329.3,6.9,65.0,0.5,16.6,Cerrado,MT,0,0,0
23.8,75.0,5.2,0.0,30,330.0,5.7,65.0,0.5,16.9,Cerrado,MT,0,0,0
23.8,75.0,5.2,0.0,30,336.7,7.5,65.0,0.5,13.4,Cerrado,MT,0,0,0
23.9,75.0,6.4,0.0,30,337.0,7.1,65.0,0.5,7.7,Cerrado,MT,0,0,0
23.9,75.0,6.4,0.0,30,357.0,16.9,65.0,0.5,4.8,Cerrado,MT,0,0,1
23.9,75.0,6.4,0.0,30,367.0,15.7,95.0,0.5,15.7,Cerrado,MT,0,0,0
23.9,75.0,6.4,0.0,30,352.3,15.7,65.0,0.5,10.3,Cerrado,MT,0,0,1
23.9,75.0,6.4,0.0,30,338.3,8.8,65.0,0.5,22.5,Cerrado,MT,0,0,0
23.9,75.0,6.4,0.0,30,343.7,11.3,65.0,0.5,8.2,Cerrado,MT,0,0,1
23.9,75.0,6.4,0.0,30,367.0,16.9,95.0,0.5,19.9,Cerrado,MT,0,0,1
23.9,75.0,6.4,0.0,30,367.0,15.7,95.0,0.5,9.2,Cerrado,MT,0,0,0
23.9,75.0,6.4,0.0,30,336.7,4.4,65.0,0.5,16.7,Cerrado,MT,0,0,0
24.7,95.0,4.8,0.0,30,332.1,3.0,65.0,0.5,18.5,Desconhecido,??,0,0,0
27.4,61.0,1.8,0.0,30,326.5,3.5,65.0,0.5,4.9,Cerrado,MT,0,0,0
27.4,61.0,1.8,0.0,30,326.3,5.2,65.0,0.5,7.6,Cerrado,MT,0,0,0
26.6,66.0,2.5,0.0,30,339.9,9.6,65.0,0.5,4.8,Cerrado,MT,0,0,0
26.6,66.0,2.5,0.0,30,338.5,15.0,65.0,0.5,3.9,Cerrado,MT,0,0,0
26.6,66.0,2.5,0.0,30,345.2,14.5,65.0,0.5,13.3,Cerrado,MT,0,0,1
27.2,79.0,4.7,0.0,30,342.0,10.8,65.0,0.5,9.0,Desconhecido,RO,0,0,0
27.2,79.0,4.7,0.0,30,343.2,10.8,65.0,0.5,10.3,Desconhecido,RO,0,0,0
26.6,66.0,2.5,0.0,30,348.7,14.5,65.0,0.5,12.8,Cerrado,MT,0,0,0
24.3,76.0,6.7,0.0,30,355.0,16.9,65.0,0.5,0.7,Cerrado,MT,0,0,0
25.2,85.0,2.6,0.0,30,338.3,5.5,65.0,0.5,16.4,Desconhecido,??,0,0,0
25.1,85.0,2.6,0.0,30,332.9,2.9,65.0,0.5,8.3,Desconhecido,??,0,0,0
24.2,70.0,8.0,0.0,30,338.2,8.6,65.0,0.5,12.7,Cerrado,MT,0,0,0
27.6,73.0,5.7,0.0,30,329.6,1.7,65.0,0.5,13.1,Desconhecido,RO,0,0,0
25.0,75.0,4.5,0.0,30,333.6,3.2,65.0,0.5,16.9,Cerrado,MT,0,0,0
24.1,79.0,7.0,0.0,30,336.2,3.8,65.0,0.5,9.5,Cerrado,MT,0,0,0
24.1,79.0,7.0,0.0,30,343.4,3.8,65.0,0.5,0.0,Cerrado,MT,0,0,0
24.1,79.0,7.0,0.0,30,328.7,7.1,65.0,0.5,10.3,Cerrado,MT,0,0,0
24.1,79.0,7.0,0.0,30,329.4,4.0,65.0,0.5,11.0,Cerrado,MT,0,0,0
27.4,79.0,4.3,0.0,30,341.6,4.4,65.0,0.5,4.8,Desconhecido,RO,0,0,0
27.4,79.0,4.3,0.0,30,338.3,5.0,65.0,0.5,10.7,Desconhecido,RO,0,0,0
27.4,79.0,4.3,0.0,30,347.9,6.5,65.0,0.5,8.2,Desconhecido,RO,0,0,0
25.0,79.0,4.9,0.0,30,367.0,15.9,95.0,0.5,3.3,Cerrado,MT,0,0,0
25.0,79.0,4.9,0.0,30,354.6,11.9,65.0,0.5,13.4,Cerrado,MT,0,0,0
25.0,79.0,4.9,0.0,30,354.9,11.9,65.0,0.5,7.2,Cerrado,MT,0,0,0
25.0,79.0,4.9,0.0,30,367.0,15.9,95.0,0.5,8.0,Cerrado,MT,0,0,0
25.0,79.0,4.9,0.0,30,355.9,13.3,65.0,0.5,7.7,Cerrado,MT,0,0,0
24.9,69.0,7.1,0.0,30,346.7,7.6,65.0,0.5,16.2,Cerrado,MT,0,0,1
24.9,69.0,7.1,0.0,30,339.6,7.4,65.0,0.5,9.8,Cerrado,MT,0,0,1
24.9,69.0,7.1,0.0,30,367.0,16.5,95.0,0.5,10.4,Cerrado,MT,0,0,1
24.5,68.0,11.2,0.0,30,355.4,16.7,65.0,0.5,7.8,Cerrado,MT,0,0,0
24.5,68.0,11.2,0.0,30,367.0,19.5,95.0,0.5,12.3,Cerrado,MT,0,0,1
24.5,68.0,11.2,0.0,30,332.0,8.5,65.0,0.5,16.7,Cerrado,MT,0,0,0
24.5,68.0,11.2,0.0,30,328.9,13.2,65.0,0.5,13.2,Cerrado,MT,0,0,1
24.8,69.0,5.6,0.0,30,367.0,14.7,95.0,0.5,13.4,Cerrado,MT,0,0,0
26.2,80.0,7.0,0.0,30,328.7,0.6,65.0,0.5,13.0,Desconhecido,RO,0,0,0
24.8,69.0,5.6,0.0,30,367.0,25.9,95.0,0.5,3.1,Cerrado,MT,0,0,1
25.5,66.0,6.9,0.0,30,332.8,6.0,65.0,0.5,5.6,Cerrado,MT,0,0,0
25.5,66.0,6.9,0.0,30,367.0,6.0,95.0,0.5,9.0,Cerrado,MT,0,0,0
25.5,66.0,6.9,0.0,30,349.6,9.2,65.0,0.5,6.4,Cerrado,MT,0,0,0
24.2,71.0,7.9,0.0,30,329.4,4.0,65.0,0.5,4.7,Cerrado,MT,0,0,1
25.2,61.0,9.7,0.0,30,339.7,8.4,65.0,0.5,0.6,Cerrado,MT,0,0,0
25.2,61.0,9.7,0.0,30,346.8,8.4,65.0,0.5,3.3,Cerrado,MT,0,0,1
25.2,61.0,9.7,0.0,30,349.6,8.4,65.0,0.5,8.7,Cerrado,MT,0,0,1
25.2,61.0,9.7,0.0,30,367.0,14.0,95.0,0.5,9.7,Cerrado,MT,0,0,1
25.2,61.0,9.7,0.0,30,332.2,14.0,65.0,0.5,6.0,Cerrado,MT,0,0,1
25.1,70.0,5.9,0.0,30,329.7,1.9,65.0,0.5,10.4,Cerrado,MT,0,0,0
24.8,71.0,7.8,0.0,30,367.0,27.3,95.0,0.5,7.8,Cerrado,MT,0,0,1
24.8,71.0,7.8,0.0,30,367.0,15.7,95.0,0.5,15.5,Cerrado,MT,0,0,0
24.8,71.0,7.8,0.0,30,339.7,9.0,65.0,0.5,9.2,Cerrado,MT,0,0,0
24.8,71.0,7.8,0.0,30,339.9,15.7,65.0,0.5,13.5,Cerrado,MT,0,0,0
24.8,71.0,7.8,0.0,30,335.9,9.0,65.0,0.5,11.0,Cerrado,MT,0,0,1
24.5,84.0,8.8,0.0,30,327.9,6.0,65.0,0.5,3.0,Cerrado,MT,0,0,1
26.9,67.0,4.3,0.0,30,330.1,3.2,65.0,0.5,9.5,Desconhecido,MT,0,0,0
25.4,66.0,9.2,0.0,30,336.2,7.5,65.0,0.5,3.8,Cerrado,MT,0,0,0
25.4,66.0,9.2,0.0,30,345.3,13.3,65.0,0.5,9.5,Cerrado,MT,0,0,1
24.6,77.0,7.8,0.0,30,331.1,10.6,65.0,0.5,6.3,Cerrado,MT,0,0,0
25.1,76.0,5.2,0.0,30,367.0,13.3,95.0,0.5,11.9,Cerrado,MT,0,0,1
25.1,76.0,5.2,0.0,30,367.0,13.3,95.0,0.5,3.3,Cerrado,MT,0,0,0
25.0,72.0,7.1,0.0,30,341.1,14.7,65.0,0.5,10.1,Cerrado,MT,0,0,0
26.5,62.0,9.7,0.0,30,328.6,4.6,65.0,0.5,12.9,Cerrado,MT,0,0,0
26.5,62.0,9.7,0.0,30,331.5,2.2,65.0,0.5,14.5,Cerrado,MT,0,0,1
24.4,70.0,9.4,0.0,30,333.8,10.2,65.0,0.5,6.2,Cerrado,MT,0,0,1
24.9,76.0,8.9,0.0,30,338.4,8.2,65.0,0.5,10.1,Cerrado,MT,0,0,0
24.9,76.0,8.9,0.0,30,342.6,8.5,65.0,0.5,10.9,Cerrado,MT,0,0,1
26.5,74.0,2.7,0.0,30,341.1,3.0,65.0,0.8,17.7,Amazonia,AM,0,0,0
27.0,76.0,5.9,0.0,30,335.8,7.1,65.0,0.5,2.6,Desconhecido,RO,0,0,0
27.0,76.0,5.9,0.0,30,342.5,8.9,65.0,0.5,5.4,Desconhecido,RO,0,0,0
27.0,76.0,5.9,0.0,30,348.0,20.0,65.0,0.5,24.0,Desconhecido,RO,0,0,1
27.0,76.0,5.9,0.0,30,352.1,20.0,65.0,0.5,8.6,Desconhecido,RO,0,0,0
27.0,76.0,5.9,0.0,30,335.4,4.0,65.0,0.5,0.5,Desconhecido,RO,0,0,0
25.5,91.0,4.6,0.0,30,332.3,2.2,65.0,0.5,7.1,Desconhecido,AC,0,0,0
26.1,89.0,6.6,0.0,30,330.9,4.6,65.0,0.5,0.0,Desconhecido,AC,0,0,0
25.7,93.0,4.8,0.0,30,333.0,3.6,65.0,0.5,11.2,Desconhecido,AC,0,0,0
27.9,73.0,4.7,0.0,30,334.2,2.9,65.0,0.5,14.0,Desconhecido,AC,0,0,0
27.9,65.0,6.6,0.0,30,334.9,5.0,65.0,0.8,5.4,Amazonia,AM,0,0,1
27.0,82.0,7.2,0.0,30,337.3,4.5,65.0,0.8,7.6,Amazonia,AM,0,0,0
26.1,92.0,4.2,0.0,30,341.3,3.8,65.0,0.8,14.6,Amazonia,AM,0,0,0
26.1,92.0,4.2,0.0,30,325.4,25.1,65.0,0.8,1.2,Amazonia,AM,0,0,0
26.1,92.0,4.2,0.0,30,345.4,22.4,65.0,0.8,3.4,Amazonia,AM,0,0,0
27.9,76.0,3.1,0.0,30,341.4,5.4,65.0,0.8,8.9,Amazonia,AM,0,0,0
27.0,92.0,2.9,0.0,30,335.2,3.6,65.0,0.8,6.2,Amazonia,AM,0,0,0
27.0,92.0,2.9,0.0,30,352.2,12.1,65.0,0.8,8.5,Amazonia,AM,0,0,0
27.5,87.0,3.5,0.0,30,343.4,13.5,65.0,0.8,3.7,Amazonia,AM,0,0,0
28.0,72.0,5.4,0.0,30,332.1,4.1,65.0,0.8,11.1,Amazonia,AM,0,0,1
26.6,82.0,4.9,0.1,30,325.2,2.3,65.0,0.8,9.3,Amazonia,AM,0,0,0
28.1,70.0,7.9,0.0,30,329.6,7.4,65.0,0.8,12.7,Amazonia,AM,0,0,1
28.1,70.0,7.9,0.0,30,331.2,5.1,65.0,0.8,11.0,Amazonia,AM,0,0,1
28.1,70.0,7.9,0.0,30,347.4,7.4,65.0,0.8,11.0,Amazonia,AM,0,0,0
28.1,70.0,7.9,0.0,30,352.0,12.0,65.0,0.8,2.8,Amazonia,AM,0,0,0
28.1,70.0,7.9,0.0,30,333.9,9.4,65.0,0.8,12.5,Amazonia,AM,0,0,1
28.1,70.0,7.9,0.0,30,337.3,3.5,65.0,0.8,8.3,Amazonia,AM,0,0,0
28.1,70.0,7.9,0.0,30,329.4,3.5,65.0,0.8,9.2,Amazonia,AM,0,0,1
28.1,71.0,7.3,0.0,30,352.5,26.4,65.0,0.8,15.2,Amazonia,AM,0,0,1
28.1,70.0,7.9,0.0,30,342.8,6.9,65.0,0.8,6.4,Amazonia,AM,0,0,0
28.1,70.0,7.9,0.0,30,341.8,6.5,65.0,0.8,16.8,Amazonia,AM,0,0,1
28.1,70.0,7.9,0.0,30,336.1,6.5,65.0,0.8,17.2,Amazonia,AM,0,0,0
28.1,70.0,7.9,0.0,30,333.0,4.5,65.0,0.8,13.8,Amazonia,AM,0,0,0
28.1,70.0,7.9,0.0,30,330.5,6.5,65.0,0.8,5.1,Amazonia,AM,0,0,0
27.3,75.0,5.9,0.0,30,329.1,4.8,65.0,0.8,0.0,Amazonia,AM,0,0,1
27.3,75.0,5.9,0.0,30,332.3,4.6,65.0,0.8,15.4,Amazonia,AM,0,0,0
30.0,59.0,9.2,0.0,30,343.8,13.0,65.0,0.8,10.6,Amazonia,AM,0,0,0
28.5,70.0,6.1,0.0,30,329.8,7.0,65.0,0.8,6.3,Amazonia,AM,0,0,0
30.0,59.0,9.2,0.0,30,338.9,4.4,65.0,0.8,15.9,Amazonia,AM,0,0,1
25.4,69.0,7.6,0.0,30,355.0,7.0,65.0,0.8,5.7,Amazonia,AM,0,0,0
25.4,69.0,7.6,0.0,30,348.7,8.5,65.0,0.8,7.9,Amazonia,AM,0,0,0
25.4,69.0,7.6,0.0,30,355.9,8.5,65.0,0.8,12.6,Amazonia,AM,0,0,0
25.4,69.0,7.6,0.0,30,340.9,9.1,65.0,0.8,4.4,Amazonia,AM,0,0,0
25.4,69.0,7.6,0.0,30,340.7,7.2,65.0,0.8,9.5,Amazonia,AM,0,0,0
25.4,69.0,7.6,0.0,30,331.8,3.3,65.0,0.8,15.4,Amazonia,AM,0,0,0
25.4,69.0,7.6,0.0,30,343.7,8.1,65.0,0.8,11.1,Amazonia,AM,0,0,0
25.4,69.0,7.6,0.0,30,340.5,5.9,65.0,0.8,16.2,Amazonia,AM,0,0,0
25.4,69.0,7.6,0.0,30,340.6,5.9,65.0,0.8,15.7,Amazonia,AM,0,0,1
25.4,69.0,7.6,0.0,30,338.9,5.9,65.0,0.8,10.0,Amazonia,AM,0,0,0
25.4,69.0,7.6,0.0,30,341.4,5.5,65.0,0.8,0.0,Amazonia,AM,0,0,0
25.4,69.0,7.6,0.0,30,338.7,3.8,65.0,0.8,4.5,Amazonia,AM,0,0,0
25.4,69.0,7.6,0.0,30,332.3,4.2,65.0,0.8,13.8,Amazonia,AM,0,0,1
25.4,69.0,7.6,0.0,30,338.6,4.2,65.0,0.8,2.2,Amazonia,AM,0,0,0
25.4,69.0,7.6,0.0,30,341.6,8.2,65.0,0.8,8.4,Amazonia,AM,0,0,1
25.4,69.0,7.6,0.0,30,336.3,2.5,65.0,0.8,11.7,Amazonia,AM,0,0,0
25.4,69.0,7.6,0.0,30,334.8,2.6,65.0,0.8,17.3,Amazonia,AM,0,0,0
25.4,69.0,7.6,0.0,30,332.8,3.7,65.0,0.8,7.1,Amazonia,AM,0,0,0
25.4,69.0,7.6,0.0,30,341.9,7.9,65.0,0.8,6.8,Amazonia,AM,0,0,0
25.4,69.0,7.6,0.0,30,355.2,7.9,65.0,0.8,9.7,Amazonia,AM,0,0,0
25.4,69.0,7.6,0.0,30,333.5,3.7,65.0,0.8,11.8,Amazonia,AM,0,0,1
25.4,69.0,7.6,0.0,30,341.0,40.8,65.0,0.8,9.2,Amazonia,AM,0,0,0
25.4,69.0,7.6,0.0,30,350.8,40.8,65.0,0.8,15.2,Amazonia,AM,0,0,1
25.4,69.0,7.6,0.0,30,333.4,6.0,65.0,0.8,6.0,Amazonia,AM,0,0,0
25.4,69.0,7.6,0.0,30,346.6,12.4,65.0,0.8,10.6,Amazonia,AM,0,0,0
25.4,69.0,7.6,0.0,30,342.6,16.6,65.0,0.8,12.2,Amazonia,AM,0,0,0
25.4,69.0,7.6,0.0,30,347.1,10.5,65.0,0.8,8.0,Amazonia,AM,0,0,0
25.4,69.0,7.6,0.0,30,334.3,4.6,65.0,0.8,14.2,Amazonia,AM,0,0,0
25.4,69.0,7.6,0.0,30,339.9,3.4,65.0,0.8,10.7,Amazonia,AM,0,0,0
25.4,69.0,7.6,0.0,30,330.4,5.4,65.0,0.8,13.9,Amazonia,AM,0,0,0
25.4,69.0,7.6,0.0,30,336.2,3.3,65.0,0.8,11.0,Amazonia,AM,0,0,0
25.4,69.0,7.6,0.0,30,331.6,4.4,65.0,0.8,11.9,Amazonia,AM,0,0,1
25.4,69.0,7.6,0.0,30,332.8,7.7,65.0,0.8,6.8,Amazonia,AM,0,0,0
25.4,69.0,7.6,0.0,30,333.3,5.9,65.0,0.8,6.8,Amazonia,AM,0,0,0
25.4,69.0,7.6,0.0,30,330.0,2.5,65.0,0.8,16.1,Amazonia,AM,0,0,1
25.4,69.0,7.6,0.0,30,343.1,6.2,65.0,0.8,13.2,Amazonia,AM,0,0,0
25.4,69.0,7.6,0.0,30,342.8,5.5,65.0,0.8,4.9,Amazonia,AM,0,0,1
25.4,69.0,7.6,0.0,30,337.7,4.4,65.0,0.8,10.9,Amazonia,AM,0,0,0
25.4,69.0,7.6,0.0,30,342.5,7.8,65.0,0.8,0.0,Amazonia,AM,0,0,1
25.4,69.0,7.6,0.0,30,336.8,6.6,65.0,0.8,7.1,Amazonia,AM,0,0,1
25.4,69.0,7.6,0.0,30,341.9,7.0,65.0,0.8,14.8,Amazonia,AM,0,0,0
25.4,69.0,7.6,0.0,30,327.2,2.2,65.0,0.8,9.4,Amazonia,AM,0,0,1
25.4,69.0,7.6,0.0,30,328.5,3.2,65.0,0.8,10.6,Amazonia,AM,0,0,0
25.4,69.0,7.6,0.0,30,333.1,7.1,65.0,0.8,0.0,Amazonia,AM,0,0,0
25.4,69.0,7.6,0.0,30,330.2,2.7,65.0,0.8,8.0,Amazonia,AM,0,0,1
25.4,69.0,7.6,0.0,30,367.0,7.9,95.0,0.8,11.7,Amazonia,AM,0,0,1
25.4,69.0,7.6,0.0,30,348.1,8.7,65.0,0.8,12.3,Amazonia,AM,0,0,0
25.4,69.0,7.6,0.0,30,327.5,1.3,65.0,0.8,14.8,Amazonia,AM,0,0,0
25.4,69.0,7.6,0.0,30,335.8,3.7,65.0,0.8,8.9,Amazonia,AM,0,0,1
25.4,69.0,7.6,0.0,30,332.7,3.0,65.0,0.8,9.2,Amazonia,AM,0,0,0
25.4,69.0,7.6,0.0,30,350.3,18.5,65.0,0.8,3.3,Amazonia,PA,0,0,1
25.4,69.0,7.6,0.0,30,325.1,3.5,65.0,0.8,9.0,Amazonia,PA,0,0,1
25.4,69.0,7.6,0.0,30,348.6,5.7,65.0,0.8,3.7,Amazonia,??,0,0,0
25.4,69.0,7.6,0.0,30,348.4,5.7,65.0,0.8,0.8,Amazonia,??,0,0,1
25.4,69.0,7.6,0.0,30,339.4,4.1,65.0,0.8,4.6,Amazonia,??,0,0,0
25.4,69.0,7.6,0.0,30,342.9,4.6,65.0,0.8,17.5,Amazonia,??,0,0,0
25.4,69.0,7.6,0.0,30,348.3,7.5,65.0,0.5,8.6,Desconhecido,??,0,0,0
25.4,69.0,7.6,0.0,30,349.6,10.3,65.0,0.5,11.1,Desconhecido,??,0,0,0
25.4,69.0,7.6,0.0,30,341.8,8.8,65.0,0.5,7.4,Desconhecido,??,0,0,1
25.4,69.0,7.6,0.0,30,335.7,9.9,65.0,0.5,1.0,Desconhecido,??,0,0,1
25.4,69.0,7.6,0.0,30,334.5,2.6,65.0,0.5,14.7,Desconhecido,??,0,0,1
25.4,69.0,7.6,0.0,30,328.9,3.1,65.0,0.5,0.0,Desconhecido,??,0,0,0
